"country_label","domain","year","estimate","se","table","value_cell","se_cell","source_sha256","source_url"
"OECD average","science",2025,481.90834,0.43835,"I.B1.2a.1","B10","C10","14e958538fc68dc4bf25b47ad11c4f3f90035873aa96616925e5cea0af242fb8","https://stat.link/mrq53f"
"OECD total","science",2025,484.46056,1.58293,"I.B1.2a.1","B13","C13","14e958538fc68dc4bf25b47ad11c4f3f90035873aa96616925e5cea0af242fb8","https://stat.link/mrq53f"
"Albania*","science",2025,434.6271,2.71012,"I.B1.2a.1","B14","C14","14e958538fc68dc4bf25b47ad11c4f3f90035873aa96616925e5cea0af242fb8","https://stat.link/mrq53f"
"Argentina","science",2025,392.93391,2.9888,"I.B1.2a.1","B15","C15","14e958538fc68dc4bf25b47ad11c4f3f90035873aa96616925e5cea0af242fb8","https://stat.link/mrq53f"
"Armenia","science",2025,368.63314,1.77633,"I.B1.2a.1","B16","C16","14e958538fc68dc4bf25b47ad11c4f3f90035873aa96616925e5cea0af242fb8","https://stat.link/mrq53f"
"Australia","science",2025,509.10633,1.88528,"I.B1.2a.1","B17","C17","14e958538fc68dc4bf25b47ad11c4f3f90035873aa96616925e5cea0af242fb8","https://stat.link/mrq53f"
"Austria","science",2025,496.91267,2.72424,"I.B1.2a.1","B18","C18","14e958538fc68dc4bf25b47ad11c4f3f90035873aa96616925e5cea0af242fb8","https://stat.link/mrq53f"
"Azerbaijan","science",2025,408.56354,3.20377,"I.B1.2a.1","B19","C19","14e958538fc68dc4bf25b47ad11c4f3f90035873aa96616925e5cea0af242fb8","https://stat.link/mrq53f"
"Belgium","science",2025,489.70971,2.85505,"I.B1.2a.1","B20","C20","14e958538fc68dc4bf25b47ad11c4f3f90035873aa96616925e5cea0af242fb8","https://stat.link/mrq53f"
"Brazil","science",2025,408.54046,1.93317,"I.B1.2a.1","B21","C21","14e958538fc68dc4bf25b47ad11c4f3f90035873aa96616925e5cea0af242fb8","https://stat.link/mrq53f"
"Brunei Darussalam","science",2025,439.45387,0.81989,"I.B1.2a.1","B22","C22","14e958538fc68dc4bf25b47ad11c4f3f90035873aa96616925e5cea0af242fb8","https://stat.link/mrq53f"
"B-S-J-Z (China)","science",2025,597.04379,2.15606,"I.B1.2a.1","B23","C23","14e958538fc68dc4bf25b47ad11c4f3f90035873aa96616925e5cea0af242fb8","https://stat.link/mrq53f"
"Bulgaria","science",2025,420.79373,4.05333,"I.B1.2a.1","B24","C24","14e958538fc68dc4bf25b47ad11c4f3f90035873aa96616925e5cea0af242fb8","https://stat.link/mrq53f"
"Cambodia","science",2025,381.93511,1.69062,"I.B1.2a.1","B25","C25","14e958538fc68dc4bf25b47ad11c4f3f90035873aa96616925e5cea0af242fb8","https://stat.link/mrq53f"
"Canada*","science",2025,510.05482,1.78909,"I.B1.2a.1","B26","C26","14e958538fc68dc4bf25b47ad11c4f3f90035873aa96616925e5cea0af242fb8","https://stat.link/mrq53f"
"Chile","science",2025,442.3606,2.49519,"I.B1.2a.1","B27","C27","14e958538fc68dc4bf25b47ad11c4f3f90035873aa96616925e5cea0af242fb8","https://stat.link/mrq53f"
"Colombia","science",2025,413.73094,3.29367,"I.B1.2a.1","B28","C28","14e958538fc68dc4bf25b47ad11c4f3f90035873aa96616925e5cea0af242fb8","https://stat.link/mrq53f"
"Costa Rica","science",2025,423.96958,2.56966,"I.B1.2a.1","B29","C29","14e958538fc68dc4bf25b47ad11c4f3f90035873aa96616925e5cea0af242fb8","https://stat.link/mrq53f"
"Croatia","science",2025,476.30089,1.76721,"I.B1.2a.1","B30","C30","14e958538fc68dc4bf25b47ad11c4f3f90035873aa96616925e5cea0af242fb8","https://stat.link/mrq53f"
"Cyprus","science",2025,411.18474,1.46579,"I.B1.2a.1","B31","C31","14e958538fc68dc4bf25b47ad11c4f3f90035873aa96616925e5cea0af242fb8","https://stat.link/mrq53f"
"Czechia","science",2025,490.27834,2.58609,"I.B1.2a.1","B32","C32","14e958538fc68dc4bf25b47ad11c4f3f90035873aa96616925e5cea0af242fb8","https://stat.link/mrq53f"
"Denmark","science",2025,477.54101,2.39029,"I.B1.2a.1","B33","C33","14e958538fc68dc4bf25b47ad11c4f3f90035873aa96616925e5cea0af242fb8","https://stat.link/mrq53f"
"Dominican Republic","science",2025,360.8466,2.32246,"I.B1.2a.1","B34","C34","14e958538fc68dc4bf25b47ad11c4f3f90035873aa96616925e5cea0af242fb8","https://stat.link/mrq53f"
"Dushanbe (Tajikistan)","science",2025,333.76479,1.41874,"I.B1.2a.1","B35","C35","14e958538fc68dc4bf25b47ad11c4f3f90035873aa96616925e5cea0af242fb8","https://stat.link/mrq53f"
"Ecuador","science",2025,393.42125,2.1619,"I.B1.2a.1","B36","C36","14e958538fc68dc4bf25b47ad11c4f3f90035873aa96616925e5cea0af242fb8","https://stat.link/mrq53f"
"El Salvador","science",2025,384.6732,2.17614,"I.B1.2a.1","B37","C37","14e958538fc68dc4bf25b47ad11c4f3f90035873aa96616925e5cea0af242fb8","https://stat.link/mrq53f"
"Estonia","science",2025,527.11708,2.33436,"I.B1.2a.1","B38","C38","14e958538fc68dc4bf25b47ad11c4f3f90035873aa96616925e5cea0af242fb8","https://stat.link/mrq53f"
"Finland","science",2025,504.37245,2.26064,"I.B1.2a.1","B39","C39","14e958538fc68dc4bf25b47ad11c4f3f90035873aa96616925e5cea0af242fb8","https://stat.link/mrq53f"
"France","science",2025,483.4212,3.20594,"I.B1.2a.1","B40","C40","14e958538fc68dc4bf25b47ad11c4f3f90035873aa96616925e5cea0af242fb8","https://stat.link/mrq53f"
"Georgia","science",2025,422.11866,2.65203,"I.B1.2a.1","B41","C41","14e958538fc68dc4bf25b47ad11c4f3f90035873aa96616925e5cea0af242fb8","https://stat.link/mrq53f"
"Germany","science",2025,485.52144,3.52112,"I.B1.2a.1","B42","C42","14e958538fc68dc4bf25b47ad11c4f3f90035873aa96616925e5cea0af242fb8","https://stat.link/mrq53f"
"Greece","science",2025,434.28491,2.93838,"I.B1.2a.1","B43","C43","14e958538fc68dc4bf25b47ad11c4f3f90035873aa96616925e5cea0af242fb8","https://stat.link/mrq53f"
"Guatemala","science",2025,351.23403,2.52589,"I.B1.2a.1","B44","C44","14e958538fc68dc4bf25b47ad11c4f3f90035873aa96616925e5cea0af242fb8","https://stat.link/mrq53f"
"Hong Kong (China)","science",2025,495.62666,3.04702,"I.B1.2a.1","B45","C45","14e958538fc68dc4bf25b47ad11c4f3f90035873aa96616925e5cea0af242fb8","https://stat.link/mrq53f"
"Hungary","science",2025,479.91184,2.44398,"I.B1.2a.1","B46","C46","14e958538fc68dc4bf25b47ad11c4f3f90035873aa96616925e5cea0af242fb8","https://stat.link/mrq53f"
"Iceland","science",2025,441.38044,1.64969,"I.B1.2a.1","B47","C47","14e958538fc68dc4bf25b47ad11c4f3f90035873aa96616925e5cea0af242fb8","https://stat.link/mrq53f"
"Indonesia","science",2025,388.67379,2.31865,"I.B1.2a.1","B48","C48","14e958538fc68dc4bf25b47ad11c4f3f90035873aa96616925e5cea0af242fb8","https://stat.link/mrq53f"
"Ireland","science",2025,499.59669,2.17068,"I.B1.2a.1","B49","C49","14e958538fc68dc4bf25b47ad11c4f3f90035873aa96616925e5cea0af242fb8","https://stat.link/mrq53f"
"Israel","science",2025,442.00883,3.35128,"I.B1.2a.1","B50","C50","14e958538fc68dc4bf25b47ad11c4f3f90035873aa96616925e5cea0af242fb8","https://stat.link/mrq53f"
"Italy","science",2025,482.98206,2.47882,"I.B1.2a.1","B51","C51","14e958538fc68dc4bf25b47ad11c4f3f90035873aa96616925e5cea0af242fb8","https://stat.link/mrq53f"
"Japan","science",2025,537.58624,3.80592,"I.B1.2a.1","B52","C52","14e958538fc68dc4bf25b47ad11c4f3f90035873aa96616925e5cea0af242fb8","https://stat.link/mrq53f"
"Jordan","science",2025,406.93542,2.4789,"I.B1.2a.1","B53","C53","14e958538fc68dc4bf25b47ad11c4f3f90035873aa96616925e5cea0af242fb8","https://stat.link/mrq53f"
"Kazakhstan","science",2025,419.54755,1.59427,"I.B1.2a.1","B54","C54","14e958538fc68dc4bf25b47ad11c4f3f90035873aa96616925e5cea0af242fb8","https://stat.link/mrq53f"
"Kenya","science",2025,334.94936,2.92172,"I.B1.2a.1","B55","C55","14e958538fc68dc4bf25b47ad11c4f3f90035873aa96616925e5cea0af242fb8","https://stat.link/mrq53f"
"Korea","science",2025,526.10531,3.36964,"I.B1.2a.1","B56","C56","14e958538fc68dc4bf25b47ad11c4f3f90035873aa96616925e5cea0af242fb8","https://stat.link/mrq53f"
"Kosovo","science",2025,357.01476,1.29904,"I.B1.2a.1","B57","C57","14e958538fc68dc4bf25b47ad11c4f3f90035873aa96616925e5cea0af242fb8","https://stat.link/mrq53f"
"Kurdistan Region (Iraq)","science",2025,352.1914,1.78904,"I.B1.2a.1","B58","C58","14e958538fc68dc4bf25b47ad11c4f3f90035873aa96616925e5cea0af242fb8","https://stat.link/mrq53f"
"Kyrgyzstan","science",2025,362.52939,2.18035,"I.B1.2a.1","B59","C59","14e958538fc68dc4bf25b47ad11c4f3f90035873aa96616925e5cea0af242fb8","https://stat.link/mrq53f"
"Latvia","science",2025,468.36741,2.05396,"I.B1.2a.1","B60","C60","14e958538fc68dc4bf25b47ad11c4f3f90035873aa96616925e5cea0af242fb8","https://stat.link/mrq53f"
"Lebanon","science",2025,372.00568,3.45276,"I.B1.2a.1","B61","C61","14e958538fc68dc4bf25b47ad11c4f3f90035873aa96616925e5cea0af242fb8","https://stat.link/mrq53f"
"Lithuania","science",2025,487.73903,1.78076,"I.B1.2a.1","B62","C62","14e958538fc68dc4bf25b47ad11c4f3f90035873aa96616925e5cea0af242fb8","https://stat.link/mrq53f"
"Luxembourg","science",2025,473.77035,1.05451,"I.B1.2a.1","B63","C63","14e958538fc68dc4bf25b47ad11c4f3f90035873aa96616925e5cea0af242fb8","https://stat.link/mrq53f"
"Macao (China)","science",2025,540.81386,1.12736,"I.B1.2a.1","B64","C64","14e958538fc68dc4bf25b47ad11c4f3f90035873aa96616925e5cea0af242fb8","https://stat.link/mrq53f"
"Malaysia","science",2025,419.20273,2.15916,"I.B1.2a.1","B65","C65","14e958538fc68dc4bf25b47ad11c4f3f90035873aa96616925e5cea0af242fb8","https://stat.link/mrq53f"
"Malta","science",2025,452.52701,1.54688,"I.B1.2a.1","B66","C66","14e958538fc68dc4bf25b47ad11c4f3f90035873aa96616925e5cea0af242fb8","https://stat.link/mrq53f"
"Mauritius","science",2025,438.16395,4.19413,"I.B1.2a.1","B67","C67","14e958538fc68dc4bf25b47ad11c4f3f90035873aa96616925e5cea0af242fb8","https://stat.link/mrq53f"
"Mexico","science",2025,413.56537,2.00143,"I.B1.2a.1","B68","C68","14e958538fc68dc4bf25b47ad11c4f3f90035873aa96616925e5cea0af242fb8","https://stat.link/mrq53f"
"Moldova","science",2025,421.94704,2.84494,"I.B1.2a.1","B69","C69","14e958538fc68dc4bf25b47ad11c4f3f90035873aa96616925e5cea0af242fb8","https://stat.link/mrq53f"
"Mongolia","science",2025,424.03375,2.12886,"I.B1.2a.1","B70","C70","14e958538fc68dc4bf25b47ad11c4f3f90035873aa96616925e5cea0af242fb8","https://stat.link/mrq53f"
"Montenegro","science",2025,435.18445,1.31231,"I.B1.2a.1","B71","C71","14e958538fc68dc4bf25b47ad11c4f3f90035873aa96616925e5cea0af242fb8","https://stat.link/mrq53f"
"Morocco","science",2025,357.97978,3.32584,"I.B1.2a.1","B72","C72","14e958538fc68dc4bf25b47ad11c4f3f90035873aa96616925e5cea0af242fb8","https://stat.link/mrq53f"
"Netherlands*","science",2025,485.45141,2.82147,"I.B1.2a.1","B73","C73","14e958538fc68dc4bf25b47ad11c4f3f90035873aa96616925e5cea0af242fb8","https://stat.link/mrq53f"
"New Zealand*","science",2025,509.39792,2.31097,"I.B1.2a.1","B74","C74","14e958538fc68dc4bf25b47ad11c4f3f90035873aa96616925e5cea0af242fb8","https://stat.link/mrq53f"
"North Macedonia","science",2025,378.49815,1.03898,"I.B1.2a.1","B75","C75","14e958538fc68dc4bf25b47ad11c4f3f90035873aa96616925e5cea0af242fb8","https://stat.link/mrq53f"
"Norway*","science",2025,470.21226,2.02249,"I.B1.2a.1","B76","C76","14e958538fc68dc4bf25b47ad11c4f3f90035873aa96616925e5cea0af242fb8","https://stat.link/mrq53f"
"Palestinian Authority","science",2025,358.73953,1.94727,"I.B1.2a.1","B77","C77","14e958538fc68dc4bf25b47ad11c4f3f90035873aa96616925e5cea0af242fb8","https://stat.link/mrq53f"
"Paraguay","science",2025,355.24408,1.97131,"I.B1.2a.1","B78","C78","14e958538fc68dc4bf25b47ad11c4f3f90035873aa96616925e5cea0af242fb8","https://stat.link/mrq53f"
"Peru","science",2025,405.60048,2.52937,"I.B1.2a.1","B79","C79","14e958538fc68dc4bf25b47ad11c4f3f90035873aa96616925e5cea0af242fb8","https://stat.link/mrq53f"
"Philippines","science",2025,373.3185,2.28703,"I.B1.2a.1","B80","C80","14e958538fc68dc4bf25b47ad11c4f3f90035873aa96616925e5cea0af242fb8","https://stat.link/mrq53f"
"Poland","science",2025,495.06703,2.7425,"I.B1.2a.1","B81","C81","14e958538fc68dc4bf25b47ad11c4f3f90035873aa96616925e5cea0af242fb8","https://stat.link/mrq53f"
"Portugal","science",2025,481.71602,3.51773,"I.B1.2a.1","B82","C82","14e958538fc68dc4bf25b47ad11c4f3f90035873aa96616925e5cea0af242fb8","https://stat.link/mrq53f"
"Qatar","science",2025,434.3997,1.34026,"I.B1.2a.1","B83","C83","14e958538fc68dc4bf25b47ad11c4f3f90035873aa96616925e5cea0af242fb8","https://stat.link/mrq53f"
"Romania","science",2025,424.70915,4.15019,"I.B1.2a.1","B84","C84","14e958538fc68dc4bf25b47ad11c4f3f90035873aa96616925e5cea0af242fb8","https://stat.link/mrq53f"
"Rwanda","science",2025,317.28649,3.4961,"I.B1.2a.1","B85","C85","14e958538fc68dc4bf25b47ad11c4f3f90035873aa96616925e5cea0af242fb8","https://stat.link/mrq53f"
"Saudi Arabia","science",2025,413.43007,2.64546,"I.B1.2a.1","B86","C86","14e958538fc68dc4bf25b47ad11c4f3f90035873aa96616925e5cea0af242fb8","https://stat.link/mrq53f"
"Serbia","science",2025,428.99464,2.92876,"I.B1.2a.1","B87","C87","14e958538fc68dc4bf25b47ad11c4f3f90035873aa96616925e5cea0af242fb8","https://stat.link/mrq53f"
"Singapore","science",2025,559.85056,1.7129,"I.B1.2a.1","B88","C88","14e958538fc68dc4bf25b47ad11c4f3f90035873aa96616925e5cea0af242fb8","https://stat.link/mrq53f"
"Slovak Republic","science",2025,474.87211,2.50458,"I.B1.2a.1","B89","C89","14e958538fc68dc4bf25b47ad11c4f3f90035873aa96616925e5cea0af242fb8","https://stat.link/mrq53f"
"Slovenia","science",2025,483.72204,1.27735,"I.B1.2a.1","B90","C90","14e958538fc68dc4bf25b47ad11c4f3f90035873aa96616925e5cea0af242fb8","https://stat.link/mrq53f"
"Spain","science",2025,477.1273,1.90431,"I.B1.2a.1","B91","C91","14e958538fc68dc4bf25b47ad11c4f3f90035873aa96616925e5cea0af242fb8","https://stat.link/mrq53f"
"Sweden","science",2025,485.11066,2.99387,"I.B1.2a.1","B92","C92","14e958538fc68dc4bf25b47ad11c4f3f90035873aa96616925e5cea0af242fb8","https://stat.link/mrq53f"
"Switzerland","science",2025,501.23764,2.59131,"I.B1.2a.1","B93","C93","14e958538fc68dc4bf25b47ad11c4f3f90035873aa96616925e5cea0af242fb8","https://stat.link/mrq53f"
"Chinese Taipei","science",2025,539.70169,3.00803,"I.B1.2a.1","B94","C94","14e958538fc68dc4bf25b47ad11c4f3f90035873aa96616925e5cea0af242fb8","https://stat.link/mrq53f"
"Thailand","science",2025,432.24049,3.18858,"I.B1.2a.1","B95","C95","14e958538fc68dc4bf25b47ad11c4f3f90035873aa96616925e5cea0af242fb8","https://stat.link/mrq53f"
"Türkiye","science",2025,494.26907,2.30502,"I.B1.2a.1","B96","C96","14e958538fc68dc4bf25b47ad11c4f3f90035873aa96616925e5cea0af242fb8","https://stat.link/mrq53f"
"Ukrainian regions (17 of 27)","science",2025,448.0823,2.49101,"I.B1.2a.1","B97","C97","14e958538fc68dc4bf25b47ad11c4f3f90035873aa96616925e5cea0af242fb8","https://stat.link/mrq53f"
"United Arab Emirates","science",2025,458.06699,1.97438,"I.B1.2a.1","B98","C98","14e958538fc68dc4bf25b47ad11c4f3f90035873aa96616925e5cea0af242fb8","https://stat.link/mrq53f"
"United Kingdom","science",2025,511.35575,2.10211,"I.B1.2a.1","B99","C99","14e958538fc68dc4bf25b47ad11c4f3f90035873aa96616925e5cea0af242fb8","https://stat.link/mrq53f"
"United States*","science",2025,501.58324,5.81652,"I.B1.2a.1","B100","C100","14e958538fc68dc4bf25b47ad11c4f3f90035873aa96616925e5cea0af242fb8","https://stat.link/mrq53f"
"Uruguay","science",2025,444.54929,1.81632,"I.B1.2a.1","B101","C101","14e958538fc68dc4bf25b47ad11c4f3f90035873aa96616925e5cea0af242fb8","https://stat.link/mrq53f"
"Uzbekistan","science",2025,437.59697,2.72601,"I.B1.2a.1","B102","C102","14e958538fc68dc4bf25b47ad11c4f3f90035873aa96616925e5cea0af242fb8","https://stat.link/mrq53f"
"Viet Nam","science",2025,457.42088,3.92831,"I.B1.2a.1","B103","C103","14e958538fc68dc4bf25b47ad11c4f3f90035873aa96616925e5cea0af242fb8","https://stat.link/mrq53f"
"Zambia","science",2025,336.95473,10.99202,"I.B1.2a.1","B104","C104","14e958538fc68dc4bf25b47ad11c4f3f90035873aa96616925e5cea0af242fb8","https://stat.link/mrq53f"
"OECD average","reading",2025,460.94416,0.44637,"I.B1.2a.2","B10","C10","14e958538fc68dc4bf25b47ad11c4f3f90035873aa96616925e5cea0af242fb8","https://stat.link/mrq53f"
"OECD total","reading",2025,467.20902,1.62528,"I.B1.2a.2","B13","C13","14e958538fc68dc4bf25b47ad11c4f3f90035873aa96616925e5cea0af242fb8","https://stat.link/mrq53f"
"Albania*","reading",2025,407.64096,2.56977,"I.B1.2a.2","B14","C14","14e958538fc68dc4bf25b47ad11c4f3f90035873aa96616925e5cea0af242fb8","https://stat.link/mrq53f"
"Argentina","reading",2025,388.70426,2.69153,"I.B1.2a.2","B15","C15","14e958538fc68dc4bf25b47ad11c4f3f90035873aa96616925e5cea0af242fb8","https://stat.link/mrq53f"
"Armenia","reading",2025,348.28569,1.50259,"I.B1.2a.2","B16","C16","14e958538fc68dc4bf25b47ad11c4f3f90035873aa96616925e5cea0af242fb8","https://stat.link/mrq53f"
"Australia","reading",2025,490.86328,1.85184,"I.B1.2a.2","B17","C17","14e958538fc68dc4bf25b47ad11c4f3f90035873aa96616925e5cea0af242fb8","https://stat.link/mrq53f"
"Austria","reading",2025,467.21167,2.55479,"I.B1.2a.2","B18","C18","14e958538fc68dc4bf25b47ad11c4f3f90035873aa96616925e5cea0af242fb8","https://stat.link/mrq53f"
"Azerbaijan","reading",2025,373.57061,2.83651,"I.B1.2a.2","B19","C19","14e958538fc68dc4bf25b47ad11c4f3f90035873aa96616925e5cea0af242fb8","https://stat.link/mrq53f"
"Belgium","reading",2025,466.32805,3.03581,"I.B1.2a.2","B20","C20","14e958538fc68dc4bf25b47ad11c4f3f90035873aa96616925e5cea0af242fb8","https://stat.link/mrq53f"
"Brazil","reading",2025,408.00829,2.01449,"I.B1.2a.2","B21","C21","14e958538fc68dc4bf25b47ad11c4f3f90035873aa96616925e5cea0af242fb8","https://stat.link/mrq53f"
"Brunei Darussalam","reading",2025,425.68088,0.91996,"I.B1.2a.2","B22","C22","14e958538fc68dc4bf25b47ad11c4f3f90035873aa96616925e5cea0af242fb8","https://stat.link/mrq53f"
"B-S-J-Z (China)","reading",2025,526.51825,1.9851,"I.B1.2a.2","B23","C23","14e958538fc68dc4bf25b47ad11c4f3f90035873aa96616925e5cea0af242fb8","https://stat.link/mrq53f"
"Bulgaria","reading",2025,386.64479,3.94609,"I.B1.2a.2","B24","C24","14e958538fc68dc4bf25b47ad11c4f3f90035873aa96616925e5cea0af242fb8","https://stat.link/mrq53f"
"Cambodia","reading",2025,347.22631,1.50048,"I.B1.2a.2","B25","C25","14e958538fc68dc4bf25b47ad11c4f3f90035873aa96616925e5cea0af242fb8","https://stat.link/mrq53f"
"Canada*","reading",2025,489.82555,1.78076,"I.B1.2a.2","B26","C26","14e958538fc68dc4bf25b47ad11c4f3f90035873aa96616925e5cea0af242fb8","https://stat.link/mrq53f"
"Chile","reading",2025,435.65582,2.75951,"I.B1.2a.2","B27","C27","14e958538fc68dc4bf25b47ad11c4f3f90035873aa96616925e5cea0af242fb8","https://stat.link/mrq53f"
"Colombia","reading",2025,399.26735,3.30841,"I.B1.2a.2","B28","C28","14e958538fc68dc4bf25b47ad11c4f3f90035873aa96616925e5cea0af242fb8","https://stat.link/mrq53f"
"Costa Rica","reading",2025,416.0353,2.75558,"I.B1.2a.2","B29","C29","14e958538fc68dc4bf25b47ad11c4f3f90035873aa96616925e5cea0af242fb8","https://stat.link/mrq53f"
"Croatia","reading",2025,453.38734,1.7813,"I.B1.2a.2","B30","C30","14e958538fc68dc4bf25b47ad11c4f3f90035873aa96616925e5cea0af242fb8","https://stat.link/mrq53f"
"Cyprus","reading",2025,379.42867,1.27937,"I.B1.2a.2","B31","C31","14e958538fc68dc4bf25b47ad11c4f3f90035873aa96616925e5cea0af242fb8","https://stat.link/mrq53f"
"Czechia","reading",2025,468.35668,2.67601,"I.B1.2a.2","B32","C32","14e958538fc68dc4bf25b47ad11c4f3f90035873aa96616925e5cea0af242fb8","https://stat.link/mrq53f"
"Denmark","reading",2025,460.00949,2.37296,"I.B1.2a.2","B33","C33","14e958538fc68dc4bf25b47ad11c4f3f90035873aa96616925e5cea0af242fb8","https://stat.link/mrq53f"
"Dominican Republic","reading",2025,345.54215,2.51011,"I.B1.2a.2","B34","C34","14e958538fc68dc4bf25b47ad11c4f3f90035873aa96616925e5cea0af242fb8","https://stat.link/mrq53f"
"Dushanbe (Tajikistan)","reading",2025,368.08382,1.16148,"I.B1.2a.2","B35","C35","14e958538fc68dc4bf25b47ad11c4f3f90035873aa96616925e5cea0af242fb8","https://stat.link/mrq53f"
"Ecuador","reading",2025,384.99799,2.29628,"I.B1.2a.2","B36","C36","14e958538fc68dc4bf25b47ad11c4f3f90035873aa96616925e5cea0af242fb8","https://stat.link/mrq53f"
"El Salvador","reading",2025,366.43167,2.28304,"I.B1.2a.2","B37","C37","14e958538fc68dc4bf25b47ad11c4f3f90035873aa96616925e5cea0af242fb8","https://stat.link/mrq53f"
"Estonia","reading",2025,499.24425,2.53388,"I.B1.2a.2","B38","C38","14e958538fc68dc4bf25b47ad11c4f3f90035873aa96616925e5cea0af242fb8","https://stat.link/mrq53f"
"Finland","reading",2025,474.29731,2.12025,"I.B1.2a.2","B39","C39","14e958538fc68dc4bf25b47ad11c4f3f90035873aa96616925e5cea0af242fb8","https://stat.link/mrq53f"
"France","reading",2025,456.33453,3.24423,"I.B1.2a.2","B40","C40","14e958538fc68dc4bf25b47ad11c4f3f90035873aa96616925e5cea0af242fb8","https://stat.link/mrq53f"
"Georgia","reading",2025,384.17862,2.48478,"I.B1.2a.2","B41","C41","14e958538fc68dc4bf25b47ad11c4f3f90035873aa96616925e5cea0af242fb8","https://stat.link/mrq53f"
"Germany","reading",2025,465.28206,3.56221,"I.B1.2a.2","B42","C42","14e958538fc68dc4bf25b47ad11c4f3f90035873aa96616925e5cea0af242fb8","https://stat.link/mrq53f"
"Greece","reading",2025,422.66261,3.19066,"I.B1.2a.2","B43","C43","14e958538fc68dc4bf25b47ad11c4f3f90035873aa96616925e5cea0af242fb8","https://stat.link/mrq53f"
"Guatemala","reading",2025,337.08081,2.49808,"I.B1.2a.2","B44","C44","14e958538fc68dc4bf25b47ad11c4f3f90035873aa96616925e5cea0af242fb8","https://stat.link/mrq53f"
"Hong Kong (China)","reading",2025,480.12066,3.19868,"I.B1.2a.2","B45","C45","14e958538fc68dc4bf25b47ad11c4f3f90035873aa96616925e5cea0af242fb8","https://stat.link/mrq53f"
"Hungary","reading",2025,452.30629,2.33754,"I.B1.2a.2","B46","C46","14e958538fc68dc4bf25b47ad11c4f3f90035873aa96616925e5cea0af242fb8","https://stat.link/mrq53f"
"Iceland","reading",2025,422.28514,1.61641,"I.B1.2a.2","B47","C47","14e958538fc68dc4bf25b47ad11c4f3f90035873aa96616925e5cea0af242fb8","https://stat.link/mrq53f"
"Indonesia","reading",2025,365.20527,2.45276,"I.B1.2a.2","B48","C48","14e958538fc68dc4bf25b47ad11c4f3f90035873aa96616925e5cea0af242fb8","https://stat.link/mrq53f"
"Ireland","reading",2025,500.44715,2.03452,"I.B1.2a.2","B49","C49","14e958538fc68dc4bf25b47ad11c4f3f90035873aa96616925e5cea0af242fb8","https://stat.link/mrq53f"
"Israel","reading",2025,435.83778,3.52385,"I.B1.2a.2","B50","C50","14e958538fc68dc4bf25b47ad11c4f3f90035873aa96616925e5cea0af242fb8","https://stat.link/mrq53f"
"Italy","reading",2025,474.28961,2.59828,"I.B1.2a.2","B51","C51","14e958538fc68dc4bf25b47ad11c4f3f90035873aa96616925e5cea0af242fb8","https://stat.link/mrq53f"
"Japan","reading",2025,502.7145,3.77783,"I.B1.2a.2","B52","C52","14e958538fc68dc4bf25b47ad11c4f3f90035873aa96616925e5cea0af242fb8","https://stat.link/mrq53f"
"Jordan","reading",2025,362.59825,2.08839,"I.B1.2a.2","B53","C53","14e958538fc68dc4bf25b47ad11c4f3f90035873aa96616925e5cea0af242fb8","https://stat.link/mrq53f"
"Kazakhstan","reading",2025,384.79808,1.51879,"I.B1.2a.2","B54","C54","14e958538fc68dc4bf25b47ad11c4f3f90035873aa96616925e5cea0af242fb8","https://stat.link/mrq53f"
"Kenya","reading",2025,320.21398,2.65314,"I.B1.2a.2","B55","C55","14e958538fc68dc4bf25b47ad11c4f3f90035873aa96616925e5cea0af242fb8","https://stat.link/mrq53f"
"Korea","reading",2025,500.56065,3.44578,"I.B1.2a.2","B56","C56","14e958538fc68dc4bf25b47ad11c4f3f90035873aa96616925e5cea0af242fb8","https://stat.link/mrq53f"
"Kosovo","reading",2025,340.46438,1.29162,"I.B1.2a.2","B57","C57","14e958538fc68dc4bf25b47ad11c4f3f90035873aa96616925e5cea0af242fb8","https://stat.link/mrq53f"
"Kurdistan Region (Iraq)","reading",2025,311.53031,2.02512,"I.B1.2a.2","B58","C58","14e958538fc68dc4bf25b47ad11c4f3f90035873aa96616925e5cea0af242fb8","https://stat.link/mrq53f"
"Kyrgyzstan","reading",2025,344.3976,2.39211,"I.B1.2a.2","B59","C59","14e958538fc68dc4bf25b47ad11c4f3f90035873aa96616925e5cea0af242fb8","https://stat.link/mrq53f"
"Latvia","reading",2025,429.67871,2.02817,"I.B1.2a.2","B60","C60","14e958538fc68dc4bf25b47ad11c4f3f90035873aa96616925e5cea0af242fb8","https://stat.link/mrq53f"
"Lebanon","reading",2025,330.90273,3.3391,"I.B1.2a.2","B61","C61","14e958538fc68dc4bf25b47ad11c4f3f90035873aa96616925e5cea0af242fb8","https://stat.link/mrq53f"
"Lithuania","reading",2025,464.05377,1.91423,"I.B1.2a.2","B62","C62","14e958538fc68dc4bf25b47ad11c4f3f90035873aa96616925e5cea0af242fb8","https://stat.link/mrq53f"
"Luxembourg","reading",2025,443.23219,1.0539,"I.B1.2a.2","B63","C63","14e958538fc68dc4bf25b47ad11c4f3f90035873aa96616925e5cea0af242fb8","https://stat.link/mrq53f"
"Macao (China)","reading",2025,501.05358,1.15548,"I.B1.2a.2","B64","C64","14e958538fc68dc4bf25b47ad11c4f3f90035873aa96616925e5cea0af242fb8","https://stat.link/mrq53f"
"Malaysia","reading",2025,392.77186,2.15764,"I.B1.2a.2","B65","C65","14e958538fc68dc4bf25b47ad11c4f3f90035873aa96616925e5cea0af242fb8","https://stat.link/mrq53f"
"Malta","reading",2025,414.62566,1.60789,"I.B1.2a.2","B66","C66","14e958538fc68dc4bf25b47ad11c4f3f90035873aa96616925e5cea0af242fb8","https://stat.link/mrq53f"
"Mauritius","reading",2025,405.33343,3.50204,"I.B1.2a.2","B67","C67","14e958538fc68dc4bf25b47ad11c4f3f90035873aa96616925e5cea0af242fb8","https://stat.link/mrq53f"
"Mexico","reading",2025,407.93756,2.15977,"I.B1.2a.2","B68","C68","14e958538fc68dc4bf25b47ad11c4f3f90035873aa96616925e5cea0af242fb8","https://stat.link/mrq53f"
"Moldova","reading",2025,403.70106,2.89801,"I.B1.2a.2","B69","C69","14e958538fc68dc4bf25b47ad11c4f3f90035873aa96616925e5cea0af242fb8","https://stat.link/mrq53f"
"Mongolia","reading",2025,374.25273,1.74944,"I.B1.2a.2","B70","C70","14e958538fc68dc4bf25b47ad11c4f3f90035873aa96616925e5cea0af242fb8","https://stat.link/mrq53f"
"Montenegro","reading",2025,418.37127,1.21567,"I.B1.2a.2","B71","C71","14e958538fc68dc4bf25b47ad11c4f3f90035873aa96616925e5cea0af242fb8","https://stat.link/mrq53f"
"Morocco","reading",2025,321.1271,3.48335,"I.B1.2a.2","B72","C72","14e958538fc68dc4bf25b47ad11c4f3f90035873aa96616925e5cea0af242fb8","https://stat.link/mrq53f"
"Netherlands*","reading",2025,441.34494,2.89487,"I.B1.2a.2","B73","C73","14e958538fc68dc4bf25b47ad11c4f3f90035873aa96616925e5cea0af242fb8","https://stat.link/mrq53f"
"New Zealand*","reading",2025,497.04447,2.42039,"I.B1.2a.2","B74","C74","14e958538fc68dc4bf25b47ad11c4f3f90035873aa96616925e5cea0af242fb8","https://stat.link/mrq53f"
"North Macedonia","reading",2025,357.44372,0.99334,"I.B1.2a.2","B75","C75","14e958538fc68dc4bf25b47ad11c4f3f90035873aa96616925e5cea0af242fb8","https://stat.link/mrq53f"
"Norway*","reading",2025,452.8013,2.08687,"I.B1.2a.2","B76","C76","14e958538fc68dc4bf25b47ad11c4f3f90035873aa96616925e5cea0af242fb8","https://stat.link/mrq53f"
"Palestinian Authority","reading",2025,349.87623,1.86646,"I.B1.2a.2","B77","C77","14e958538fc68dc4bf25b47ad11c4f3f90035873aa96616925e5cea0af242fb8","https://stat.link/mrq53f"
"Paraguay","reading",2025,352.21577,2.02789,"I.B1.2a.2","B78","C78","14e958538fc68dc4bf25b47ad11c4f3f90035873aa96616925e5cea0af242fb8","https://stat.link/mrq53f"
"Peru","reading",2025,390.13724,2.90888,"I.B1.2a.2","B79","C79","14e958538fc68dc4bf25b47ad11c4f3f90035873aa96616925e5cea0af242fb8","https://stat.link/mrq53f"
"Philippines","reading",2025,366.91855,2.371,"I.B1.2a.2","B80","C80","14e958538fc68dc4bf25b47ad11c4f3f90035873aa96616925e5cea0af242fb8","https://stat.link/mrq53f"
"Poland","reading",2025,481.53744,2.84714,"I.B1.2a.2","B81","C81","14e958538fc68dc4bf25b47ad11c4f3f90035873aa96616925e5cea0af242fb8","https://stat.link/mrq53f"
"Portugal","reading",2025,462.02744,3.22809,"I.B1.2a.2","B82","C82","14e958538fc68dc4bf25b47ad11c4f3f90035873aa96616925e5cea0af242fb8","https://stat.link/mrq53f"
"Qatar","reading",2025,418.02844,1.35345,"I.B1.2a.2","B83","C83","14e958538fc68dc4bf25b47ad11c4f3f90035873aa96616925e5cea0af242fb8","https://stat.link/mrq53f"
"Romania","reading",2025,412.94947,3.97826,"I.B1.2a.2","B84","C84","14e958538fc68dc4bf25b47ad11c4f3f90035873aa96616925e5cea0af242fb8","https://stat.link/mrq53f"
"Rwanda","reading",2025,300.94391,2.01495,"I.B1.2a.2","B85","C85","14e958538fc68dc4bf25b47ad11c4f3f90035873aa96616925e5cea0af242fb8","https://stat.link/mrq53f"
"Saudi Arabia","reading",2025,387.28413,2.38102,"I.B1.2a.2","B86","C86","14e958538fc68dc4bf25b47ad11c4f3f90035873aa96616925e5cea0af242fb8","https://stat.link/mrq53f"
"Serbia","reading",2025,414.5985,3.37268,"I.B1.2a.2","B87","C87","14e958538fc68dc4bf25b47ad11c4f3f90035873aa96616925e5cea0af242fb8","https://stat.link/mrq53f"
"Singapore","reading",2025,534.90002,1.94054,"I.B1.2a.2","B88","C88","14e958538fc68dc4bf25b47ad11c4f3f90035873aa96616925e5cea0af242fb8","https://stat.link/mrq53f"
"Slovak Republic","reading",2025,447.96713,2.56108,"I.B1.2a.2","B89","C89","14e958538fc68dc4bf25b47ad11c4f3f90035873aa96616925e5cea0af242fb8","https://stat.link/mrq53f"
"Slovenia","reading",2025,444.74764,1.29403,"I.B1.2a.2","B90","C90","14e958538fc68dc4bf25b47ad11c4f3f90035873aa96616925e5cea0af242fb8","https://stat.link/mrq53f"
"Spain","reading",2025,451.35575,1.93803,"I.B1.2a.2","B91","C91","14e958538fc68dc4bf25b47ad11c4f3f90035873aa96616925e5cea0af242fb8","https://stat.link/mrq53f"
"Sweden","reading",2025,466.43629,3.14952,"I.B1.2a.2","B92","C92","14e958538fc68dc4bf25b47ad11c4f3f90035873aa96616925e5cea0af242fb8","https://stat.link/mrq53f"
"Switzerland","reading",2025,470.0529,2.92093,"I.B1.2a.2","B93","C93","14e958538fc68dc4bf25b47ad11c4f3f90035873aa96616925e5cea0af242fb8","https://stat.link/mrq53f"
"Chinese Taipei","reading",2025,507.78799,2.94505,"I.B1.2a.2","B94","C94","14e958538fc68dc4bf25b47ad11c4f3f90035873aa96616925e5cea0af242fb8","https://stat.link/mrq53f"
"Thailand","reading",2025,391.82964,3.0112,"I.B1.2a.2","B95","C95","14e958538fc68dc4bf25b47ad11c4f3f90035873aa96616925e5cea0af242fb8","https://stat.link/mrq53f"
"Türkiye","reading",2025,472.09549,2.30625,"I.B1.2a.2","B96","C96","14e958538fc68dc4bf25b47ad11c4f3f90035873aa96616925e5cea0af242fb8","https://stat.link/mrq53f"
"Ukrainian regions (17 of 27)","reading",2025,418.4229,2.49562,"I.B1.2a.2","B97","C97","14e958538fc68dc4bf25b47ad11c4f3f90035873aa96616925e5cea0af242fb8","https://stat.link/mrq53f"
"United Arab Emirates","reading",2025,432.81079,1.6169,"I.B1.2a.2","B98","C98","14e958538fc68dc4bf25b47ad11c4f3f90035873aa96616925e5cea0af242fb8","https://stat.link/mrq53f"
"United Kingdom","reading",2025,494.23095,2.02139,"I.B1.2a.2","B99","C99","14e958538fc68dc4bf25b47ad11c4f3f90035873aa96616925e5cea0af242fb8","https://stat.link/mrq53f"
"United States*","reading",2025,489.51893,5.83679,"I.B1.2a.2","B100","C100","14e958538fc68dc4bf25b47ad11c4f3f90035873aa96616925e5cea0af242fb8","https://stat.link/mrq53f"
"Uruguay","reading",2025,423.21268,2.04774,"I.B1.2a.2","B101","C101","14e958538fc68dc4bf25b47ad11c4f3f90035873aa96616925e5cea0af242fb8","https://stat.link/mrq53f"
"Uzbekistan","reading",2025,__R_MISSING_VALUE_7__,__R_MISSING_VALUE_7__,"I.B1.2a.2","B102","C102","14e958538fc68dc4bf25b47ad11c4f3f90035873aa96616925e5cea0af242fb8","https://stat.link/mrq53f"
"Viet Nam","reading",2025,391.53666,3.65855,"I.B1.2a.2","B103","C103","14e958538fc68dc4bf25b47ad11c4f3f90035873aa96616925e5cea0af242fb8","https://stat.link/mrq53f"
"Zambia","reading",2025,324.87812,8.1965,"I.B1.2a.2","B104","C104","14e958538fc68dc4bf25b47ad11c4f3f90035873aa96616925e5cea0af242fb8","https://stat.link/mrq53f"
"OECD average","mathematics",2025,463.02078,0.42482,"I.B1.2a.3","B10","C10","14e958538fc68dc4bf25b47ad11c4f3f90035873aa96616925e5cea0af242fb8","https://stat.link/mrq53f"
"OECD total","mathematics",2025,458.36912,1.48634,"I.B1.2a.3","B13","C13","14e958538fc68dc4bf25b47ad11c4f3f90035873aa96616925e5cea0af242fb8","https://stat.link/mrq53f"
"Albania*","mathematics",2025,432.81719,2.89515,"I.B1.2a.3","B14","C14","14e958538fc68dc4bf25b47ad11c4f3f90035873aa96616925e5cea0af242fb8","https://stat.link/mrq53f"
"Argentina","mathematics",2025,366.8142,2.66346,"I.B1.2a.3","B15","C15","14e958538fc68dc4bf25b47ad11c4f3f90035873aa96616925e5cea0af242fb8","https://stat.link/mrq53f"
"Armenia","mathematics",2025,375.79968,1.95136,"I.B1.2a.3","B16","C16","14e958538fc68dc4bf25b47ad11c4f3f90035873aa96616925e5cea0af242fb8","https://stat.link/mrq53f"
"Australia","mathematics",2025,477.52665,1.91516,"I.B1.2a.3","B17","C17","14e958538fc68dc4bf25b47ad11c4f3f90035873aa96616925e5cea0af242fb8","https://stat.link/mrq53f"
"Austria","mathematics",2025,477.19387,2.5758,"I.B1.2a.3","B18","C18","14e958538fc68dc4bf25b47ad11c4f3f90035873aa96616925e5cea0af242fb8","https://stat.link/mrq53f"
"Azerbaijan","mathematics",2025,422.39533,3.97869,"I.B1.2a.3","B19","C19","14e958538fc68dc4bf25b47ad11c4f3f90035873aa96616925e5cea0af242fb8","https://stat.link/mrq53f"
"Belgium","mathematics",2025,479.68612,2.8086,"I.B1.2a.3","B20","C20","14e958538fc68dc4bf25b47ad11c4f3f90035873aa96616925e5cea0af242fb8","https://stat.link/mrq53f"
"Brazil","mathematics",2025,376.76794,1.74801,"I.B1.2a.3","B21","C21","14e958538fc68dc4bf25b47ad11c4f3f90035873aa96616925e5cea0af242fb8","https://stat.link/mrq53f"
"Brunei Darussalam","mathematics",2025,435.18273,0.85293,"I.B1.2a.3","B22","C22","14e958538fc68dc4bf25b47ad11c4f3f90035873aa96616925e5cea0af242fb8","https://stat.link/mrq53f"
"B-S-J-Z (China)","mathematics",2025,612.42966,2.54647,"I.B1.2a.3","B23","C23","14e958538fc68dc4bf25b47ad11c4f3f90035873aa96616925e5cea0af242fb8","https://stat.link/mrq53f"
"Bulgaria","mathematics",2025,405.07756,4.034,"I.B1.2a.3","B24","C24","14e958538fc68dc4bf25b47ad11c4f3f90035873aa96616925e5cea0af242fb8","https://stat.link/mrq53f"
"Cambodia","mathematics",2025,365.84172,1.66868,"I.B1.2a.3","B25","C25","14e958538fc68dc4bf25b47ad11c4f3f90035873aa96616925e5cea0af242fb8","https://stat.link/mrq53f"
"Canada*","mathematics",2025,485.33767,1.91285,"I.B1.2a.3","B26","C26","14e958538fc68dc4bf25b47ad11c4f3f90035873aa96616925e5cea0af242fb8","https://stat.link/mrq53f"
"Chile","mathematics",2025,402.64522,2.1761,"I.B1.2a.3","B27","C27","14e958538fc68dc4bf25b47ad11c4f3f90035873aa96616925e5cea0af242fb8","https://stat.link/mrq53f"
"Colombia","mathematics",2025,380.52867,2.78141,"I.B1.2a.3","B28","C28","14e958538fc68dc4bf25b47ad11c4f3f90035873aa96616925e5cea0af242fb8","https://stat.link/mrq53f"
"Costa Rica","mathematics",2025,387.09124,2.25097,"I.B1.2a.3","B29","C29","14e958538fc68dc4bf25b47ad11c4f3f90035873aa96616925e5cea0af242fb8","https://stat.link/mrq53f"
"Croatia","mathematics",2025,455.2917,1.8155,"I.B1.2a.3","B30","C30","14e958538fc68dc4bf25b47ad11c4f3f90035873aa96616925e5cea0af242fb8","https://stat.link/mrq53f"
"Cyprus","mathematics",2025,411.78134,1.37483,"I.B1.2a.3","B31","C31","14e958538fc68dc4bf25b47ad11c4f3f90035873aa96616925e5cea0af242fb8","https://stat.link/mrq53f"
"Czechia","mathematics",2025,477.14804,2.59863,"I.B1.2a.3","B32","C32","14e958538fc68dc4bf25b47ad11c4f3f90035873aa96616925e5cea0af242fb8","https://stat.link/mrq53f"
"Denmark","mathematics",2025,470.6275,2.10883,"I.B1.2a.3","B33","C33","14e958538fc68dc4bf25b47ad11c4f3f90035873aa96616925e5cea0af242fb8","https://stat.link/mrq53f"
"Dominican Republic","mathematics",2025,338.82949,1.69283,"I.B1.2a.3","B34","C34","14e958538fc68dc4bf25b47ad11c4f3f90035873aa96616925e5cea0af242fb8","https://stat.link/mrq53f"
"Dushanbe (Tajikistan)","mathematics",2025,382.13727,0.97906,"I.B1.2a.3","B35","C35","14e958538fc68dc4bf25b47ad11c4f3f90035873aa96616925e5cea0af242fb8","https://stat.link/mrq53f"
"Ecuador","mathematics",2025,365.83936,1.72171,"I.B1.2a.3","B36","C36","14e958538fc68dc4bf25b47ad11c4f3f90035873aa96616925e5cea0af242fb8","https://stat.link/mrq53f"
"El Salvador","mathematics",2025,346.2498,1.80156,"I.B1.2a.3","B37","C37","14e958538fc68dc4bf25b47ad11c4f3f90035873aa96616925e5cea0af242fb8","https://stat.link/mrq53f"
"Estonia","mathematics",2025,507.89573,2.28753,"I.B1.2a.3","B38","C38","14e958538fc68dc4bf25b47ad11c4f3f90035873aa96616925e5cea0af242fb8","https://stat.link/mrq53f"
"Finland","mathematics",2025,468.69454,2.20069,"I.B1.2a.3","B39","C39","14e958538fc68dc4bf25b47ad11c4f3f90035873aa96616925e5cea0af242fb8","https://stat.link/mrq53f"
"France","mathematics",2025,457.65501,2.99509,"I.B1.2a.3","B40","C40","14e958538fc68dc4bf25b47ad11c4f3f90035873aa96616925e5cea0af242fb8","https://stat.link/mrq53f"
"Georgia","mathematics",2025,416.3627,2.93751,"I.B1.2a.3","B41","C41","14e958538fc68dc4bf25b47ad11c4f3f90035873aa96616925e5cea0af242fb8","https://stat.link/mrq53f"
"Germany","mathematics",2025,463.80565,3.04616,"I.B1.2a.3","B42","C42","14e958538fc68dc4bf25b47ad11c4f3f90035873aa96616925e5cea0af242fb8","https://stat.link/mrq53f"
"Greece","mathematics",2025,423.85217,2.92445,"I.B1.2a.3","B43","C43","14e958538fc68dc4bf25b47ad11c4f3f90035873aa96616925e5cea0af242fb8","https://stat.link/mrq53f"
"Guatemala","mathematics",2025,334.30248,1.93337,"I.B1.2a.3","B44","C44","14e958538fc68dc4bf25b47ad11c4f3f90035873aa96616925e5cea0af242fb8","https://stat.link/mrq53f"
"Hong Kong (China)","mathematics",2025,521.70777,2.90997,"I.B1.2a.3","B45","C45","14e958538fc68dc4bf25b47ad11c4f3f90035873aa96616925e5cea0af242fb8","https://stat.link/mrq53f"
"Hungary","mathematics",2025,459.48854,2.5084,"I.B1.2a.3","B46","C46","14e958538fc68dc4bf25b47ad11c4f3f90035873aa96616925e5cea0af242fb8","https://stat.link/mrq53f"
"Iceland","mathematics",2025,449.73034,1.46788,"I.B1.2a.3","B47","C47","14e958538fc68dc4bf25b47ad11c4f3f90035873aa96616925e5cea0af242fb8","https://stat.link/mrq53f"
"Indonesia","mathematics",2025,363.90169,2.10079,"I.B1.2a.3","B48","C48","14e958538fc68dc4bf25b47ad11c4f3f90035873aa96616925e5cea0af242fb8","https://stat.link/mrq53f"
"Ireland","mathematics",2025,479.8747,1.83443,"I.B1.2a.3","B49","C49","14e958538fc68dc4bf25b47ad11c4f3f90035873aa96616925e5cea0af242fb8","https://stat.link/mrq53f"
"Israel","mathematics",2025,433.37492,3.10413,"I.B1.2a.3","B50","C50","14e958538fc68dc4bf25b47ad11c4f3f90035873aa96616925e5cea0af242fb8","https://stat.link/mrq53f"
"Italy","mathematics",2025,467.76261,2.84566,"I.B1.2a.3","B51","C51","14e958538fc68dc4bf25b47ad11c4f3f90035873aa96616925e5cea0af242fb8","https://stat.link/mrq53f"
"Japan","mathematics",2025,525.3758,4.20407,"I.B1.2a.3","B52","C52","14e958538fc68dc4bf25b47ad11c4f3f90035873aa96616925e5cea0af242fb8","https://stat.link/mrq53f"
"Jordan","mathematics",2025,387.5613,2.19124,"I.B1.2a.3","B53","C53","14e958538fc68dc4bf25b47ad11c4f3f90035873aa96616925e5cea0af242fb8","https://stat.link/mrq53f"
"Kazakhstan","mathematics",2025,413.71493,1.74776,"I.B1.2a.3","B54","C54","14e958538fc68dc4bf25b47ad11c4f3f90035873aa96616925e5cea0af242fb8","https://stat.link/mrq53f"
"Kenya","mathematics",2025,325.93541,2.69479,"I.B1.2a.3","B55","C55","14e958538fc68dc4bf25b47ad11c4f3f90035873aa96616925e5cea0af242fb8","https://stat.link/mrq53f"
"Korea","mathematics",2025,522.29784,3.95806,"I.B1.2a.3","B56","C56","14e958538fc68dc4bf25b47ad11c4f3f90035873aa96616925e5cea0af242fb8","https://stat.link/mrq53f"
"Kosovo","mathematics",2025,350.43948,1.32854,"I.B1.2a.3","B57","C57","14e958538fc68dc4bf25b47ad11c4f3f90035873aa96616925e5cea0af242fb8","https://stat.link/mrq53f"
"Kurdistan Region (Iraq)","mathematics",2025,338.75739,1.77308,"I.B1.2a.3","B58","C58","14e958538fc68dc4bf25b47ad11c4f3f90035873aa96616925e5cea0af242fb8","https://stat.link/mrq53f"
"Kyrgyzstan","mathematics",2025,363.80642,1.97838,"I.B1.2a.3","B59","C59","14e958538fc68dc4bf25b47ad11c4f3f90035873aa96616925e5cea0af242fb8","https://stat.link/mrq53f"
"Latvia","mathematics",2025,460.49274,1.70231,"I.B1.2a.3","B60","C60","14e958538fc68dc4bf25b47ad11c4f3f90035873aa96616925e5cea0af242fb8","https://stat.link/mrq53f"
"Lebanon","mathematics",2025,377.13808,3.02417,"I.B1.2a.3","B61","C61","14e958538fc68dc4bf25b47ad11c4f3f90035873aa96616925e5cea0af242fb8","https://stat.link/mrq53f"
"Lithuania","mathematics",2025,470.49147,1.87433,"I.B1.2a.3","B62","C62","14e958538fc68dc4bf25b47ad11c4f3f90035873aa96616925e5cea0af242fb8","https://stat.link/mrq53f"
"Luxembourg","mathematics",2025,458.143,0.88033,"I.B1.2a.3","B63","C63","14e958538fc68dc4bf25b47ad11c4f3f90035873aa96616925e5cea0af242fb8","https://stat.link/mrq53f"
"Macao (China)","mathematics",2025,549.30162,1.14719,"I.B1.2a.3","B64","C64","14e958538fc68dc4bf25b47ad11c4f3f90035873aa96616925e5cea0af242fb8","https://stat.link/mrq53f"
"Malaysia","mathematics",2025,397.42258,2.19806,"I.B1.2a.3","B65","C65","14e958538fc68dc4bf25b47ad11c4f3f90035873aa96616925e5cea0af242fb8","https://stat.link/mrq53f"
"Malta","mathematics",2025,439.08271,1.78335,"I.B1.2a.3","B66","C66","14e958538fc68dc4bf25b47ad11c4f3f90035873aa96616925e5cea0af242fb8","https://stat.link/mrq53f"
"Mauritius","mathematics",2025,406.85479,3.66819,"I.B1.2a.3","B67","C67","14e958538fc68dc4bf25b47ad11c4f3f90035873aa96616925e5cea0af242fb8","https://stat.link/mrq53f"
"Mexico","mathematics",2025,387.58717,1.85817,"I.B1.2a.3","B68","C68","14e958538fc68dc4bf25b47ad11c4f3f90035873aa96616925e5cea0af242fb8","https://stat.link/mrq53f"
"Moldova","mathematics",2025,410.13014,2.55698,"I.B1.2a.3","B69","C69","14e958538fc68dc4bf25b47ad11c4f3f90035873aa96616925e5cea0af242fb8","https://stat.link/mrq53f"
"Mongolia","mathematics",2025,418.64226,2.29449,"I.B1.2a.3","B70","C70","14e958538fc68dc4bf25b47ad11c4f3f90035873aa96616925e5cea0af242fb8","https://stat.link/mrq53f"
"Montenegro","mathematics",2025,411.05801,1.11695,"I.B1.2a.3","B71","C71","14e958538fc68dc4bf25b47ad11c4f3f90035873aa96616925e5cea0af242fb8","https://stat.link/mrq53f"
"Morocco","mathematics",2025,354.75514,2.95517,"I.B1.2a.3","B72","C72","14e958538fc68dc4bf25b47ad11c4f3f90035873aa96616925e5cea0af242fb8","https://stat.link/mrq53f"
"Netherlands*","mathematics",2025,483.27027,2.88828,"I.B1.2a.3","B73","C73","14e958538fc68dc4bf25b47ad11c4f3f90035873aa96616925e5cea0af242fb8","https://stat.link/mrq53f"
"New Zealand*","mathematics",2025,479.61907,2.16515,"I.B1.2a.3","B74","C74","14e958538fc68dc4bf25b47ad11c4f3f90035873aa96616925e5cea0af242fb8","https://stat.link/mrq53f"
"North Macedonia","mathematics",2025,379.79204,0.97078,"I.B1.2a.3","B75","C75","14e958538fc68dc4bf25b47ad11c4f3f90035873aa96616925e5cea0af242fb8","https://stat.link/mrq53f"
"Norway*","mathematics",2025,451.78008,2.02015,"I.B1.2a.3","B76","C76","14e958538fc68dc4bf25b47ad11c4f3f90035873aa96616925e5cea0af242fb8","https://stat.link/mrq53f"
"Palestinian Authority","mathematics",2025,354.33698,1.77553,"I.B1.2a.3","B77","C77","14e958538fc68dc4bf25b47ad11c4f3f90035873aa96616925e5cea0af242fb8","https://stat.link/mrq53f"
"Paraguay","mathematics",2025,333.73066,1.58776,"I.B1.2a.3","B78","C78","14e958538fc68dc4bf25b47ad11c4f3f90035873aa96616925e5cea0af242fb8","https://stat.link/mrq53f"
"Peru","mathematics",2025,382.43938,2.44829,"I.B1.2a.3","B79","C79","14e958538fc68dc4bf25b47ad11c4f3f90035873aa96616925e5cea0af242fb8","https://stat.link/mrq53f"
"Philippines","mathematics",2025,370.63089,1.69847,"I.B1.2a.3","B80","C80","14e958538fc68dc4bf25b47ad11c4f3f90035873aa96616925e5cea0af242fb8","https://stat.link/mrq53f"
"Poland","mathematics",2025,484.12092,2.7584,"I.B1.2a.3","B81","C81","14e958538fc68dc4bf25b47ad11c4f3f90035873aa96616925e5cea0af242fb8","https://stat.link/mrq53f"
"Portugal","mathematics",2025,459.94304,3.45479,"I.B1.2a.3","B82","C82","14e958538fc68dc4bf25b47ad11c4f3f90035873aa96616925e5cea0af242fb8","https://stat.link/mrq53f"
"Qatar","mathematics",2025,416.16179,1.34722,"I.B1.2a.3","B83","C83","14e958538fc68dc4bf25b47ad11c4f3f90035873aa96616925e5cea0af242fb8","https://stat.link/mrq53f"
"Romania","mathematics",2025,419.12421,4.53293,"I.B1.2a.3","B84","C84","14e958538fc68dc4bf25b47ad11c4f3f90035873aa96616925e5cea0af242fb8","https://stat.link/mrq53f"
"Rwanda","mathematics",2025,311.64827,3.02509,"I.B1.2a.3","B85","C85","14e958538fc68dc4bf25b47ad11c4f3f90035873aa96616925e5cea0af242fb8","https://stat.link/mrq53f"
"Saudi Arabia","mathematics",2025,389.88586,2.40002,"I.B1.2a.3","B86","C86","14e958538fc68dc4bf25b47ad11c4f3f90035873aa96616925e5cea0af242fb8","https://stat.link/mrq53f"
"Serbia","mathematics",2025,416.7354,2.9969,"I.B1.2a.3","B87","C87","14e958538fc68dc4bf25b47ad11c4f3f90035873aa96616925e5cea0af242fb8","https://stat.link/mrq53f"
"Singapore","mathematics",2025,562.89748,1.57155,"I.B1.2a.3","B88","C88","14e958538fc68dc4bf25b47ad11c4f3f90035873aa96616925e5cea0af242fb8","https://stat.link/mrq53f"
"Slovak Republic","mathematics",2025,469.0983,2.44582,"I.B1.2a.3","B89","C89","14e958538fc68dc4bf25b47ad11c4f3f90035873aa96616925e5cea0af242fb8","https://stat.link/mrq53f"
"Slovenia","mathematics",2025,459.83559,1.18578,"I.B1.2a.3","B90","C90","14e958538fc68dc4bf25b47ad11c4f3f90035873aa96616925e5cea0af242fb8","https://stat.link/mrq53f"
"Spain","mathematics",2025,457.44885,1.68682,"I.B1.2a.3","B91","C91","14e958538fc68dc4bf25b47ad11c4f3f90035873aa96616925e5cea0af242fb8","https://stat.link/mrq53f"
"Sweden","mathematics",2025,464.25122,2.50866,"I.B1.2a.3","B92","C92","14e958538fc68dc4bf25b47ad11c4f3f90035873aa96616925e5cea0af242fb8","https://stat.link/mrq53f"
"Switzerland","mathematics",2025,499.14704,2.59294,"I.B1.2a.3","B93","C93","14e958538fc68dc4bf25b47ad11c4f3f90035873aa96616925e5cea0af242fb8","https://stat.link/mrq53f"
"Chinese Taipei","mathematics",2025,546.18912,3.11544,"I.B1.2a.3","B94","C94","14e958538fc68dc4bf25b47ad11c4f3f90035873aa96616925e5cea0af242fb8","https://stat.link/mrq53f"
"Thailand","mathematics",2025,406.76478,2.87827,"I.B1.2a.3","B95","C95","14e958538fc68dc4bf25b47ad11c4f3f90035873aa96616925e5cea0af242fb8","https://stat.link/mrq53f"
"Türkiye","mathematics",2025,461.54657,2.39744,"I.B1.2a.3","B96","C96","14e958538fc68dc4bf25b47ad11c4f3f90035873aa96616925e5cea0af242fb8","https://stat.link/mrq53f"
"Ukrainian regions (17 of 27)","mathematics",2025,430.99203,2.55628,"I.B1.2a.3","B97","C97","14e958538fc68dc4bf25b47ad11c4f3f90035873aa96616925e5cea0af242fb8","https://stat.link/mrq53f"
"United Arab Emirates","mathematics",2025,452.58868,2.15876,"I.B1.2a.3","B98","C98","14e958538fc68dc4bf25b47ad11c4f3f90035873aa96616925e5cea0af242fb8","https://stat.link/mrq53f"
"United Kingdom","mathematics",2025,487.57374,2.1993,"I.B1.2a.3","B99","C99","14e958538fc68dc4bf25b47ad11c4f3f90035873aa96616925e5cea0af242fb8","https://stat.link/mrq53f"
"United States*","mathematics",2025,462.84782,5.39684,"I.B1.2a.3","B100","C100","14e958538fc68dc4bf25b47ad11c4f3f90035873aa96616925e5cea0af242fb8","https://stat.link/mrq53f"
"Uruguay","mathematics",2025,404.87885,1.94518,"I.B1.2a.3","B101","C101","14e958538fc68dc4bf25b47ad11c4f3f90035873aa96616925e5cea0af242fb8","https://stat.link/mrq53f"
"Uzbekistan","mathematics",2025,__R_MISSING_VALUE_7__,__R_MISSING_VALUE_7__,"I.B1.2a.3","B102","C102","14e958538fc68dc4bf25b47ad11c4f3f90035873aa96616925e5cea0af242fb8","https://stat.link/mrq53f"
"Viet Nam","mathematics",2025,443.18598,4.24258,"I.B1.2a.3","B103","C103","14e958538fc68dc4bf25b47ad11c4f3f90035873aa96616925e5cea0af242fb8","https://stat.link/mrq53f"
"Zambia","mathematics",2025,313.63332,9.27476,"I.B1.2a.3","B104","C104","14e958538fc68dc4bf25b47ad11c4f3f90035873aa96616925e5cea0af242fb8","https://stat.link/mrq53f"
"OECD average","science",2006,__R_MISSING_VALUE_7__,__R_MISSING_VALUE_7__,"I.B1.2a.36","B10","C10","14e958538fc68dc4bf25b47ad11c4f3f90035873aa96616925e5cea0af242fb8","https://stat.link/mrq53f"
"OECD average-23","science",2006,502.74367,0.59537,"I.B1.2a.36","B11","C11","14e958538fc68dc4bf25b47ad11c4f3f90035873aa96616925e5cea0af242fb8","https://stat.link/mrq53f"
"OECD average-35","science",2006,495.22952,0.50622,"I.B1.2a.36","B12","C12","14e958538fc68dc4bf25b47ad11c4f3f90035873aa96616925e5cea0af242fb8","https://stat.link/mrq53f"
"Argentina","science",2006,391.2439,6.08004,"I.B1.2a.36","B15","C15","14e958538fc68dc4bf25b47ad11c4f3f90035873aa96616925e5cea0af242fb8","https://stat.link/mrq53f"
"Armenia","science",2006,__R_MISSING_VALUE_7__,__R_MISSING_VALUE_7__,"I.B1.2a.36","B16","C16","14e958538fc68dc4bf25b47ad11c4f3f90035873aa96616925e5cea0af242fb8","https://stat.link/mrq53f"
"Australia","science",2006,526.87959,2.26028,"I.B1.2a.36","B17","C17","14e958538fc68dc4bf25b47ad11c4f3f90035873aa96616925e5cea0af242fb8","https://stat.link/mrq53f"
"Austria","science",2006,510.83715,3.92494,"I.B1.2a.36","B18","C18","14e958538fc68dc4bf25b47ad11c4f3f90035873aa96616925e5cea0af242fb8","https://stat.link/mrq53f"
"Azerbaijan","science",2006,382.33394,2.75353,"I.B1.2a.36","B19","C19","14e958538fc68dc4bf25b47ad11c4f3f90035873aa96616925e5cea0af242fb8","https://stat.link/mrq53f"
"Belgium","science",2006,510.36348,2.4847,"I.B1.2a.36","B20","C20","14e958538fc68dc4bf25b47ad11c4f3f90035873aa96616925e5cea0af242fb8","https://stat.link/mrq53f"
"Brazil","science",2006,390.33157,2.78634,"I.B1.2a.36","B21","C21","14e958538fc68dc4bf25b47ad11c4f3f90035873aa96616925e5cea0af242fb8","https://stat.link/mrq53f"
"Brunei Darussalam","science",2006,__R_MISSING_VALUE_7__,__R_MISSING_VALUE_7__,"I.B1.2a.36","B22","C22","14e958538fc68dc4bf25b47ad11c4f3f90035873aa96616925e5cea0af242fb8","https://stat.link/mrq53f"
"B-S-J-Z (China)","science",2006,__R_MISSING_VALUE_7__,__R_MISSING_VALUE_7__,"I.B1.2a.36","B23","C23","14e958538fc68dc4bf25b47ad11c4f3f90035873aa96616925e5cea0af242fb8","https://stat.link/mrq53f"
"Bulgaria","science",2006,434.07977,6.11176,"I.B1.2a.36","B24","C24","14e958538fc68dc4bf25b47ad11c4f3f90035873aa96616925e5cea0af242fb8","https://stat.link/mrq53f"
"Cambodia","science",2006,__R_MISSING_VALUE_7__,__R_MISSING_VALUE_7__,"I.B1.2a.36","B25","C25","14e958538fc68dc4bf25b47ad11c4f3f90035873aa96616925e5cea0af242fb8","https://stat.link/mrq53f"
"Canada*","science",2006,534.46978,2.03176,"I.B1.2a.36","B26","C26","14e958538fc68dc4bf25b47ad11c4f3f90035873aa96616925e5cea0af242fb8","https://stat.link/mrq53f"
"Chile","science",2006,438.17745,4.31769,"I.B1.2a.36","B27","C27","14e958538fc68dc4bf25b47ad11c4f3f90035873aa96616925e5cea0af242fb8","https://stat.link/mrq53f"
"Colombia","science",2006,388.03827,3.37494,"I.B1.2a.36","B28","C28","14e958538fc68dc4bf25b47ad11c4f3f90035873aa96616925e5cea0af242fb8","https://stat.link/mrq53f"
"Costa Rica","science",2006,__R_MISSING_VALUE_7__,__R_MISSING_VALUE_7__,"I.B1.2a.36","B29","C29","14e958538fc68dc4bf25b47ad11c4f3f90035873aa96616925e5cea0af242fb8","https://stat.link/mrq53f"
"Croatia","science",2006,493.20439,2.44515,"I.B1.2a.36","B30","C30","14e958538fc68dc4bf25b47ad11c4f3f90035873aa96616925e5cea0af242fb8","https://stat.link/mrq53f"
"Cyprus","science",2006,__R_MISSING_VALUE_7__,__R_MISSING_VALUE_7__,"I.B1.2a.36","B31","C31","14e958538fc68dc4bf25b47ad11c4f3f90035873aa96616925e5cea0af242fb8","https://stat.link/mrq53f"
"Czechia","science",2006,512.86075,3.47843,"I.B1.2a.36","B32","C32","14e958538fc68dc4bf25b47ad11c4f3f90035873aa96616925e5cea0af242fb8","https://stat.link/mrq53f"
"Denmark","science",2006,495.89431,3.10869,"I.B1.2a.36","B33","C33","14e958538fc68dc4bf25b47ad11c4f3f90035873aa96616925e5cea0af242fb8","https://stat.link/mrq53f"
"Dominican Republic","science",2006,__R_MISSING_VALUE_7__,__R_MISSING_VALUE_7__,"I.B1.2a.36","B34","C34","14e958538fc68dc4bf25b47ad11c4f3f90035873aa96616925e5cea0af242fb8","https://stat.link/mrq53f"
"Dushanbe (Tajikistan)","science",2006,__R_MISSING_VALUE_7__,__R_MISSING_VALUE_7__,"I.B1.2a.36","B35","C35","14e958538fc68dc4bf25b47ad11c4f3f90035873aa96616925e5cea0af242fb8","https://stat.link/mrq53f"
"Ecuador","science",2006,__R_MISSING_VALUE_7__,__R_MISSING_VALUE_7__,"I.B1.2a.36","B36","C36","14e958538fc68dc4bf25b47ad11c4f3f90035873aa96616925e5cea0af242fb8","https://stat.link/mrq53f"
"El Salvador","science",2006,__R_MISSING_VALUE_7__,__R_MISSING_VALUE_7__,"I.B1.2a.36","B37","C37","14e958538fc68dc4bf25b47ad11c4f3f90035873aa96616925e5cea0af242fb8","https://stat.link/mrq53f"
"Estonia","science",2006,531.3918,2.52296,"I.B1.2a.36","B38","C38","14e958538fc68dc4bf25b47ad11c4f3f90035873aa96616925e5cea0af242fb8","https://stat.link/mrq53f"
"Finland","science",2006,563.32283,2.01849,"I.B1.2a.36","B39","C39","14e958538fc68dc4bf25b47ad11c4f3f90035873aa96616925e5cea0af242fb8","https://stat.link/mrq53f"
"France","science",2006,495.21984,3.36026,"I.B1.2a.36","B40","C40","14e958538fc68dc4bf25b47ad11c4f3f90035873aa96616925e5cea0af242fb8","https://stat.link/mrq53f"
"Georgia","science",2006,__R_MISSING_VALUE_7__,__R_MISSING_VALUE_7__,"I.B1.2a.36","B41","C41","14e958538fc68dc4bf25b47ad11c4f3f90035873aa96616925e5cea0af242fb8","https://stat.link/mrq53f"
"Germany","science",2006,515.64913,3.79562,"I.B1.2a.36","B42","C42","14e958538fc68dc4bf25b47ad11c4f3f90035873aa96616925e5cea0af242fb8","https://stat.link/mrq53f"
"Greece","science",2006,473.37796,3.23092,"I.B1.2a.36","B43","C43","14e958538fc68dc4bf25b47ad11c4f3f90035873aa96616925e5cea0af242fb8","https://stat.link/mrq53f"
"Guatemala","science",2006,__R_MISSING_VALUE_7__,__R_MISSING_VALUE_7__,"I.B1.2a.36","B44","C44","14e958538fc68dc4bf25b47ad11c4f3f90035873aa96616925e5cea0af242fb8","https://stat.link/mrq53f"
"Hong Kong (China)","science",2006,542.21139,2.47332,"I.B1.2a.36","B45","C45","14e958538fc68dc4bf25b47ad11c4f3f90035873aa96616925e5cea0af242fb8","https://stat.link/mrq53f"
"Hungary","science",2006,503.93173,2.67597,"I.B1.2a.36","B46","C46","14e958538fc68dc4bf25b47ad11c4f3f90035873aa96616925e5cea0af242fb8","https://stat.link/mrq53f"
"Iceland","science",2006,490.79377,1.63748,"I.B1.2a.36","B47","C47","14e958538fc68dc4bf25b47ad11c4f3f90035873aa96616925e5cea0af242fb8","https://stat.link/mrq53f"
"Indonesia","science",2006,393.48102,5.72996,"I.B1.2a.36","B48","C48","14e958538fc68dc4bf25b47ad11c4f3f90035873aa96616925e5cea0af242fb8","https://stat.link/mrq53f"
"Ireland","science",2006,508.32893,3.18606,"I.B1.2a.36","B49","C49","14e958538fc68dc4bf25b47ad11c4f3f90035873aa96616925e5cea0af242fb8","https://stat.link/mrq53f"
"Israel","science",2006,453.90371,3.70695,"I.B1.2a.36","B50","C50","14e958538fc68dc4bf25b47ad11c4f3f90035873aa96616925e5cea0af242fb8","https://stat.link/mrq53f"
"Italy","science",2006,475.39722,2.01932,"I.B1.2a.36","B51","C51","14e958538fc68dc4bf25b47ad11c4f3f90035873aa96616925e5cea0af242fb8","https://stat.link/mrq53f"
"Japan","science",2006,531.38851,3.37433,"I.B1.2a.36","B52","C52","14e958538fc68dc4bf25b47ad11c4f3f90035873aa96616925e5cea0af242fb8","https://stat.link/mrq53f"
"Jordan","science",2006,__R_MISSING_VALUE_7__,__R_MISSING_VALUE_7__,"I.B1.2a.36","B53","C53","14e958538fc68dc4bf25b47ad11c4f3f90035873aa96616925e5cea0af242fb8","https://stat.link/mrq53f"
"Kazakhstan","science",2006,__R_MISSING_VALUE_7__,__R_MISSING_VALUE_7__,"I.B1.2a.36","B54","C54","14e958538fc68dc4bf25b47ad11c4f3f90035873aa96616925e5cea0af242fb8","https://stat.link/mrq53f"
"Kenya","science",2006,__R_MISSING_VALUE_7__,__R_MISSING_VALUE_7__,"I.B1.2a.36","B55","C55","14e958538fc68dc4bf25b47ad11c4f3f90035873aa96616925e5cea0af242fb8","https://stat.link/mrq53f"
"Korea","science",2006,522.14814,3.35759,"I.B1.2a.36","B56","C56","14e958538fc68dc4bf25b47ad11c4f3f90035873aa96616925e5cea0af242fb8","https://stat.link/mrq53f"
"Kosovo","science",2006,__R_MISSING_VALUE_7__,__R_MISSING_VALUE_7__,"I.B1.2a.36","B57","C57","14e958538fc68dc4bf25b47ad11c4f3f90035873aa96616925e5cea0af242fb8","https://stat.link/mrq53f"
"Kurdistan Region (Iraq)","science",2006,__R_MISSING_VALUE_7__,__R_MISSING_VALUE_7__,"I.B1.2a.36","B58","C58","14e958538fc68dc4bf25b47ad11c4f3f90035873aa96616925e5cea0af242fb8","https://stat.link/mrq53f"
"Kyrgyzstan","science",2006,322.03158,2.93377,"I.B1.2a.36","B59","C59","14e958538fc68dc4bf25b47ad11c4f3f90035873aa96616925e5cea0af242fb8","https://stat.link/mrq53f"
"Latvia","science",2006,489.54378,2.97169,"I.B1.2a.36","B60","C60","14e958538fc68dc4bf25b47ad11c4f3f90035873aa96616925e5cea0af242fb8","https://stat.link/mrq53f"
"Lebanon","science",2006,__R_MISSING_VALUE_7__,__R_MISSING_VALUE_7__,"I.B1.2a.36","B61","C61","14e958538fc68dc4bf25b47ad11c4f3f90035873aa96616925e5cea0af242fb8","https://stat.link/mrq53f"
"Lithuania","science",2006,487.9567,2.75692,"I.B1.2a.36","B62","C62","14e958538fc68dc4bf25b47ad11c4f3f90035873aa96616925e5cea0af242fb8","https://stat.link/mrq53f"
"Luxembourg","science",2006,486.32436,1.05426,"I.B1.2a.36","B63","C63","14e958538fc68dc4bf25b47ad11c4f3f90035873aa96616925e5cea0af242fb8","https://stat.link/mrq53f"
"Macao (China)","science",2006,510.83972,1.05712,"I.B1.2a.36","B64","C64","14e958538fc68dc4bf25b47ad11c4f3f90035873aa96616925e5cea0af242fb8","https://stat.link/mrq53f"
"Malaysia","science",2006,__R_MISSING_VALUE_7__,__R_MISSING_VALUE_7__,"I.B1.2a.36","B65","C65","14e958538fc68dc4bf25b47ad11c4f3f90035873aa96616925e5cea0af242fb8","https://stat.link/mrq53f"
"Malta","science",2006,__R_MISSING_VALUE_7__,__R_MISSING_VALUE_7__,"I.B1.2a.36","B66","C66","14e958538fc68dc4bf25b47ad11c4f3f90035873aa96616925e5cea0af242fb8","https://stat.link/mrq53f"
"Mauritius","science",2006,__R_MISSING_VALUE_7__,__R_MISSING_VALUE_7__,"I.B1.2a.36","B67","C67","14e958538fc68dc4bf25b47ad11c4f3f90035873aa96616925e5cea0af242fb8","https://stat.link/mrq53f"
"Mexico","science",2006,409.65195,2.71453,"I.B1.2a.36","B68","C68","14e958538fc68dc4bf25b47ad11c4f3f90035873aa96616925e5cea0af242fb8","https://stat.link/mrq53f"
"Moldova","science",2006,__R_MISSING_VALUE_7__,__R_MISSING_VALUE_7__,"I.B1.2a.36","B69","C69","14e958538fc68dc4bf25b47ad11c4f3f90035873aa96616925e5cea0af242fb8","https://stat.link/mrq53f"
"Mongolia","science",2006,__R_MISSING_VALUE_7__,__R_MISSING_VALUE_7__,"I.B1.2a.36","B70","C70","14e958538fc68dc4bf25b47ad11c4f3f90035873aa96616925e5cea0af242fb8","https://stat.link/mrq53f"
"Montenegro","science",2006,411.78843,1.06409,"I.B1.2a.36","B71","C71","14e958538fc68dc4bf25b47ad11c4f3f90035873aa96616925e5cea0af242fb8","https://stat.link/mrq53f"
"Morocco","science",2006,__R_MISSING_VALUE_7__,__R_MISSING_VALUE_7__,"I.B1.2a.36","B72","C72","14e958538fc68dc4bf25b47ad11c4f3f90035873aa96616925e5cea0af242fb8","https://stat.link/mrq53f"
"Netherlands*","science",2006,524.86151,2.74164,"I.B1.2a.36","B73","C73","14e958538fc68dc4bf25b47ad11c4f3f90035873aa96616925e5cea0af242fb8","https://stat.link/mrq53f"
"New Zealand*","science",2006,530.38436,2.6929,"I.B1.2a.36","B74","C74","14e958538fc68dc4bf25b47ad11c4f3f90035873aa96616925e5cea0af242fb8","https://stat.link/mrq53f"
"North Macedonia","science",2006,__R_MISSING_VALUE_7__,__R_MISSING_VALUE_7__,"I.B1.2a.36","B75","C75","14e958538fc68dc4bf25b47ad11c4f3f90035873aa96616925e5cea0af242fb8","https://stat.link/mrq53f"
"Norway*","science",2006,486.52796,3.11138,"I.B1.2a.36","B76","C76","14e958538fc68dc4bf25b47ad11c4f3f90035873aa96616925e5cea0af242fb8","https://stat.link/mrq53f"
"Palestinian Authority","science",2006,__R_MISSING_VALUE_7__,__R_MISSING_VALUE_7__,"I.B1.2a.36","B77","C77","14e958538fc68dc4bf25b47ad11c4f3f90035873aa96616925e5cea0af242fb8","https://stat.link/mrq53f"
"Paraguay","science",2006,__R_MISSING_VALUE_7__,__R_MISSING_VALUE_7__,"I.B1.2a.36","B78","C78","14e958538fc68dc4bf25b47ad11c4f3f90035873aa96616925e5cea0af242fb8","https://stat.link/mrq53f"
"Peru","science",2006,__R_MISSING_VALUE_7__,__R_MISSING_VALUE_7__,"I.B1.2a.36","B79","C79","14e958538fc68dc4bf25b47ad11c4f3f90035873aa96616925e5cea0af242fb8","https://stat.link/mrq53f"
"Philippines","science",2006,__R_MISSING_VALUE_7__,__R_MISSING_VALUE_7__,"I.B1.2a.36","B80","C80","14e958538fc68dc4bf25b47ad11c4f3f90035873aa96616925e5cea0af242fb8","https://stat.link/mrq53f"
"Poland","science",2006,497.8065,2.34246,"I.B1.2a.36","B81","C81","14e958538fc68dc4bf25b47ad11c4f3f90035873aa96616925e5cea0af242fb8","https://stat.link/mrq53f"
"Portugal","science",2006,474.30589,3.02331,"I.B1.2a.36","B82","C82","14e958538fc68dc4bf25b47ad11c4f3f90035873aa96616925e5cea0af242fb8","https://stat.link/mrq53f"
"Qatar","science",2006,349.31315,0.85521,"I.B1.2a.36","B83","C83","14e958538fc68dc4bf25b47ad11c4f3f90035873aa96616925e5cea0af242fb8","https://stat.link/mrq53f"
"Romania","science",2006,418.38637,4.19998,"I.B1.2a.36","B84","C84","14e958538fc68dc4bf25b47ad11c4f3f90035873aa96616925e5cea0af242fb8","https://stat.link/mrq53f"
"Rwanda","science",2006,__R_MISSING_VALUE_7__,__R_MISSING_VALUE_7__,"I.B1.2a.36","B85","C85","14e958538fc68dc4bf25b47ad11c4f3f90035873aa96616925e5cea0af242fb8","https://stat.link/mrq53f"
"Saudi Arabia","science",2006,__R_MISSING_VALUE_7__,__R_MISSING_VALUE_7__,"I.B1.2a.36","B86","C86","14e958538fc68dc4bf25b47ad11c4f3f90035873aa96616925e5cea0af242fb8","https://stat.link/mrq53f"
"Serbia","science",2006,435.63634,3.03645,"I.B1.2a.36","B87","C87","14e958538fc68dc4bf25b47ad11c4f3f90035873aa96616925e5cea0af242fb8","https://stat.link/mrq53f"
"Singapore","science",2006,__R_MISSING_VALUE_7__,__R_MISSING_VALUE_7__,"I.B1.2a.36","B88","C88","14e958538fc68dc4bf25b47ad11c4f3f90035873aa96616925e5cea0af242fb8","https://stat.link/mrq53f"
"Slovak Republic","science",2006,488.4334,2.58537,"I.B1.2a.36","B89","C89","14e958538fc68dc4bf25b47ad11c4f3f90035873aa96616925e5cea0af242fb8","https://stat.link/mrq53f"
"Slovenia","science",2006,518.81561,1.11112,"I.B1.2a.36","B90","C90","14e958538fc68dc4bf25b47ad11c4f3f90035873aa96616925e5cea0af242fb8","https://stat.link/mrq53f"
"Spain","science",2006,488.42452,2.56541,"I.B1.2a.36","B91","C91","14e958538fc68dc4bf25b47ad11c4f3f90035873aa96616925e5cea0af242fb8","https://stat.link/mrq53f"
"Sweden","science",2006,503.33401,2.37481,"I.B1.2a.36","B92","C92","14e958538fc68dc4bf25b47ad11c4f3f90035873aa96616925e5cea0af242fb8","https://stat.link/mrq53f"
"Switzerland","science",2006,511.52391,3.16232,"I.B1.2a.36","B93","C93","14e958538fc68dc4bf25b47ad11c4f3f90035873aa96616925e5cea0af242fb8","https://stat.link/mrq53f"
"Chinese Taipei","science",2006,532.47355,3.56858,"I.B1.2a.36","B94","C94","14e958538fc68dc4bf25b47ad11c4f3f90035873aa96616925e5cea0af242fb8","https://stat.link/mrq53f"
"Thailand","science",2006,421.01147,2.14337,"I.B1.2a.36","B95","C95","14e958538fc68dc4bf25b47ad11c4f3f90035873aa96616925e5cea0af242fb8","https://stat.link/mrq53f"
"Türkiye","science",2006,423.83275,3.83906,"I.B1.2a.36","B96","C96","14e958538fc68dc4bf25b47ad11c4f3f90035873aa96616925e5cea0af242fb8","https://stat.link/mrq53f"
"Ukrainian regions (17 of 27)","science",2006,__R_MISSING_VALUE_7__,__R_MISSING_VALUE_7__,"I.B1.2a.36","B97","C97","14e958538fc68dc4bf25b47ad11c4f3f90035873aa96616925e5cea0af242fb8","https://stat.link/mrq53f"
"United Arab Emirates","science",2006,__R_MISSING_VALUE_7__,__R_MISSING_VALUE_7__,"I.B1.2a.36","B98","C98","14e958538fc68dc4bf25b47ad11c4f3f90035873aa96616925e5cea0af242fb8","https://stat.link/mrq53f"
"United Kingdom","science",2006,514.77355,2.28901,"I.B1.2a.36","B99","C99","14e958538fc68dc4bf25b47ad11c4f3f90035873aa96616925e5cea0af242fb8","https://stat.link/mrq53f"
"United States*","science",2006,488.90684,4.22419,"I.B1.2a.36","B100","C100","14e958538fc68dc4bf25b47ad11c4f3f90035873aa96616925e5cea0af242fb8","https://stat.link/mrq53f"
"Uruguay","science",2006,428.13388,2.74854,"I.B1.2a.36","B101","C101","14e958538fc68dc4bf25b47ad11c4f3f90035873aa96616925e5cea0af242fb8","https://stat.link/mrq53f"
"Uzbekistan","science",2006,__R_MISSING_VALUE_7__,__R_MISSING_VALUE_7__,"I.B1.2a.36","B102","C102","14e958538fc68dc4bf25b47ad11c4f3f90035873aa96616925e5cea0af242fb8","https://stat.link/mrq53f"
"Viet Nam","science",2006,__R_MISSING_VALUE_7__,__R_MISSING_VALUE_7__,"I.B1.2a.36","B103","C103","14e958538fc68dc4bf25b47ad11c4f3f90035873aa96616925e5cea0af242fb8","https://stat.link/mrq53f"
"Zambia","science",2006,__R_MISSING_VALUE_7__,__R_MISSING_VALUE_7__,"I.B1.2a.36","B104","C104","14e958538fc68dc4bf25b47ad11c4f3f90035873aa96616925e5cea0af242fb8","https://stat.link/mrq53f"
"Albania*","science",2006,__R_MISSING_VALUE_7__,__R_MISSING_VALUE_7__,"I.B1.2a.36","B106","C106","14e958538fc68dc4bf25b47ad11c4f3f90035873aa96616925e5cea0af242fb8","https://stat.link/mrq53f"
"OECD average","science",2009,__R_MISSING_VALUE_7__,__R_MISSING_VALUE_7__,"I.B1.2a.36","D10","E10","14e958538fc68dc4bf25b47ad11c4f3f90035873aa96616925e5cea0af242fb8","https://stat.link/mrq53f"
"OECD average-23","science",2009,505.74124,0.57956,"I.B1.2a.36","D11","E11","14e958538fc68dc4bf25b47ad11c4f3f90035873aa96616925e5cea0af242fb8","https://stat.link/mrq53f"
"OECD average-35","science",2009,__R_MISSING_VALUE_7__,__R_MISSING_VALUE_7__,"I.B1.2a.36","D12","E12","14e958538fc68dc4bf25b47ad11c4f3f90035873aa96616925e5cea0af242fb8","https://stat.link/mrq53f"
"Argentina","science",2009,400.83852,4.57668,"I.B1.2a.36","D15","E15","14e958538fc68dc4bf25b47ad11c4f3f90035873aa96616925e5cea0af242fb8","https://stat.link/mrq53f"
"Armenia","science",2009,__R_MISSING_VALUE_7__,__R_MISSING_VALUE_7__,"I.B1.2a.36","D16","E16","14e958538fc68dc4bf25b47ad11c4f3f90035873aa96616925e5cea0af242fb8","https://stat.link/mrq53f"
"Australia","science",2009,527.27053,2.53113,"I.B1.2a.36","D17","E17","14e958538fc68dc4bf25b47ad11c4f3f90035873aa96616925e5cea0af242fb8","https://stat.link/mrq53f"
"Austria","science",2009,__R_MISSING_VALUE_7__,__R_MISSING_VALUE_7__,"I.B1.2a.36","D18","E18","14e958538fc68dc4bf25b47ad11c4f3f90035873aa96616925e5cea0af242fb8","https://stat.link/mrq53f"
"Azerbaijan","science",2009,373.18359,3.05161,"I.B1.2a.36","D19","E19","14e958538fc68dc4bf25b47ad11c4f3f90035873aa96616925e5cea0af242fb8","https://stat.link/mrq53f"
"Belgium","science",2009,506.57553,2.52221,"I.B1.2a.36","D20","E20","14e958538fc68dc4bf25b47ad11c4f3f90035873aa96616925e5cea0af242fb8","https://stat.link/mrq53f"
"Brazil","science",2009,405.40399,2.43302,"I.B1.2a.36","D21","E21","14e958538fc68dc4bf25b47ad11c4f3f90035873aa96616925e5cea0af242fb8","https://stat.link/mrq53f"
"Brunei Darussalam","science",2009,__R_MISSING_VALUE_7__,__R_MISSING_VALUE_7__,"I.B1.2a.36","D22","E22","14e958538fc68dc4bf25b47ad11c4f3f90035873aa96616925e5cea0af242fb8","https://stat.link/mrq53f"
"B-S-J-Z (China)","science",2009,__R_MISSING_VALUE_7__,__R_MISSING_VALUE_7__,"I.B1.2a.36","D23","E23","14e958538fc68dc4bf25b47ad11c4f3f90035873aa96616925e5cea0af242fb8","https://stat.link/mrq53f"
"Bulgaria","science",2009,439.29415,5.86216,"I.B1.2a.36","D24","E24","14e958538fc68dc4bf25b47ad11c4f3f90035873aa96616925e5cea0af242fb8","https://stat.link/mrq53f"
"Cambodia","science",2009,__R_MISSING_VALUE_7__,__R_MISSING_VALUE_7__,"I.B1.2a.36","D25","E25","14e958538fc68dc4bf25b47ad11c4f3f90035873aa96616925e5cea0af242fb8","https://stat.link/mrq53f"
"Canada*","science",2009,528.70495,1.62134,"I.B1.2a.36","D26","E26","14e958538fc68dc4bf25b47ad11c4f3f90035873aa96616925e5cea0af242fb8","https://stat.link/mrq53f"
"Chile","science",2009,447.46736,2.92276,"I.B1.2a.36","D27","E27","14e958538fc68dc4bf25b47ad11c4f3f90035873aa96616925e5cea0af242fb8","https://stat.link/mrq53f"
"Colombia","science",2009,401.75012,3.63441,"I.B1.2a.36","D28","E28","14e958538fc68dc4bf25b47ad11c4f3f90035873aa96616925e5cea0af242fb8","https://stat.link/mrq53f"
"Costa Rica","science",2009,430.48126,2.76329,"I.B1.2a.36","D29","E29","14e958538fc68dc4bf25b47ad11c4f3f90035873aa96616925e5cea0af242fb8","https://stat.link/mrq53f"
"Croatia","science",2009,486.36345,2.83359,"I.B1.2a.36","D30","E30","14e958538fc68dc4bf25b47ad11c4f3f90035873aa96616925e5cea0af242fb8","https://stat.link/mrq53f"
"Cyprus","science",2009,__R_MISSING_VALUE_7__,__R_MISSING_VALUE_7__,"I.B1.2a.36","D31","E31","14e958538fc68dc4bf25b47ad11c4f3f90035873aa96616925e5cea0af242fb8","https://stat.link/mrq53f"
"Czechia","science",2009,500.49707,2.97422,"I.B1.2a.36","D32","E32","14e958538fc68dc4bf25b47ad11c4f3f90035873aa96616925e5cea0af242fb8","https://stat.link/mrq53f"
"Denmark","science",2009,499.33697,2.48227,"I.B1.2a.36","D33","E33","14e958538fc68dc4bf25b47ad11c4f3f90035873aa96616925e5cea0af242fb8","https://stat.link/mrq53f"
"Dominican Republic","science",2009,__R_MISSING_VALUE_7__,__R_MISSING_VALUE_7__,"I.B1.2a.36","D34","E34","14e958538fc68dc4bf25b47ad11c4f3f90035873aa96616925e5cea0af242fb8","https://stat.link/mrq53f"
"Dushanbe (Tajikistan)","science",2009,__R_MISSING_VALUE_7__,__R_MISSING_VALUE_7__,"I.B1.2a.36","D35","E35","14e958538fc68dc4bf25b47ad11c4f3f90035873aa96616925e5cea0af242fb8","https://stat.link/mrq53f"
"Ecuador","science",2009,__R_MISSING_VALUE_7__,__R_MISSING_VALUE_7__,"I.B1.2a.36","D36","E36","14e958538fc68dc4bf25b47ad11c4f3f90035873aa96616925e5cea0af242fb8","https://stat.link/mrq53f"
"El Salvador","science",2009,__R_MISSING_VALUE_7__,__R_MISSING_VALUE_7__,"I.B1.2a.36","D37","E37","14e958538fc68dc4bf25b47ad11c4f3f90035873aa96616925e5cea0af242fb8","https://stat.link/mrq53f"
"Estonia","science",2009,527.83176,2.66858,"I.B1.2a.36","D38","E38","14e958538fc68dc4bf25b47ad11c4f3f90035873aa96616925e5cea0af242fb8","https://stat.link/mrq53f"
"Finland","science",2009,554.07951,2.3358,"I.B1.2a.36","D39","E39","14e958538fc68dc4bf25b47ad11c4f3f90035873aa96616925e5cea0af242fb8","https://stat.link/mrq53f"
"France","science",2009,498.22689,3.60137,"I.B1.2a.36","D40","E40","14e958538fc68dc4bf25b47ad11c4f3f90035873aa96616925e5cea0af242fb8","https://stat.link/mrq53f"
"Georgia","science",2009,372.65296,2.91755,"I.B1.2a.36","D41","E41","14e958538fc68dc4bf25b47ad11c4f3f90035873aa96616925e5cea0af242fb8","https://stat.link/mrq53f"
"Germany","science",2009,520.40535,2.79868,"I.B1.2a.36","D42","E42","14e958538fc68dc4bf25b47ad11c4f3f90035873aa96616925e5cea0af242fb8","https://stat.link/mrq53f"
"Greece","science",2009,470.11576,4.03884,"I.B1.2a.36","D43","E43","14e958538fc68dc4bf25b47ad11c4f3f90035873aa96616925e5cea0af242fb8","https://stat.link/mrq53f"
"Guatemala","science",2009,__R_MISSING_VALUE_7__,__R_MISSING_VALUE_7__,"I.B1.2a.36","D44","E44","14e958538fc68dc4bf25b47ad11c4f3f90035873aa96616925e5cea0af242fb8","https://stat.link/mrq53f"
"Hong Kong (China)","science",2009,549.02871,2.75157,"I.B1.2a.36","D45","E45","14e958538fc68dc4bf25b47ad11c4f3f90035873aa96616925e5cea0af242fb8","https://stat.link/mrq53f"
"Hungary","science",2009,502.64275,3.14228,"I.B1.2a.36","D46","E46","14e958538fc68dc4bf25b47ad11c4f3f90035873aa96616925e5cea0af242fb8","https://stat.link/mrq53f"
"Iceland","science",2009,495.5985,1.41105,"I.B1.2a.36","D47","E47","14e958538fc68dc4bf25b47ad11c4f3f90035873aa96616925e5cea0af242fb8","https://stat.link/mrq53f"
"Indonesia","science",2009,382.56945,3.78489,"I.B1.2a.36","D48","E48","14e958538fc68dc4bf25b47ad11c4f3f90035873aa96616925e5cea0af242fb8","https://stat.link/mrq53f"
"Ireland","science",2009,507.98415,3.26706,"I.B1.2a.36","D49","E49","14e958538fc68dc4bf25b47ad11c4f3f90035873aa96616925e5cea0af242fb8","https://stat.link/mrq53f"
"Israel","science",2009,454.85096,3.11245,"I.B1.2a.36","D50","E50","14e958538fc68dc4bf25b47ad11c4f3f90035873aa96616925e5cea0af242fb8","https://stat.link/mrq53f"
"Italy","science",2009,488.83136,1.77296,"I.B1.2a.36","D51","E51","14e958538fc68dc4bf25b47ad11c4f3f90035873aa96616925e5cea0af242fb8","https://stat.link/mrq53f"
"Japan","science",2009,539.43099,3.41264,"I.B1.2a.36","D52","E52","14e958538fc68dc4bf25b47ad11c4f3f90035873aa96616925e5cea0af242fb8","https://stat.link/mrq53f"
"Jordan","science",2009,__R_MISSING_VALUE_7__,__R_MISSING_VALUE_7__,"I.B1.2a.36","D53","E53","14e958538fc68dc4bf25b47ad11c4f3f90035873aa96616925e5cea0af242fb8","https://stat.link/mrq53f"
"Kazakhstan","science",2009,400.37614,3.13166,"I.B1.2a.36","D54","E54","14e958538fc68dc4bf25b47ad11c4f3f90035873aa96616925e5cea0af242fb8","https://stat.link/mrq53f"
"Kenya","science",2009,__R_MISSING_VALUE_7__,__R_MISSING_VALUE_7__,"I.B1.2a.36","D55","E55","14e958538fc68dc4bf25b47ad11c4f3f90035873aa96616925e5cea0af242fb8","https://stat.link/mrq53f"
"Korea","science",2009,537.98623,3.43871,"I.B1.2a.36","D56","E56","14e958538fc68dc4bf25b47ad11c4f3f90035873aa96616925e5cea0af242fb8","https://stat.link/mrq53f"
"Kosovo","science",2009,__R_MISSING_VALUE_7__,__R_MISSING_VALUE_7__,"I.B1.2a.36","D57","E57","14e958538fc68dc4bf25b47ad11c4f3f90035873aa96616925e5cea0af242fb8","https://stat.link/mrq53f"
"Kurdistan Region (Iraq)","science",2009,__R_MISSING_VALUE_7__,__R_MISSING_VALUE_7__,"I.B1.2a.36","D58","E58","14e958538fc68dc4bf25b47ad11c4f3f90035873aa96616925e5cea0af242fb8","https://stat.link/mrq53f"
"Kyrgyzstan","science",2009,329.54562,2.92081,"I.B1.2a.36","D59","E59","14e958538fc68dc4bf25b47ad11c4f3f90035873aa96616925e5cea0af242fb8","https://stat.link/mrq53f"
"Latvia","science",2009,493.87892,3.0652,"I.B1.2a.36","D60","E60","14e958538fc68dc4bf25b47ad11c4f3f90035873aa96616925e5cea0af242fb8","https://stat.link/mrq53f"
"Lebanon","science",2009,__R_MISSING_VALUE_7__,__R_MISSING_VALUE_7__,"I.B1.2a.36","D61","E61","14e958538fc68dc4bf25b47ad11c4f3f90035873aa96616925e5cea0af242fb8","https://stat.link/mrq53f"
"Lithuania","science",2009,491.40979,2.92955,"I.B1.2a.36","D62","E62","14e958538fc68dc4bf25b47ad11c4f3f90035873aa96616925e5cea0af242fb8","https://stat.link/mrq53f"
"Luxembourg","science",2009,483.92842,1.23094,"I.B1.2a.36","D63","E63","14e958538fc68dc4bf25b47ad11c4f3f90035873aa96616925e5cea0af242fb8","https://stat.link/mrq53f"
"Macao (China)","science",2009,511.0696,1.0343,"I.B1.2a.36","D64","E64","14e958538fc68dc4bf25b47ad11c4f3f90035873aa96616925e5cea0af242fb8","https://stat.link/mrq53f"
"Malaysia","science",2009,422.23162,2.67974,"I.B1.2a.36","D65","E65","14e958538fc68dc4bf25b47ad11c4f3f90035873aa96616925e5cea0af242fb8","https://stat.link/mrq53f"
"Malta","science",2009,461.33914,1.72206,"I.B1.2a.36","D66","E66","14e958538fc68dc4bf25b47ad11c4f3f90035873aa96616925e5cea0af242fb8","https://stat.link/mrq53f"
"Mauritius","science",2009,417.20373,1.11863,"I.B1.2a.36","D67","E67","14e958538fc68dc4bf25b47ad11c4f3f90035873aa96616925e5cea0af242fb8","https://stat.link/mrq53f"
"Mexico","science",2009,415.90867,1.78795,"I.B1.2a.36","D68","E68","14e958538fc68dc4bf25b47ad11c4f3f90035873aa96616925e5cea0af242fb8","https://stat.link/mrq53f"
"Moldova","science",2009,412.7709,3.01318,"I.B1.2a.36","D69","E69","14e958538fc68dc4bf25b47ad11c4f3f90035873aa96616925e5cea0af242fb8","https://stat.link/mrq53f"
"Mongolia","science",2009,__R_MISSING_VALUE_7__,__R_MISSING_VALUE_7__,"I.B1.2a.36","D70","E70","14e958538fc68dc4bf25b47ad11c4f3f90035873aa96616925e5cea0af242fb8","https://stat.link/mrq53f"
"Montenegro","science",2009,401.27747,2.03432,"I.B1.2a.36","D71","E71","14e958538fc68dc4bf25b47ad11c4f3f90035873aa96616925e5cea0af242fb8","https://stat.link/mrq53f"
"Morocco","science",2009,__R_MISSING_VALUE_7__,__R_MISSING_VALUE_7__,"I.B1.2a.36","D72","E72","14e958538fc68dc4bf25b47ad11c4f3f90035873aa96616925e5cea0af242fb8","https://stat.link/mrq53f"
"Netherlands*","science",2009,522.21813,5.41886,"I.B1.2a.36","D73","E73","14e958538fc68dc4bf25b47ad11c4f3f90035873aa96616925e5cea0af242fb8","https://stat.link/mrq53f"
"New Zealand*","science",2009,532.0069,2.57875,"I.B1.2a.36","D74","E74","14e958538fc68dc4bf25b47ad11c4f3f90035873aa96616925e5cea0af242fb8","https://stat.link/mrq53f"
"North Macedonia","science",2009,__R_MISSING_VALUE_7__,__R_MISSING_VALUE_7__,"I.B1.2a.36","D75","E75","14e958538fc68dc4bf25b47ad11c4f3f90035873aa96616925e5cea0af242fb8","https://stat.link/mrq53f"
"Norway*","science",2009,499.8757,2.60034,"I.B1.2a.36","D76","E76","14e958538fc68dc4bf25b47ad11c4f3f90035873aa96616925e5cea0af242fb8","https://stat.link/mrq53f"
"Palestinian Authority","science",2009,__R_MISSING_VALUE_7__,__R_MISSING_VALUE_7__,"I.B1.2a.36","D77","E77","14e958538fc68dc4bf25b47ad11c4f3f90035873aa96616925e5cea0af242fb8","https://stat.link/mrq53f"
"Paraguay","science",2009,__R_MISSING_VALUE_7__,__R_MISSING_VALUE_7__,"I.B1.2a.36","D78","E78","14e958538fc68dc4bf25b47ad11c4f3f90035873aa96616925e5cea0af242fb8","https://stat.link/mrq53f"
"Peru","science",2009,369.35177,3.48771,"I.B1.2a.36","D79","E79","14e958538fc68dc4bf25b47ad11c4f3f90035873aa96616925e5cea0af242fb8","https://stat.link/mrq53f"
"Philippines","science",2009,__R_MISSING_VALUE_7__,__R_MISSING_VALUE_7__,"I.B1.2a.36","D80","E80","14e958538fc68dc4bf25b47ad11c4f3f90035873aa96616925e5cea0af242fb8","https://stat.link/mrq53f"
"Poland","science",2009,508.0683,2.41325,"I.B1.2a.36","D81","E81","14e958538fc68dc4bf25b47ad11c4f3f90035873aa96616925e5cea0af242fb8","https://stat.link/mrq53f"
"Portugal","science",2009,492.94997,2.89772,"I.B1.2a.36","D82","E82","14e958538fc68dc4bf25b47ad11c4f3f90035873aa96616925e5cea0af242fb8","https://stat.link/mrq53f"
"Qatar","science",2009,379.44695,0.89108,"I.B1.2a.36","D83","E83","14e958538fc68dc4bf25b47ad11c4f3f90035873aa96616925e5cea0af242fb8","https://stat.link/mrq53f"
"Romania","science",2009,428.17888,3.35903,"I.B1.2a.36","D84","E84","14e958538fc68dc4bf25b47ad11c4f3f90035873aa96616925e5cea0af242fb8","https://stat.link/mrq53f"
"Rwanda","science",2009,__R_MISSING_VALUE_7__,__R_MISSING_VALUE_7__,"I.B1.2a.36","D85","E85","14e958538fc68dc4bf25b47ad11c4f3f90035873aa96616925e5cea0af242fb8","https://stat.link/mrq53f"
"Saudi Arabia","science",2009,__R_MISSING_VALUE_7__,__R_MISSING_VALUE_7__,"I.B1.2a.36","D86","E86","14e958538fc68dc4bf25b47ad11c4f3f90035873aa96616925e5cea0af242fb8","https://stat.link/mrq53f"
"Serbia","science",2009,442.78579,2.3656,"I.B1.2a.36","D87","E87","14e958538fc68dc4bf25b47ad11c4f3f90035873aa96616925e5cea0af242fb8","https://stat.link/mrq53f"
"Singapore","science",2009,541.69552,1.3628,"I.B1.2a.36","D88","E88","14e958538fc68dc4bf25b47ad11c4f3f90035873aa96616925e5cea0af242fb8","https://stat.link/mrq53f"
"Slovak Republic","science",2009,490.26592,2.98599,"I.B1.2a.36","D89","E89","14e958538fc68dc4bf25b47ad11c4f3f90035873aa96616925e5cea0af242fb8","https://stat.link/mrq53f"
"Slovenia","science",2009,511.75947,1.14919,"I.B1.2a.36","D90","E90","14e958538fc68dc4bf25b47ad11c4f3f90035873aa96616925e5cea0af242fb8","https://stat.link/mrq53f"
"Spain","science",2009,488.25463,2.05246,"I.B1.2a.36","D91","E91","14e958538fc68dc4bf25b47ad11c4f3f90035873aa96616925e5cea0af242fb8","https://stat.link/mrq53f"
"Sweden","science",2009,495.1059,2.72059,"I.B1.2a.36","D92","E92","14e958538fc68dc4bf25b47ad11c4f3f90035873aa96616925e5cea0af242fb8","https://stat.link/mrq53f"
"Switzerland","science",2009,516.56751,2.81666,"I.B1.2a.36","D93","E93","14e958538fc68dc4bf25b47ad11c4f3f90035873aa96616925e5cea0af242fb8","https://stat.link/mrq53f"
"Chinese Taipei","science",2009,520.41979,2.63194,"I.B1.2a.36","D94","E94","14e958538fc68dc4bf25b47ad11c4f3f90035873aa96616925e5cea0af242fb8","https://stat.link/mrq53f"
"Thailand","science",2009,425.29628,2.97629,"I.B1.2a.36","D95","E95","14e958538fc68dc4bf25b47ad11c4f3f90035873aa96616925e5cea0af242fb8","https://stat.link/mrq53f"
"Türkiye","science",2009,453.90972,3.59669,"I.B1.2a.36","D96","E96","14e958538fc68dc4bf25b47ad11c4f3f90035873aa96616925e5cea0af242fb8","https://stat.link/mrq53f"
"Ukrainian regions (17 of 27)","science",2009,__R_MISSING_VALUE_7__,__R_MISSING_VALUE_7__,"I.B1.2a.36","D97","E97","14e958538fc68dc4bf25b47ad11c4f3f90035873aa96616925e5cea0af242fb8","https://stat.link/mrq53f"
"United Arab Emirates","science",2009,437.80644,2.61862,"I.B1.2a.36","D98","E98","14e958538fc68dc4bf25b47ad11c4f3f90035873aa96616925e5cea0af242fb8","https://stat.link/mrq53f"
"United Kingdom","science",2009,513.71024,2.51836,"I.B1.2a.36","D99","E99","14e958538fc68dc4bf25b47ad11c4f3f90035873aa96616925e5cea0af242fb8","https://stat.link/mrq53f"
"United States*","science",2009,502.00227,3.64423,"I.B1.2a.36","D100","E100","14e958538fc68dc4bf25b47ad11c4f3f90035873aa96616925e5cea0af242fb8","https://stat.link/mrq53f"
"Uruguay","science",2009,427.21425,2.5749,"I.B1.2a.36","D101","E101","14e958538fc68dc4bf25b47ad11c4f3f90035873aa96616925e5cea0af242fb8","https://stat.link/mrq53f"
"Uzbekistan","science",2009,__R_MISSING_VALUE_7__,__R_MISSING_VALUE_7__,"I.B1.2a.36","D102","E102","14e958538fc68dc4bf25b47ad11c4f3f90035873aa96616925e5cea0af242fb8","https://stat.link/mrq53f"
"Viet Nam","science",2009,__R_MISSING_VALUE_7__,__R_MISSING_VALUE_7__,"I.B1.2a.36","D103","E103","14e958538fc68dc4bf25b47ad11c4f3f90035873aa96616925e5cea0af242fb8","https://stat.link/mrq53f"
"Zambia","science",2009,__R_MISSING_VALUE_7__,__R_MISSING_VALUE_7__,"I.B1.2a.36","D104","E104","14e958538fc68dc4bf25b47ad11c4f3f90035873aa96616925e5cea0af242fb8","https://stat.link/mrq53f"
"Albania*","science",2009,390.69575,3.93888,"I.B1.2a.36","D106","E106","14e958538fc68dc4bf25b47ad11c4f3f90035873aa96616925e5cea0af242fb8","https://stat.link/mrq53f"
"OECD average","science",2012,496.44051,0.46482,"I.B1.2a.36","F10","G10","14e958538fc68dc4bf25b47ad11c4f3f90035873aa96616925e5cea0af242fb8","https://stat.link/mrq53f"
"OECD average-23","science",2012,504.73098,0.56815,"I.B1.2a.36","F11","G11","14e958538fc68dc4bf25b47ad11c4f3f90035873aa96616925e5cea0af242fb8","https://stat.link/mrq53f"
"OECD average-35","science",2012,498.5065,0.49347,"I.B1.2a.36","F12","G12","14e958538fc68dc4bf25b47ad11c4f3f90035873aa96616925e5cea0af242fb8","https://stat.link/mrq53f"
"Argentina","science",2012,405.632,3.88091,"I.B1.2a.36","F15","G15","14e958538fc68dc4bf25b47ad11c4f3f90035873aa96616925e5cea0af242fb8","https://stat.link/mrq53f"
"Armenia","science",2012,__R_MISSING_VALUE_7__,__R_MISSING_VALUE_7__,"I.B1.2a.36","F16","G16","14e958538fc68dc4bf25b47ad11c4f3f90035873aa96616925e5cea0af242fb8","https://stat.link/mrq53f"
"Australia","science",2012,521.49475,1.75762,"I.B1.2a.36","F17","G17","14e958538fc68dc4bf25b47ad11c4f3f90035873aa96616925e5cea0af242fb8","https://stat.link/mrq53f"
"Austria","science",2012,505.78125,2.70031,"I.B1.2a.36","F18","G18","14e958538fc68dc4bf25b47ad11c4f3f90035873aa96616925e5cea0af242fb8","https://stat.link/mrq53f"
"Azerbaijan","science",2012,__R_MISSING_VALUE_7__,__R_MISSING_VALUE_7__,"I.B1.2a.36","F19","G19","14e958538fc68dc4bf25b47ad11c4f3f90035873aa96616925e5cea0af242fb8","https://stat.link/mrq53f"
"Belgium","science",2012,504.86765,2.1803,"I.B1.2a.36","F20","G20","14e958538fc68dc4bf25b47ad11c4f3f90035873aa96616925e5cea0af242fb8","https://stat.link/mrq53f"
"Brazil","science",2012,401.61968,2.06087,"I.B1.2a.36","F21","G21","14e958538fc68dc4bf25b47ad11c4f3f90035873aa96616925e5cea0af242fb8","https://stat.link/mrq53f"
"Brunei Darussalam","science",2012,__R_MISSING_VALUE_7__,__R_MISSING_VALUE_7__,"I.B1.2a.36","F22","G22","14e958538fc68dc4bf25b47ad11c4f3f90035873aa96616925e5cea0af242fb8","https://stat.link/mrq53f"
"B-S-J-Z (China)","science",2012,__R_MISSING_VALUE_7__,__R_MISSING_VALUE_7__,"I.B1.2a.36","F23","G23","14e958538fc68dc4bf25b47ad11c4f3f90035873aa96616925e5cea0af242fb8","https://stat.link/mrq53f"
"Bulgaria","science",2012,446.46871,4.78353,"I.B1.2a.36","F24","G24","14e958538fc68dc4bf25b47ad11c4f3f90035873aa96616925e5cea0af242fb8","https://stat.link/mrq53f"
"Cambodia","science",2012,__R_MISSING_VALUE_7__,__R_MISSING_VALUE_7__,"I.B1.2a.36","F25","G25","14e958538fc68dc4bf25b47ad11c4f3f90035873aa96616925e5cea0af242fb8","https://stat.link/mrq53f"
"Canada*","science",2012,525.44129,1.93046,"I.B1.2a.36","F26","G26","14e958538fc68dc4bf25b47ad11c4f3f90035873aa96616925e5cea0af242fb8","https://stat.link/mrq53f"
"Chile","science",2012,444.93392,2.86328,"I.B1.2a.36","F27","G27","14e958538fc68dc4bf25b47ad11c4f3f90035873aa96616925e5cea0af242fb8","https://stat.link/mrq53f"
"Colombia","science",2012,398.67863,3.0528,"I.B1.2a.36","F28","G28","14e958538fc68dc4bf25b47ad11c4f3f90035873aa96616925e5cea0af242fb8","https://stat.link/mrq53f"
"Costa Rica","science",2012,429.35097,2.93796,"I.B1.2a.36","F29","G29","14e958538fc68dc4bf25b47ad11c4f3f90035873aa96616925e5cea0af242fb8","https://stat.link/mrq53f"
"Croatia","science",2012,491.35658,3.10052,"I.B1.2a.36","F30","G30","14e958538fc68dc4bf25b47ad11c4f3f90035873aa96616925e5cea0af242fb8","https://stat.link/mrq53f"
"Cyprus","science",2012,437.67646,1.18332,"I.B1.2a.36","F31","G31","14e958538fc68dc4bf25b47ad11c4f3f90035873aa96616925e5cea0af242fb8","https://stat.link/mrq53f"
"Czechia","science",2012,508.29908,2.96286,"I.B1.2a.36","F32","G32","14e958538fc68dc4bf25b47ad11c4f3f90035873aa96616925e5cea0af242fb8","https://stat.link/mrq53f"
"Denmark","science",2012,498.4742,2.7421,"I.B1.2a.36","F33","G33","14e958538fc68dc4bf25b47ad11c4f3f90035873aa96616925e5cea0af242fb8","https://stat.link/mrq53f"
"Dominican Republic","science",2012,__R_MISSING_VALUE_7__,__R_MISSING_VALUE_7__,"I.B1.2a.36","F34","G34","14e958538fc68dc4bf25b47ad11c4f3f90035873aa96616925e5cea0af242fb8","https://stat.link/mrq53f"
"Dushanbe (Tajikistan)","science",2012,__R_MISSING_VALUE_7__,__R_MISSING_VALUE_7__,"I.B1.2a.36","F35","G35","14e958538fc68dc4bf25b47ad11c4f3f90035873aa96616925e5cea0af242fb8","https://stat.link/mrq53f"
"Ecuador","science",2012,__R_MISSING_VALUE_7__,__R_MISSING_VALUE_7__,"I.B1.2a.36","F36","G36","14e958538fc68dc4bf25b47ad11c4f3f90035873aa96616925e5cea0af242fb8","https://stat.link/mrq53f"
"El Salvador","science",2012,__R_MISSING_VALUE_7__,__R_MISSING_VALUE_7__,"I.B1.2a.36","F37","G37","14e958538fc68dc4bf25b47ad11c4f3f90035873aa96616925e5cea0af242fb8","https://stat.link/mrq53f"
"Estonia","science",2012,541.40476,1.94832,"I.B1.2a.36","F38","G38","14e958538fc68dc4bf25b47ad11c4f3f90035873aa96616925e5cea0af242fb8","https://stat.link/mrq53f"
"Finland","science",2012,545.44194,2.19872,"I.B1.2a.36","F39","G39","14e958538fc68dc4bf25b47ad11c4f3f90035873aa96616925e5cea0af242fb8","https://stat.link/mrq53f"
"France","science",2012,498.97089,2.57867,"I.B1.2a.36","F40","G40","14e958538fc68dc4bf25b47ad11c4f3f90035873aa96616925e5cea0af242fb8","https://stat.link/mrq53f"
"Georgia","science",2012,__R_MISSING_VALUE_7__,__R_MISSING_VALUE_7__,"I.B1.2a.36","F41","G41","14e958538fc68dc4bf25b47ad11c4f3f90035873aa96616925e5cea0af242fb8","https://stat.link/mrq53f"
"Germany","science",2012,524.1208,2.96327,"I.B1.2a.36","F42","G42","14e958538fc68dc4bf25b47ad11c4f3f90035873aa96616925e5cea0af242fb8","https://stat.link/mrq53f"
"Greece","science",2012,466.72203,3.1225,"I.B1.2a.36","F43","G43","14e958538fc68dc4bf25b47ad11c4f3f90035873aa96616925e5cea0af242fb8","https://stat.link/mrq53f"
"Guatemala","science",2012,__R_MISSING_VALUE_7__,__R_MISSING_VALUE_7__,"I.B1.2a.36","F44","G44","14e958538fc68dc4bf25b47ad11c4f3f90035873aa96616925e5cea0af242fb8","https://stat.link/mrq53f"
"Hong Kong (China)","science",2012,554.93743,2.60919,"I.B1.2a.36","F45","G45","14e958538fc68dc4bf25b47ad11c4f3f90035873aa96616925e5cea0af242fb8","https://stat.link/mrq53f"
"Hungary","science",2012,494.30235,2.94982,"I.B1.2a.36","F46","G46","14e958538fc68dc4bf25b47ad11c4f3f90035873aa96616925e5cea0af242fb8","https://stat.link/mrq53f"
"Iceland","science",2012,478.1546,2.11509,"I.B1.2a.36","F47","G47","14e958538fc68dc4bf25b47ad11c4f3f90035873aa96616925e5cea0af242fb8","https://stat.link/mrq53f"
"Indonesia","science",2012,381.91148,3.81691,"I.B1.2a.36","F48","G48","14e958538fc68dc4bf25b47ad11c4f3f90035873aa96616925e5cea0af242fb8","https://stat.link/mrq53f"
"Ireland","science",2012,522.00396,2.45035,"I.B1.2a.36","F49","G49","14e958538fc68dc4bf25b47ad11c4f3f90035873aa96616925e5cea0af242fb8","https://stat.link/mrq53f"
"Israel","science",2012,470.07266,4.95775,"I.B1.2a.36","F50","G50","14e958538fc68dc4bf25b47ad11c4f3f90035873aa96616925e5cea0af242fb8","https://stat.link/mrq53f"
"Italy","science",2012,493.54148,1.93552,"I.B1.2a.36","F51","G51","14e958538fc68dc4bf25b47ad11c4f3f90035873aa96616925e5cea0af242fb8","https://stat.link/mrq53f"
"Japan","science",2012,546.7356,3.60458,"I.B1.2a.36","F52","G52","14e958538fc68dc4bf25b47ad11c4f3f90035873aa96616925e5cea0af242fb8","https://stat.link/mrq53f"
"Jordan","science",2012,__R_MISSING_VALUE_7__,__R_MISSING_VALUE_7__,"I.B1.2a.36","F53","G53","14e958538fc68dc4bf25b47ad11c4f3f90035873aa96616925e5cea0af242fb8","https://stat.link/mrq53f"
"Kazakhstan","science",2012,424.70752,2.97229,"I.B1.2a.36","F54","G54","14e958538fc68dc4bf25b47ad11c4f3f90035873aa96616925e5cea0af242fb8","https://stat.link/mrq53f"
"Kenya","science",2012,__R_MISSING_VALUE_7__,__R_MISSING_VALUE_7__,"I.B1.2a.36","F55","G55","14e958538fc68dc4bf25b47ad11c4f3f90035873aa96616925e5cea0af242fb8","https://stat.link/mrq53f"
"Korea","science",2012,537.78762,3.65751,"I.B1.2a.36","F56","G56","14e958538fc68dc4bf25b47ad11c4f3f90035873aa96616925e5cea0af242fb8","https://stat.link/mrq53f"
"Kosovo","science",2012,__R_MISSING_VALUE_7__,__R_MISSING_VALUE_7__,"I.B1.2a.36","F57","G57","14e958538fc68dc4bf25b47ad11c4f3f90035873aa96616925e5cea0af242fb8","https://stat.link/mrq53f"
"Kurdistan Region (Iraq)","science",2012,__R_MISSING_VALUE_7__,__R_MISSING_VALUE_7__,"I.B1.2a.36","F58","G58","14e958538fc68dc4bf25b47ad11c4f3f90035873aa96616925e5cea0af242fb8","https://stat.link/mrq53f"
"Kyrgyzstan","science",2012,__R_MISSING_VALUE_7__,__R_MISSING_VALUE_7__,"I.B1.2a.36","F59","G59","14e958538fc68dc4bf25b47ad11c4f3f90035873aa96616925e5cea0af242fb8","https://stat.link/mrq53f"
"Latvia","science",2012,502.18619,2.75208,"I.B1.2a.36","F60","G60","14e958538fc68dc4bf25b47ad11c4f3f90035873aa96616925e5cea0af242fb8","https://stat.link/mrq53f"
"Lebanon","science",2012,__R_MISSING_VALUE_7__,__R_MISSING_VALUE_7__,"I.B1.2a.36","F61","G61","14e958538fc68dc4bf25b47ad11c4f3f90035873aa96616925e5cea0af242fb8","https://stat.link/mrq53f"
"Lithuania","science",2012,495.70009,2.5545,"I.B1.2a.36","F62","G62","14e958538fc68dc4bf25b47ad11c4f3f90035873aa96616925e5cea0af242fb8","https://stat.link/mrq53f"
"Luxembourg","science",2012,491.21518,1.30478,"I.B1.2a.36","F63","G63","14e958538fc68dc4bf25b47ad11c4f3f90035873aa96616925e5cea0af242fb8","https://stat.link/mrq53f"
"Macao (China)","science",2012,520.57088,0.84858,"I.B1.2a.36","F64","G64","14e958538fc68dc4bf25b47ad11c4f3f90035873aa96616925e5cea0af242fb8","https://stat.link/mrq53f"
"Malaysia","science",2012,419.50265,2.99836,"I.B1.2a.36","F65","G65","14e958538fc68dc4bf25b47ad11c4f3f90035873aa96616925e5cea0af242fb8","https://stat.link/mrq53f"
"Malta","science",2012,__R_MISSING_VALUE_7__,__R_MISSING_VALUE_7__,"I.B1.2a.36","F66","G66","14e958538fc68dc4bf25b47ad11c4f3f90035873aa96616925e5cea0af242fb8","https://stat.link/mrq53f"
"Mauritius","science",2012,__R_MISSING_VALUE_7__,__R_MISSING_VALUE_7__,"I.B1.2a.36","F67","G67","14e958538fc68dc4bf25b47ad11c4f3f90035873aa96616925e5cea0af242fb8","https://stat.link/mrq53f"
"Mexico","science",2012,414.92015,1.30545,"I.B1.2a.36","F68","G68","14e958538fc68dc4bf25b47ad11c4f3f90035873aa96616925e5cea0af242fb8","https://stat.link/mrq53f"
"Moldova","science",2012,__R_MISSING_VALUE_7__,__R_MISSING_VALUE_7__,"I.B1.2a.36","F69","G69","14e958538fc68dc4bf25b47ad11c4f3f90035873aa96616925e5cea0af242fb8","https://stat.link/mrq53f"
"Mongolia","science",2012,__R_MISSING_VALUE_7__,__R_MISSING_VALUE_7__,"I.B1.2a.36","F70","G70","14e958538fc68dc4bf25b47ad11c4f3f90035873aa96616925e5cea0af242fb8","https://stat.link/mrq53f"
"Montenegro","science",2012,410.0976,1.06502,"I.B1.2a.36","F71","G71","14e958538fc68dc4bf25b47ad11c4f3f90035873aa96616925e5cea0af242fb8","https://stat.link/mrq53f"
"Morocco","science",2012,__R_MISSING_VALUE_7__,__R_MISSING_VALUE_7__,"I.B1.2a.36","F72","G72","14e958538fc68dc4bf25b47ad11c4f3f90035873aa96616925e5cea0af242fb8","https://stat.link/mrq53f"
"Netherlands*","science",2012,522.05582,3.50816,"I.B1.2a.36","F73","G73","14e958538fc68dc4bf25b47ad11c4f3f90035873aa96616925e5cea0af242fb8","https://stat.link/mrq53f"
"New Zealand*","science",2012,515.63632,2.14442,"I.B1.2a.36","F74","G74","14e958538fc68dc4bf25b47ad11c4f3f90035873aa96616925e5cea0af242fb8","https://stat.link/mrq53f"
"North Macedonia","science",2012,__R_MISSING_VALUE_7__,__R_MISSING_VALUE_7__,"I.B1.2a.36","F75","G75","14e958538fc68dc4bf25b47ad11c4f3f90035873aa96616925e5cea0af242fb8","https://stat.link/mrq53f"
"Norway*","science",2012,494.52393,3.08728,"I.B1.2a.36","F76","G76","14e958538fc68dc4bf25b47ad11c4f3f90035873aa96616925e5cea0af242fb8","https://stat.link/mrq53f"
"Palestinian Authority","science",2012,__R_MISSING_VALUE_7__,__R_MISSING_VALUE_7__,"I.B1.2a.36","F77","G77","14e958538fc68dc4bf25b47ad11c4f3f90035873aa96616925e5cea0af242fb8","https://stat.link/mrq53f"
"Paraguay","science",2012,__R_MISSING_VALUE_7__,__R_MISSING_VALUE_7__,"I.B1.2a.36","F78","G78","14e958538fc68dc4bf25b47ad11c4f3f90035873aa96616925e5cea0af242fb8","https://stat.link/mrq53f"
"Peru","science",2012,373.11345,3.57501,"I.B1.2a.36","F79","G79","14e958538fc68dc4bf25b47ad11c4f3f90035873aa96616925e5cea0af242fb8","https://stat.link/mrq53f"
"Philippines","science",2012,__R_MISSING_VALUE_7__,__R_MISSING_VALUE_7__,"I.B1.2a.36","F80","G80","14e958538fc68dc4bf25b47ad11c4f3f90035873aa96616925e5cea0af242fb8","https://stat.link/mrq53f"
"Poland","science",2012,525.81645,3.12347,"I.B1.2a.36","F81","G81","14e958538fc68dc4bf25b47ad11c4f3f90035873aa96616925e5cea0af242fb8","https://stat.link/mrq53f"
"Portugal","science",2012,489.27473,3.74672,"I.B1.2a.36","F82","G82","14e958538fc68dc4bf25b47ad11c4f3f90035873aa96616925e5cea0af242fb8","https://stat.link/mrq53f"
"Qatar","science",2012,383.64255,0.74614,"I.B1.2a.36","F83","G83","14e958538fc68dc4bf25b47ad11c4f3f90035873aa96616925e5cea0af242fb8","https://stat.link/mrq53f"
"Romania","science",2012,438.76806,3.25043,"I.B1.2a.36","F84","G84","14e958538fc68dc4bf25b47ad11c4f3f90035873aa96616925e5cea0af242fb8","https://stat.link/mrq53f"
"Rwanda","science",2012,__R_MISSING_VALUE_7__,__R_MISSING_VALUE_7__,"I.B1.2a.36","F85","G85","14e958538fc68dc4bf25b47ad11c4f3f90035873aa96616925e5cea0af242fb8","https://stat.link/mrq53f"
"Saudi Arabia","science",2012,__R_MISSING_VALUE_7__,__R_MISSING_VALUE_7__,"I.B1.2a.36","F86","G86","14e958538fc68dc4bf25b47ad11c4f3f90035873aa96616925e5cea0af242fb8","https://stat.link/mrq53f"
"Serbia","science",2012,444.80411,3.40208,"I.B1.2a.36","F87","G87","14e958538fc68dc4bf25b47ad11c4f3f90035873aa96616925e5cea0af242fb8","https://stat.link/mrq53f"
"Singapore","science",2012,551.49316,1.50618,"I.B1.2a.36","F88","G88","14e958538fc68dc4bf25b47ad11c4f3f90035873aa96616925e5cea0af242fb8","https://stat.link/mrq53f"
"Slovak Republic","science",2012,471.19318,3.60822,"I.B1.2a.36","F89","G89","14e958538fc68dc4bf25b47ad11c4f3f90035873aa96616925e5cea0af242fb8","https://stat.link/mrq53f"
"Slovenia","science",2012,514.14255,1.28621,"I.B1.2a.36","F90","G90","14e958538fc68dc4bf25b47ad11c4f3f90035873aa96616925e5cea0af242fb8","https://stat.link/mrq53f"
"Spain","science",2012,496.44582,1.82857,"I.B1.2a.36","F91","G91","14e958538fc68dc4bf25b47ad11c4f3f90035873aa96616925e5cea0af242fb8","https://stat.link/mrq53f"
"Sweden","science",2012,484.79897,3.00219,"I.B1.2a.36","F92","G92","14e958538fc68dc4bf25b47ad11c4f3f90035873aa96616925e5cea0af242fb8","https://stat.link/mrq53f"
"Switzerland","science",2012,515.29752,2.71383,"I.B1.2a.36","F93","G93","14e958538fc68dc4bf25b47ad11c4f3f90035873aa96616925e5cea0af242fb8","https://stat.link/mrq53f"
"Chinese Taipei","science",2012,523.3149,2.32948,"I.B1.2a.36","F94","G94","14e958538fc68dc4bf25b47ad11c4f3f90035873aa96616925e5cea0af242fb8","https://stat.link/mrq53f"
"Thailand","science",2012,443.99994,2.9304,"I.B1.2a.36","F95","G95","14e958538fc68dc4bf25b47ad11c4f3f90035873aa96616925e5cea0af242fb8","https://stat.link/mrq53f"
"Türkiye","science",2012,463.41291,3.89414,"I.B1.2a.36","F96","G96","14e958538fc68dc4bf25b47ad11c4f3f90035873aa96616925e5cea0af242fb8","https://stat.link/mrq53f"
"Ukrainian regions (17 of 27)","science",2012,__R_MISSING_VALUE_7__,__R_MISSING_VALUE_7__,"I.B1.2a.36","F97","G97","14e958538fc68dc4bf25b47ad11c4f3f90035873aa96616925e5cea0af242fb8","https://stat.link/mrq53f"
"United Arab Emirates","science",2012,448.3703,2.80862,"I.B1.2a.36","F98","G98","14e958538fc68dc4bf25b47ad11c4f3f90035873aa96616925e5cea0af242fb8","https://stat.link/mrq53f"
"United Kingdom","science",2012,514.12932,3.38175,"I.B1.2a.36","F99","G99","14e958538fc68dc4bf25b47ad11c4f3f90035873aa96616925e5cea0af242fb8","https://stat.link/mrq53f"
"United States*","science",2012,497.40981,3.77589,"I.B1.2a.36","F100","G100","14e958538fc68dc4bf25b47ad11c4f3f90035873aa96616925e5cea0af242fb8","https://stat.link/mrq53f"
"Uruguay","science",2012,415.84294,2.76718,"I.B1.2a.36","F101","G101","14e958538fc68dc4bf25b47ad11c4f3f90035873aa96616925e5cea0af242fb8","https://stat.link/mrq53f"
"Uzbekistan","science",2012,__R_MISSING_VALUE_7__,__R_MISSING_VALUE_7__,"I.B1.2a.36","F102","G102","14e958538fc68dc4bf25b47ad11c4f3f90035873aa96616925e5cea0af242fb8","https://stat.link/mrq53f"
"Viet Nam","science",2012,__R_MISSING_VALUE_7__,__R_MISSING_VALUE_7__,"I.B1.2a.36","F103","G103","14e958538fc68dc4bf25b47ad11c4f3f90035873aa96616925e5cea0af242fb8","https://stat.link/mrq53f"
"Zambia","science",2012,__R_MISSING_VALUE_7__,__R_MISSING_VALUE_7__,"I.B1.2a.36","F104","G104","14e958538fc68dc4bf25b47ad11c4f3f90035873aa96616925e5cea0af242fb8","https://stat.link/mrq53f"
"Albania*","science",2012,397.37321,2.4435,"I.B1.2a.36","F106","G106","14e958538fc68dc4bf25b47ad11c4f3f90035873aa96616925e5cea0af242fb8","https://stat.link/mrq53f"
"OECD average","science",2015,488.75804,0.40936,"I.B1.2a.36","H10","I10","14e958538fc68dc4bf25b47ad11c4f3f90035873aa96616925e5cea0af242fb8","https://stat.link/mrq53f"
"OECD average-23","science",2015,496.9809,0.52531,"I.B1.2a.36","H11","I11","14e958538fc68dc4bf25b47ad11c4f3f90035873aa96616925e5cea0af242fb8","https://stat.link/mrq53f"
"OECD average-35","science",2015,490.78872,0.43533,"I.B1.2a.36","H12","I12","14e958538fc68dc4bf25b47ad11c4f3f90035873aa96616925e5cea0af242fb8","https://stat.link/mrq53f"
"Argentina","science",2015,__R_MISSING_VALUE_7__,__R_MISSING_VALUE_7__,"I.B1.2a.36","H15","I15","14e958538fc68dc4bf25b47ad11c4f3f90035873aa96616925e5cea0af242fb8","https://stat.link/mrq53f"
"Armenia","science",2015,__R_MISSING_VALUE_7__,__R_MISSING_VALUE_7__,"I.B1.2a.36","H16","I16","14e958538fc68dc4bf25b47ad11c4f3f90035873aa96616925e5cea0af242fb8","https://stat.link/mrq53f"
"Australia","science",2015,509.99385,1.53531,"I.B1.2a.36","H17","I17","14e958538fc68dc4bf25b47ad11c4f3f90035873aa96616925e5cea0af242fb8","https://stat.link/mrq53f"
"Austria","science",2015,495.03749,2.43934,"I.B1.2a.36","H18","I18","14e958538fc68dc4bf25b47ad11c4f3f90035873aa96616925e5cea0af242fb8","https://stat.link/mrq53f"
"Azerbaijan","science",2015,__R_MISSING_VALUE_7__,__R_MISSING_VALUE_7__,"I.B1.2a.36","H19","I19","14e958538fc68dc4bf25b47ad11c4f3f90035873aa96616925e5cea0af242fb8","https://stat.link/mrq53f"
"Belgium","science",2015,501.99971,2.28959,"I.B1.2a.36","H20","I20","14e958538fc68dc4bf25b47ad11c4f3f90035873aa96616925e5cea0af242fb8","https://stat.link/mrq53f"
"Brazil","science",2015,400.6821,2.29684,"I.B1.2a.36","H21","I21","14e958538fc68dc4bf25b47ad11c4f3f90035873aa96616925e5cea0af242fb8","https://stat.link/mrq53f"
"Brunei Darussalam","science",2015,__R_MISSING_VALUE_7__,__R_MISSING_VALUE_7__,"I.B1.2a.36","H22","I22","14e958538fc68dc4bf25b47ad11c4f3f90035873aa96616925e5cea0af242fb8","https://stat.link/mrq53f"
"B-S-J-Z (China)","science",2015,__R_MISSING_VALUE_7__,__R_MISSING_VALUE_7__,"I.B1.2a.36","H23","I23","14e958538fc68dc4bf25b47ad11c4f3f90035873aa96616925e5cea0af242fb8","https://stat.link/mrq53f"
"Bulgaria","science",2015,445.77196,4.35022,"I.B1.2a.36","H24","I24","14e958538fc68dc4bf25b47ad11c4f3f90035873aa96616925e5cea0af242fb8","https://stat.link/mrq53f"
"Cambodia","science",2015,__R_MISSING_VALUE_7__,__R_MISSING_VALUE_7__,"I.B1.2a.36","H25","I25","14e958538fc68dc4bf25b47ad11c4f3f90035873aa96616925e5cea0af242fb8","https://stat.link/mrq53f"
"Canada*","science",2015,527.70468,2.08026,"I.B1.2a.36","H26","I26","14e958538fc68dc4bf25b47ad11c4f3f90035873aa96616925e5cea0af242fb8","https://stat.link/mrq53f"
"Chile","science",2015,446.95607,2.37929,"I.B1.2a.36","H27","I27","14e958538fc68dc4bf25b47ad11c4f3f90035873aa96616925e5cea0af242fb8","https://stat.link/mrq53f"
"Colombia","science",2015,415.72876,2.36108,"I.B1.2a.36","H28","I28","14e958538fc68dc4bf25b47ad11c4f3f90035873aa96616925e5cea0af242fb8","https://stat.link/mrq53f"
"Costa Rica","science",2015,419.60803,2.07453,"I.B1.2a.36","H29","I29","14e958538fc68dc4bf25b47ad11c4f3f90035873aa96616925e5cea0af242fb8","https://stat.link/mrq53f"
"Croatia","science",2015,475.39118,2.45201,"I.B1.2a.36","H30","I30","14e958538fc68dc4bf25b47ad11c4f3f90035873aa96616925e5cea0af242fb8","https://stat.link/mrq53f"
"Cyprus","science",2015,432.57677,1.379,"I.B1.2a.36","H31","I31","14e958538fc68dc4bf25b47ad11c4f3f90035873aa96616925e5cea0af242fb8","https://stat.link/mrq53f"
"Czechia","science",2015,492.83005,2.2677,"I.B1.2a.36","H32","I32","14e958538fc68dc4bf25b47ad11c4f3f90035873aa96616925e5cea0af242fb8","https://stat.link/mrq53f"
"Denmark","science",2015,501.93689,2.37548,"I.B1.2a.36","H33","I33","14e958538fc68dc4bf25b47ad11c4f3f90035873aa96616925e5cea0af242fb8","https://stat.link/mrq53f"
"Dominican Republic","science",2015,331.63883,2.57819,"I.B1.2a.36","H34","I34","14e958538fc68dc4bf25b47ad11c4f3f90035873aa96616925e5cea0af242fb8","https://stat.link/mrq53f"
"Dushanbe (Tajikistan)","science",2015,__R_MISSING_VALUE_7__,__R_MISSING_VALUE_7__,"I.B1.2a.36","H35","I35","14e958538fc68dc4bf25b47ad11c4f3f90035873aa96616925e5cea0af242fb8","https://stat.link/mrq53f"
"Ecuador","science",2015,__R_MISSING_VALUE_7__,__R_MISSING_VALUE_7__,"I.B1.2a.36","H36","I36","14e958538fc68dc4bf25b47ad11c4f3f90035873aa96616925e5cea0af242fb8","https://stat.link/mrq53f"
"El Salvador","science",2015,__R_MISSING_VALUE_7__,__R_MISSING_VALUE_7__,"I.B1.2a.36","H37","I37","14e958538fc68dc4bf25b47ad11c4f3f90035873aa96616925e5cea0af242fb8","https://stat.link/mrq53f"
"Estonia","science",2015,534.19374,2.09481,"I.B1.2a.36","H38","I38","14e958538fc68dc4bf25b47ad11c4f3f90035873aa96616925e5cea0af242fb8","https://stat.link/mrq53f"
"Finland","science",2015,530.66116,2.39237,"I.B1.2a.36","H39","I39","14e958538fc68dc4bf25b47ad11c4f3f90035873aa96616925e5cea0af242fb8","https://stat.link/mrq53f"
"France","science",2015,494.9776,2.06073,"I.B1.2a.36","H40","I40","14e958538fc68dc4bf25b47ad11c4f3f90035873aa96616925e5cea0af242fb8","https://stat.link/mrq53f"
"Georgia","science",2015,411.13152,2.41693,"I.B1.2a.36","H41","I41","14e958538fc68dc4bf25b47ad11c4f3f90035873aa96616925e5cea0af242fb8","https://stat.link/mrq53f"
"Germany","science",2015,509.14065,2.69882,"I.B1.2a.36","H42","I42","14e958538fc68dc4bf25b47ad11c4f3f90035873aa96616925e5cea0af242fb8","https://stat.link/mrq53f"
"Greece","science",2015,454.82882,3.91732,"I.B1.2a.36","H43","I43","14e958538fc68dc4bf25b47ad11c4f3f90035873aa96616925e5cea0af242fb8","https://stat.link/mrq53f"
"Guatemala","science",2015,__R_MISSING_VALUE_7__,__R_MISSING_VALUE_7__,"I.B1.2a.36","H44","I44","14e958538fc68dc4bf25b47ad11c4f3f90035873aa96616925e5cea0af242fb8","https://stat.link/mrq53f"
"Hong Kong (China)","science",2015,523.27745,2.54723,"I.B1.2a.36","H45","I45","14e958538fc68dc4bf25b47ad11c4f3f90035873aa96616925e5cea0af242fb8","https://stat.link/mrq53f"
"Hungary","science",2015,476.74751,2.42146,"I.B1.2a.36","H46","I46","14e958538fc68dc4bf25b47ad11c4f3f90035873aa96616925e5cea0af242fb8","https://stat.link/mrq53f"
"Iceland","science",2015,473.23009,1.68092,"I.B1.2a.36","H47","I47","14e958538fc68dc4bf25b47ad11c4f3f90035873aa96616925e5cea0af242fb8","https://stat.link/mrq53f"
"Indonesia","science",2015,403.09974,2.56579,"I.B1.2a.36","H48","I48","14e958538fc68dc4bf25b47ad11c4f3f90035873aa96616925e5cea0af242fb8","https://stat.link/mrq53f"
"Ireland","science",2015,502.57512,2.38603,"I.B1.2a.36","H49","I49","14e958538fc68dc4bf25b47ad11c4f3f90035873aa96616925e5cea0af242fb8","https://stat.link/mrq53f"
"Israel","science",2015,466.55281,3.43755,"I.B1.2a.36","H50","I50","14e958538fc68dc4bf25b47ad11c4f3f90035873aa96616925e5cea0af242fb8","https://stat.link/mrq53f"
"Italy","science",2015,480.54676,2.51595,"I.B1.2a.36","H51","I51","14e958538fc68dc4bf25b47ad11c4f3f90035873aa96616925e5cea0af242fb8","https://stat.link/mrq53f"
"Japan","science",2015,538.39475,2.96618,"I.B1.2a.36","H52","I52","14e958538fc68dc4bf25b47ad11c4f3f90035873aa96616925e5cea0af242fb8","https://stat.link/mrq53f"
"Jordan","science",2015,__R_MISSING_VALUE_7__,__R_MISSING_VALUE_7__,"I.B1.2a.36","H53","I53","14e958538fc68dc4bf25b47ad11c4f3f90035873aa96616925e5cea0af242fb8","https://stat.link/mrq53f"
"Kazakhstan","science",2015,__R_MISSING_VALUE_7__,__R_MISSING_VALUE_7__,"I.B1.2a.36","H54","I54","14e958538fc68dc4bf25b47ad11c4f3f90035873aa96616925e5cea0af242fb8","https://stat.link/mrq53f"
"Kenya","science",2015,__R_MISSING_VALUE_7__,__R_MISSING_VALUE_7__,"I.B1.2a.36","H55","I55","14e958538fc68dc4bf25b47ad11c4f3f90035873aa96616925e5cea0af242fb8","https://stat.link/mrq53f"
"Korea","science",2015,515.80991,3.13184,"I.B1.2a.36","H56","I56","14e958538fc68dc4bf25b47ad11c4f3f90035873aa96616925e5cea0af242fb8","https://stat.link/mrq53f"
"Kosovo","science",2015,378.44219,1.69959,"I.B1.2a.36","H57","I57","14e958538fc68dc4bf25b47ad11c4f3f90035873aa96616925e5cea0af242fb8","https://stat.link/mrq53f"
"Kurdistan Region (Iraq)","science",2015,__R_MISSING_VALUE_7__,__R_MISSING_VALUE_7__,"I.B1.2a.36","H58","I58","14e958538fc68dc4bf25b47ad11c4f3f90035873aa96616925e5cea0af242fb8","https://stat.link/mrq53f"
"Kyrgyzstan","science",2015,__R_MISSING_VALUE_7__,__R_MISSING_VALUE_7__,"I.B1.2a.36","H59","I59","14e958538fc68dc4bf25b47ad11c4f3f90035873aa96616925e5cea0af242fb8","https://stat.link/mrq53f"
"Latvia","science",2015,490.22502,1.56028,"I.B1.2a.36","H60","I60","14e958538fc68dc4bf25b47ad11c4f3f90035873aa96616925e5cea0af242fb8","https://stat.link/mrq53f"
"Lebanon","science",2015,386.48537,3.39523,"I.B1.2a.36","H61","I61","14e958538fc68dc4bf25b47ad11c4f3f90035873aa96616925e5cea0af242fb8","https://stat.link/mrq53f"
"Lithuania","science",2015,475.40895,2.65268,"I.B1.2a.36","H62","I62","14e958538fc68dc4bf25b47ad11c4f3f90035873aa96616925e5cea0af242fb8","https://stat.link/mrq53f"
"Luxembourg","science",2015,482.80638,1.12099,"I.B1.2a.36","H63","I63","14e958538fc68dc4bf25b47ad11c4f3f90035873aa96616925e5cea0af242fb8","https://stat.link/mrq53f"
"Macao (China)","science",2015,528.5496,1.0644,"I.B1.2a.36","H64","I64","14e958538fc68dc4bf25b47ad11c4f3f90035873aa96616925e5cea0af242fb8","https://stat.link/mrq53f"
"Malaysia","science",2015,__R_MISSING_VALUE_7__,__R_MISSING_VALUE_7__,"I.B1.2a.36","H65","I65","14e958538fc68dc4bf25b47ad11c4f3f90035873aa96616925e5cea0af242fb8","https://stat.link/mrq53f"
"Malta","science",2015,464.78196,1.64197,"I.B1.2a.36","H66","I66","14e958538fc68dc4bf25b47ad11c4f3f90035873aa96616925e5cea0af242fb8","https://stat.link/mrq53f"
"Mauritius","science",2015,__R_MISSING_VALUE_7__,__R_MISSING_VALUE_7__,"I.B1.2a.36","H67","I67","14e958538fc68dc4bf25b47ad11c4f3f90035873aa96616925e5cea0af242fb8","https://stat.link/mrq53f"
"Mexico","science",2015,415.70988,2.13049,"I.B1.2a.36","H68","I68","14e958538fc68dc4bf25b47ad11c4f3f90035873aa96616925e5cea0af242fb8","https://stat.link/mrq53f"
"Moldova","science",2015,427.99781,1.97258,"I.B1.2a.36","H69","I69","14e958538fc68dc4bf25b47ad11c4f3f90035873aa96616925e5cea0af242fb8","https://stat.link/mrq53f"
"Mongolia","science",2015,__R_MISSING_VALUE_7__,__R_MISSING_VALUE_7__,"I.B1.2a.36","H70","I70","14e958538fc68dc4bf25b47ad11c4f3f90035873aa96616925e5cea0af242fb8","https://stat.link/mrq53f"
"Montenegro","science",2015,411.31365,1.02926,"I.B1.2a.36","H71","I71","14e958538fc68dc4bf25b47ad11c4f3f90035873aa96616925e5cea0af242fb8","https://stat.link/mrq53f"
"Morocco","science",2015,__R_MISSING_VALUE_7__,__R_MISSING_VALUE_7__,"I.B1.2a.36","H72","I72","14e958538fc68dc4bf25b47ad11c4f3f90035873aa96616925e5cea0af242fb8","https://stat.link/mrq53f"
"Netherlands*","science",2015,508.57481,2.2574,"I.B1.2a.36","H73","I73","14e958538fc68dc4bf25b47ad11c4f3f90035873aa96616925e5cea0af242fb8","https://stat.link/mrq53f"
"New Zealand*","science",2015,513.30351,2.38425,"I.B1.2a.36","H74","I74","14e958538fc68dc4bf25b47ad11c4f3f90035873aa96616925e5cea0af242fb8","https://stat.link/mrq53f"
"North Macedonia","science",2015,383.68239,1.24851,"I.B1.2a.36","H75","I75","14e958538fc68dc4bf25b47ad11c4f3f90035873aa96616925e5cea0af242fb8","https://stat.link/mrq53f"
"Norway*","science",2015,498.48111,2.26239,"I.B1.2a.36","H76","I76","14e958538fc68dc4bf25b47ad11c4f3f90035873aa96616925e5cea0af242fb8","https://stat.link/mrq53f"
"Palestinian Authority","science",2015,__R_MISSING_VALUE_7__,__R_MISSING_VALUE_7__,"I.B1.2a.36","H77","I77","14e958538fc68dc4bf25b47ad11c4f3f90035873aa96616925e5cea0af242fb8","https://stat.link/mrq53f"
"Paraguay","science",2015,__R_MISSING_VALUE_7__,__R_MISSING_VALUE_7__,"I.B1.2a.36","H78","I78","14e958538fc68dc4bf25b47ad11c4f3f90035873aa96616925e5cea0af242fb8","https://stat.link/mrq53f"
"Peru","science",2015,396.68365,2.35867,"I.B1.2a.36","H79","I79","14e958538fc68dc4bf25b47ad11c4f3f90035873aa96616925e5cea0af242fb8","https://stat.link/mrq53f"
"Philippines","science",2015,__R_MISSING_VALUE_7__,__R_MISSING_VALUE_7__,"I.B1.2a.36","H80","I80","14e958538fc68dc4bf25b47ad11c4f3f90035873aa96616925e5cea0af242fb8","https://stat.link/mrq53f"
"Poland","science",2015,501.43533,2.50745,"I.B1.2a.36","H81","I81","14e958538fc68dc4bf25b47ad11c4f3f90035873aa96616925e5cea0af242fb8","https://stat.link/mrq53f"
"Portugal","science",2015,501.10006,2.43082,"I.B1.2a.36","H82","I82","14e958538fc68dc4bf25b47ad11c4f3f90035873aa96616925e5cea0af242fb8","https://stat.link/mrq53f"
"Qatar","science",2015,417.61113,1.00459,"I.B1.2a.36","H83","I83","14e958538fc68dc4bf25b47ad11c4f3f90035873aa96616925e5cea0af242fb8","https://stat.link/mrq53f"
"Romania","science",2015,434.88486,3.23345,"I.B1.2a.36","H84","I84","14e958538fc68dc4bf25b47ad11c4f3f90035873aa96616925e5cea0af242fb8","https://stat.link/mrq53f"
"Rwanda","science",2015,__R_MISSING_VALUE_7__,__R_MISSING_VALUE_7__,"I.B1.2a.36","H85","I85","14e958538fc68dc4bf25b47ad11c4f3f90035873aa96616925e5cea0af242fb8","https://stat.link/mrq53f"
"Saudi Arabia","science",2015,__R_MISSING_VALUE_7__,__R_MISSING_VALUE_7__,"I.B1.2a.36","H86","I86","14e958538fc68dc4bf25b47ad11c4f3f90035873aa96616925e5cea0af242fb8","https://stat.link/mrq53f"
"Serbia","science",2015,__R_MISSING_VALUE_7__,__R_MISSING_VALUE_7__,"I.B1.2a.36","H87","I87","14e958538fc68dc4bf25b47ad11c4f3f90035873aa96616925e5cea0af242fb8","https://stat.link/mrq53f"
"Singapore","science",2015,555.57468,1.19602,"I.B1.2a.36","H88","I88","14e958538fc68dc4bf25b47ad11c4f3f90035873aa96616925e5cea0af242fb8","https://stat.link/mrq53f"
"Slovak Republic","science",2015,460.77486,2.59368,"I.B1.2a.36","H89","I89","14e958538fc68dc4bf25b47ad11c4f3f90035873aa96616925e5cea0af242fb8","https://stat.link/mrq53f"
"Slovenia","science",2015,512.86358,1.32437,"I.B1.2a.36","H90","I90","14e958538fc68dc4bf25b47ad11c4f3f90035873aa96616925e5cea0af242fb8","https://stat.link/mrq53f"
"Spain","science",2015,492.78614,2.06547,"I.B1.2a.36","H91","I91","14e958538fc68dc4bf25b47ad11c4f3f90035873aa96616925e5cea0af242fb8","https://stat.link/mrq53f"
"Sweden","science",2015,493.42236,3.60072,"I.B1.2a.36","H92","I92","14e958538fc68dc4bf25b47ad11c4f3f90035873aa96616925e5cea0af242fb8","https://stat.link/mrq53f"
"Switzerland","science",2015,505.50582,2.90027,"I.B1.2a.36","H93","I93","14e958538fc68dc4bf25b47ad11c4f3f90035873aa96616925e5cea0af242fb8","https://stat.link/mrq53f"
"Chinese Taipei","science",2015,532.34745,2.69156,"I.B1.2a.36","H94","I94","14e958538fc68dc4bf25b47ad11c4f3f90035873aa96616925e5cea0af242fb8","https://stat.link/mrq53f"
"Thailand","science",2015,421.33733,2.83299,"I.B1.2a.36","H95","I95","14e958538fc68dc4bf25b47ad11c4f3f90035873aa96616925e5cea0af242fb8","https://stat.link/mrq53f"
"Türkiye","science",2015,425.48951,3.9339,"I.B1.2a.36","H96","I96","14e958538fc68dc4bf25b47ad11c4f3f90035873aa96616925e5cea0af242fb8","https://stat.link/mrq53f"
"Ukrainian regions (17 of 27)","science",2015,__R_MISSING_VALUE_7__,__R_MISSING_VALUE_7__,"I.B1.2a.36","H97","I97","14e958538fc68dc4bf25b47ad11c4f3f90035873aa96616925e5cea0af242fb8","https://stat.link/mrq53f"
"United Arab Emirates","science",2015,436.73115,2.42265,"I.B1.2a.36","H98","I98","14e958538fc68dc4bf25b47ad11c4f3f90035873aa96616925e5cea0af242fb8","https://stat.link/mrq53f"
"United Kingdom","science",2015,509.2215,2.5644,"I.B1.2a.36","H99","I99","14e958538fc68dc4bf25b47ad11c4f3f90035873aa96616925e5cea0af242fb8","https://stat.link/mrq53f"
"United States*","science",2015,496.24243,3.1812,"I.B1.2a.36","H100","I100","14e958538fc68dc4bf25b47ad11c4f3f90035873aa96616925e5cea0af242fb8","https://stat.link/mrq53f"
"Uruguay","science",2015,435.36296,2.20088,"I.B1.2a.36","H101","I101","14e958538fc68dc4bf25b47ad11c4f3f90035873aa96616925e5cea0af242fb8","https://stat.link/mrq53f"
"Uzbekistan","science",2015,__R_MISSING_VALUE_7__,__R_MISSING_VALUE_7__,"I.B1.2a.36","H102","I102","14e958538fc68dc4bf25b47ad11c4f3f90035873aa96616925e5cea0af242fb8","https://stat.link/mrq53f"
"Viet Nam","science",2015,__R_MISSING_VALUE_7__,__R_MISSING_VALUE_7__,"I.B1.2a.36","H103","I103","14e958538fc68dc4bf25b47ad11c4f3f90035873aa96616925e5cea0af242fb8","https://stat.link/mrq53f"
"Zambia","science",2015,__R_MISSING_VALUE_7__,__R_MISSING_VALUE_7__,"I.B1.2a.36","H104","I104","14e958538fc68dc4bf25b47ad11c4f3f90035873aa96616925e5cea0af242fb8","https://stat.link/mrq53f"
"Albania*","science",2015,427.22498,3.27779,"I.B1.2a.36","H106","I106","14e958538fc68dc4bf25b47ad11c4f3f90035873aa96616925e5cea0af242fb8","https://stat.link/mrq53f"
"OECD average","science",2018,__R_MISSING_VALUE_7__,__R_MISSING_VALUE_7__,"I.B1.2a.36","J10","K10","14e958538fc68dc4bf25b47ad11c4f3f90035873aa96616925e5cea0af242fb8","https://stat.link/mrq53f"
"OECD average-23","science",2018,493.46277,0.51269,"I.B1.2a.36","J11","K11","14e958538fc68dc4bf25b47ad11c4f3f90035873aa96616925e5cea0af242fb8","https://stat.link/mrq53f"
"OECD average-35","science",2018,489.15676,0.42153,"I.B1.2a.36","J12","K12","14e958538fc68dc4bf25b47ad11c4f3f90035873aa96616925e5cea0af242fb8","https://stat.link/mrq53f"
"Argentina","science",2018,404.07144,2.87053,"I.B1.2a.36","J15","K15","14e958538fc68dc4bf25b47ad11c4f3f90035873aa96616925e5cea0af242fb8","https://stat.link/mrq53f"
"Armenia","science",2018,__R_MISSING_VALUE_7__,__R_MISSING_VALUE_7__,"I.B1.2a.36","J16","K16","14e958538fc68dc4bf25b47ad11c4f3f90035873aa96616925e5cea0af242fb8","https://stat.link/mrq53f"
"Australia","science",2018,502.96456,1.7954,"I.B1.2a.36","J17","K17","14e958538fc68dc4bf25b47ad11c4f3f90035873aa96616925e5cea0af242fb8","https://stat.link/mrq53f"
"Austria","science",2018,489.78044,2.77739,"I.B1.2a.36","J18","K18","14e958538fc68dc4bf25b47ad11c4f3f90035873aa96616925e5cea0af242fb8","https://stat.link/mrq53f"
"Azerbaijan","science",2018,__R_MISSING_VALUE_7__,__R_MISSING_VALUE_7__,"I.B1.2a.36","J19","K19","14e958538fc68dc4bf25b47ad11c4f3f90035873aa96616925e5cea0af242fb8","https://stat.link/mrq53f"
"Belgium","science",2018,498.77313,2.22924,"I.B1.2a.36","J20","K20","14e958538fc68dc4bf25b47ad11c4f3f90035873aa96616925e5cea0af242fb8","https://stat.link/mrq53f"
"Brazil","science",2018,403.62094,2.05775,"I.B1.2a.36","J21","K21","14e958538fc68dc4bf25b47ad11c4f3f90035873aa96616925e5cea0af242fb8","https://stat.link/mrq53f"
"Brunei Darussalam","science",2018,430.98438,1.21009,"I.B1.2a.36","J22","K22","14e958538fc68dc4bf25b47ad11c4f3f90035873aa96616925e5cea0af242fb8","https://stat.link/mrq53f"
"B-S-J-Z (China)","science",2018,590.45264,2.67157,"I.B1.2a.36","J23","K23","14e958538fc68dc4bf25b47ad11c4f3f90035873aa96616925e5cea0af242fb8","https://stat.link/mrq53f"
"Bulgaria","science",2018,424.07358,3.63147,"I.B1.2a.36","J24","K24","14e958538fc68dc4bf25b47ad11c4f3f90035873aa96616925e5cea0af242fb8","https://stat.link/mrq53f"
"Cambodia","science",2018,330.27419,1.90895,"I.B1.2a.36","J25","K25","14e958538fc68dc4bf25b47ad11c4f3f90035873aa96616925e5cea0af242fb8","https://stat.link/mrq53f"
"Canada*","science",2018,517.99766,2.15365,"I.B1.2a.36","J26","K26","14e958538fc68dc4bf25b47ad11c4f3f90035873aa96616925e5cea0af242fb8","https://stat.link/mrq53f"
"Chile","science",2018,443.58256,2.41528,"I.B1.2a.36","J27","K27","14e958538fc68dc4bf25b47ad11c4f3f90035873aa96616925e5cea0af242fb8","https://stat.link/mrq53f"
"Colombia","science",2018,413.32299,3.0524,"I.B1.2a.36","J28","K28","14e958538fc68dc4bf25b47ad11c4f3f90035873aa96616925e5cea0af242fb8","https://stat.link/mrq53f"
"Costa Rica","science",2018,415.62246,3.26602,"I.B1.2a.36","J29","K29","14e958538fc68dc4bf25b47ad11c4f3f90035873aa96616925e5cea0af242fb8","https://stat.link/mrq53f"
"Croatia","science",2018,472.36262,2.78953,"I.B1.2a.36","J30","K30","14e958538fc68dc4bf25b47ad11c4f3f90035873aa96616925e5cea0af242fb8","https://stat.link/mrq53f"
"Cyprus","science",2018,439.00825,1.38761,"I.B1.2a.36","J31","K31","14e958538fc68dc4bf25b47ad11c4f3f90035873aa96616925e5cea0af242fb8","https://stat.link/mrq53f"
"Czechia","science",2018,496.79131,2.54607,"I.B1.2a.36","J32","K32","14e958538fc68dc4bf25b47ad11c4f3f90035873aa96616925e5cea0af242fb8","https://stat.link/mrq53f"
"Denmark","science",2018,492.63703,1.9376,"I.B1.2a.36","J33","K33","14e958538fc68dc4bf25b47ad11c4f3f90035873aa96616925e5cea0af242fb8","https://stat.link/mrq53f"
"Dominican Republic","science",2018,335.62995,2.50474,"I.B1.2a.36","J34","K34","14e958538fc68dc4bf25b47ad11c4f3f90035873aa96616925e5cea0af242fb8","https://stat.link/mrq53f"
"Dushanbe (Tajikistan)","science",2018,__R_MISSING_VALUE_7__,__R_MISSING_VALUE_7__,"I.B1.2a.36","J35","K35","14e958538fc68dc4bf25b47ad11c4f3f90035873aa96616925e5cea0af242fb8","https://stat.link/mrq53f"
"Ecuador","science",2018,399.26305,2.93629,"I.B1.2a.36","J36","K36","14e958538fc68dc4bf25b47ad11c4f3f90035873aa96616925e5cea0af242fb8","https://stat.link/mrq53f"
"El Salvador","science",2018,__R_MISSING_VALUE_7__,__R_MISSING_VALUE_7__,"I.B1.2a.36","J37","K37","14e958538fc68dc4bf25b47ad11c4f3f90035873aa96616925e5cea0af242fb8","https://stat.link/mrq53f"
"Estonia","science",2018,530.108,1.88457,"I.B1.2a.36","J38","K38","14e958538fc68dc4bf25b47ad11c4f3f90035873aa96616925e5cea0af242fb8","https://stat.link/mrq53f"
"Finland","science",2018,521.88456,2.50952,"I.B1.2a.36","J39","K39","14e958538fc68dc4bf25b47ad11c4f3f90035873aa96616925e5cea0af242fb8","https://stat.link/mrq53f"
"France","science",2018,492.97708,2.22366,"I.B1.2a.36","J40","K40","14e958538fc68dc4bf25b47ad11c4f3f90035873aa96616925e5cea0af242fb8","https://stat.link/mrq53f"
"Georgia","science",2018,382.66361,2.30997,"I.B1.2a.36","J41","K41","14e958538fc68dc4bf25b47ad11c4f3f90035873aa96616925e5cea0af242fb8","https://stat.link/mrq53f"
"Germany","science",2018,502.9889,2.9115,"I.B1.2a.36","J42","K42","14e958538fc68dc4bf25b47ad11c4f3f90035873aa96616925e5cea0af242fb8","https://stat.link/mrq53f"
"Greece","science",2018,451.63274,3.13963,"I.B1.2a.36","J43","K43","14e958538fc68dc4bf25b47ad11c4f3f90035873aa96616925e5cea0af242fb8","https://stat.link/mrq53f"
"Guatemala","science",2018,364.94041,2.91616,"I.B1.2a.36","J44","K44","14e958538fc68dc4bf25b47ad11c4f3f90035873aa96616925e5cea0af242fb8","https://stat.link/mrq53f"
"Hong Kong (China)","science",2018,516.68613,2.5431,"I.B1.2a.36","J45","K45","14e958538fc68dc4bf25b47ad11c4f3f90035873aa96616925e5cea0af242fb8","https://stat.link/mrq53f"
"Hungary","science",2018,480.91169,2.32998,"I.B1.2a.36","J46","K46","14e958538fc68dc4bf25b47ad11c4f3f90035873aa96616925e5cea0af242fb8","https://stat.link/mrq53f"
"Iceland","science",2018,475.02411,1.7955,"I.B1.2a.36","J47","K47","14e958538fc68dc4bf25b47ad11c4f3f90035873aa96616925e5cea0af242fb8","https://stat.link/mrq53f"
"Indonesia","science",2018,396.07005,2.38639,"I.B1.2a.36","J48","K48","14e958538fc68dc4bf25b47ad11c4f3f90035873aa96616925e5cea0af242fb8","https://stat.link/mrq53f"
"Ireland","science",2018,496.11356,2.21415,"I.B1.2a.36","J49","K49","14e958538fc68dc4bf25b47ad11c4f3f90035873aa96616925e5cea0af242fb8","https://stat.link/mrq53f"
"Israel","science",2018,462.19663,3.61839,"I.B1.2a.36","J50","K50","14e958538fc68dc4bf25b47ad11c4f3f90035873aa96616925e5cea0af242fb8","https://stat.link/mrq53f"
"Italy","science",2018,468.01173,2.42956,"I.B1.2a.36","J51","K51","14e958538fc68dc4bf25b47ad11c4f3f90035873aa96616925e5cea0af242fb8","https://stat.link/mrq53f"
"Japan","science",2018,529.13543,2.59317,"I.B1.2a.36","J52","K52","14e958538fc68dc4bf25b47ad11c4f3f90035873aa96616925e5cea0af242fb8","https://stat.link/mrq53f"
"Jordan","science",2018,__R_MISSING_VALUE_7__,__R_MISSING_VALUE_7__,"I.B1.2a.36","J53","K53","14e958538fc68dc4bf25b47ad11c4f3f90035873aa96616925e5cea0af242fb8","https://stat.link/mrq53f"
"Kazakhstan","science",2018,397.10484,1.65783,"I.B1.2a.36","J54","K54","14e958538fc68dc4bf25b47ad11c4f3f90035873aa96616925e5cea0af242fb8","https://stat.link/mrq53f"
"Kenya","science",2018,__R_MISSING_VALUE_7__,__R_MISSING_VALUE_7__,"I.B1.2a.36","J55","K55","14e958538fc68dc4bf25b47ad11c4f3f90035873aa96616925e5cea0af242fb8","https://stat.link/mrq53f"
"Korea","science",2018,519.00725,2.80276,"I.B1.2a.36","J56","K56","14e958538fc68dc4bf25b47ad11c4f3f90035873aa96616925e5cea0af242fb8","https://stat.link/mrq53f"
"Kosovo","science",2018,364.88241,1.17414,"I.B1.2a.36","J57","K57","14e958538fc68dc4bf25b47ad11c4f3f90035873aa96616925e5cea0af242fb8","https://stat.link/mrq53f"
"Kurdistan Region (Iraq)","science",2018,__R_MISSING_VALUE_7__,__R_MISSING_VALUE_7__,"I.B1.2a.36","J58","K58","14e958538fc68dc4bf25b47ad11c4f3f90035873aa96616925e5cea0af242fb8","https://stat.link/mrq53f"
"Kyrgyzstan","science",2018,__R_MISSING_VALUE_7__,__R_MISSING_VALUE_7__,"I.B1.2a.36","J59","K59","14e958538fc68dc4bf25b47ad11c4f3f90035873aa96616925e5cea0af242fb8","https://stat.link/mrq53f"
"Latvia","science",2018,487.25059,1.7628,"I.B1.2a.36","J60","K60","14e958538fc68dc4bf25b47ad11c4f3f90035873aa96616925e5cea0af242fb8","https://stat.link/mrq53f"
"Lebanon","science",2018,383.71699,3.53991,"I.B1.2a.36","J61","K61","14e958538fc68dc4bf25b47ad11c4f3f90035873aa96616925e5cea0af242fb8","https://stat.link/mrq53f"
"Lithuania","science",2018,482.06701,1.62924,"I.B1.2a.36","J62","K62","14e958538fc68dc4bf25b47ad11c4f3f90035873aa96616925e5cea0af242fb8","https://stat.link/mrq53f"
"Luxembourg","science",2018,476.76941,1.22084,"I.B1.2a.36","J63","K63","14e958538fc68dc4bf25b47ad11c4f3f90035873aa96616925e5cea0af242fb8","https://stat.link/mrq53f"
"Macao (China)","science",2018,543.58573,1.4578,"I.B1.2a.36","J64","K64","14e958538fc68dc4bf25b47ad11c4f3f90035873aa96616925e5cea0af242fb8","https://stat.link/mrq53f"
"Malaysia","science",2018,437.61807,2.70588,"I.B1.2a.36","J65","K65","14e958538fc68dc4bf25b47ad11c4f3f90035873aa96616925e5cea0af242fb8","https://stat.link/mrq53f"
"Malta","science",2018,456.59032,1.86862,"I.B1.2a.36","J66","K66","14e958538fc68dc4bf25b47ad11c4f3f90035873aa96616925e5cea0af242fb8","https://stat.link/mrq53f"
"Mauritius","science",2018,__R_MISSING_VALUE_7__,__R_MISSING_VALUE_7__,"I.B1.2a.36","J67","K67","14e958538fc68dc4bf25b47ad11c4f3f90035873aa96616925e5cea0af242fb8","https://stat.link/mrq53f"
"Mexico","science",2018,419.20472,2.58401,"I.B1.2a.36","J68","K68","14e958538fc68dc4bf25b47ad11c4f3f90035873aa96616925e5cea0af242fb8","https://stat.link/mrq53f"
"Moldova","science",2018,428.48527,2.25974,"I.B1.2a.36","J69","K69","14e958538fc68dc4bf25b47ad11c4f3f90035873aa96616925e5cea0af242fb8","https://stat.link/mrq53f"
"Mongolia","science",2018,__R_MISSING_VALUE_7__,__R_MISSING_VALUE_7__,"I.B1.2a.36","J70","K70","14e958538fc68dc4bf25b47ad11c4f3f90035873aa96616925e5cea0af242fb8","https://stat.link/mrq53f"
"Montenegro","science",2018,415.17223,1.31057,"I.B1.2a.36","J71","K71","14e958538fc68dc4bf25b47ad11c4f3f90035873aa96616925e5cea0af242fb8","https://stat.link/mrq53f"
"Morocco","science",2018,376.59689,3.00444,"I.B1.2a.36","J72","K72","14e958538fc68dc4bf25b47ad11c4f3f90035873aa96616925e5cea0af242fb8","https://stat.link/mrq53f"
"Netherlands*","science",2018,503.38382,2.84062,"I.B1.2a.36","J73","K73","14e958538fc68dc4bf25b47ad11c4f3f90035873aa96616925e5cea0af242fb8","https://stat.link/mrq53f"
"New Zealand*","science",2018,508.49072,2.10463,"I.B1.2a.36","J74","K74","14e958538fc68dc4bf25b47ad11c4f3f90035873aa96616925e5cea0af242fb8","https://stat.link/mrq53f"
"North Macedonia","science",2018,413.04467,1.42086,"I.B1.2a.36","J75","K75","14e958538fc68dc4bf25b47ad11c4f3f90035873aa96616925e5cea0af242fb8","https://stat.link/mrq53f"
"Norway*","science",2018,490.41315,2.28251,"I.B1.2a.36","J76","K76","14e958538fc68dc4bf25b47ad11c4f3f90035873aa96616925e5cea0af242fb8","https://stat.link/mrq53f"
"Palestinian Authority","science",2018,__R_MISSING_VALUE_7__,__R_MISSING_VALUE_7__,"I.B1.2a.36","J77","K77","14e958538fc68dc4bf25b47ad11c4f3f90035873aa96616925e5cea0af242fb8","https://stat.link/mrq53f"
"Paraguay","science",2018,358.0264,3.32168,"I.B1.2a.36","J78","K78","14e958538fc68dc4bf25b47ad11c4f3f90035873aa96616925e5cea0af242fb8","https://stat.link/mrq53f"
"Peru","science",2018,404.2156,2.66854,"I.B1.2a.36","J79","K79","14e958538fc68dc4bf25b47ad11c4f3f90035873aa96616925e5cea0af242fb8","https://stat.link/mrq53f"
"Philippines","science",2018,356.93332,3.18156,"I.B1.2a.36","J80","K80","14e958538fc68dc4bf25b47ad11c4f3f90035873aa96616925e5cea0af242fb8","https://stat.link/mrq53f"
"Poland","science",2018,511.03556,2.60724,"I.B1.2a.36","J81","K81","14e958538fc68dc4bf25b47ad11c4f3f90035873aa96616925e5cea0af242fb8","https://stat.link/mrq53f"
"Portugal","science",2018,491.67733,2.77316,"I.B1.2a.36","J82","K82","14e958538fc68dc4bf25b47ad11c4f3f90035873aa96616925e5cea0af242fb8","https://stat.link/mrq53f"
"Qatar","science",2018,419.12715,0.92435,"I.B1.2a.36","J83","K83","14e958538fc68dc4bf25b47ad11c4f3f90035873aa96616925e5cea0af242fb8","https://stat.link/mrq53f"
"Romania","science",2018,425.76123,4.59793,"I.B1.2a.36","J84","K84","14e958538fc68dc4bf25b47ad11c4f3f90035873aa96616925e5cea0af242fb8","https://stat.link/mrq53f"
"Rwanda","science",2018,__R_MISSING_VALUE_7__,__R_MISSING_VALUE_7__,"I.B1.2a.36","J85","K85","14e958538fc68dc4bf25b47ad11c4f3f90035873aa96616925e5cea0af242fb8","https://stat.link/mrq53f"
"Saudi Arabia","science",2018,386.24614,2.8399,"I.B1.2a.36","J86","K86","14e958538fc68dc4bf25b47ad11c4f3f90035873aa96616925e5cea0af242fb8","https://stat.link/mrq53f"
"Serbia","science",2018,439.87389,3.04872,"I.B1.2a.36","J87","K87","14e958538fc68dc4bf25b47ad11c4f3f90035873aa96616925e5cea0af242fb8","https://stat.link/mrq53f"
"Singapore","science",2018,550.9369,1.48347,"I.B1.2a.36","J88","K88","14e958538fc68dc4bf25b47ad11c4f3f90035873aa96616925e5cea0af242fb8","https://stat.link/mrq53f"
"Slovak Republic","science",2018,464.04758,2.27819,"I.B1.2a.36","J89","K89","14e958538fc68dc4bf25b47ad11c4f3f90035873aa96616925e5cea0af242fb8","https://stat.link/mrq53f"
"Slovenia","science",2018,507.00655,1.25042,"I.B1.2a.36","J90","K90","14e958538fc68dc4bf25b47ad11c4f3f90035873aa96616925e5cea0af242fb8","https://stat.link/mrq53f"
"Spain","science",2018,__R_MISSING_VALUE_7__,__R_MISSING_VALUE_7__,"I.B1.2a.36","J91","K91","14e958538fc68dc4bf25b47ad11c4f3f90035873aa96616925e5cea0af242fb8","https://stat.link/mrq53f"
"Sweden","science",2018,499.44469,3.06971,"I.B1.2a.36","J92","K92","14e958538fc68dc4bf25b47ad11c4f3f90035873aa96616925e5cea0af242fb8","https://stat.link/mrq53f"
"Switzerland","science",2018,495.27629,3.005,"I.B1.2a.36","J93","K93","14e958538fc68dc4bf25b47ad11c4f3f90035873aa96616925e5cea0af242fb8","https://stat.link/mrq53f"
"Chinese Taipei","science",2018,515.74803,2.87386,"I.B1.2a.36","J94","K94","14e958538fc68dc4bf25b47ad11c4f3f90035873aa96616925e5cea0af242fb8","https://stat.link/mrq53f"
"Thailand","science",2018,425.81345,3.17834,"I.B1.2a.36","J95","K95","14e958538fc68dc4bf25b47ad11c4f3f90035873aa96616925e5cea0af242fb8","https://stat.link/mrq53f"
"Türkiye","science",2018,468.29962,2.01305,"I.B1.2a.36","J96","K96","14e958538fc68dc4bf25b47ad11c4f3f90035873aa96616925e5cea0af242fb8","https://stat.link/mrq53f"
"Ukrainian regions (17 of 27)","science",2018,__R_MISSING_VALUE_7__,__R_MISSING_VALUE_7__,"I.B1.2a.36","J97","K97","14e958538fc68dc4bf25b47ad11c4f3f90035873aa96616925e5cea0af242fb8","https://stat.link/mrq53f"
"United Arab Emirates","science",2018,433.6368,2.00766,"I.B1.2a.36","J98","K98","14e958538fc68dc4bf25b47ad11c4f3f90035873aa96616925e5cea0af242fb8","https://stat.link/mrq53f"
"United Kingdom","science",2018,504.66747,2.56441,"I.B1.2a.36","J99","K99","14e958538fc68dc4bf25b47ad11c4f3f90035873aa96616925e5cea0af242fb8","https://stat.link/mrq53f"
"United States*","science",2018,502.38003,3.31792,"I.B1.2a.36","J100","K100","14e958538fc68dc4bf25b47ad11c4f3f90035873aa96616925e5cea0af242fb8","https://stat.link/mrq53f"
"Uruguay","science",2018,425.81268,2.47193,"I.B1.2a.36","J101","K101","14e958538fc68dc4bf25b47ad11c4f3f90035873aa96616925e5cea0af242fb8","https://stat.link/mrq53f"
"Uzbekistan","science",2018,__R_MISSING_VALUE_7__,__R_MISSING_VALUE_7__,"I.B1.2a.36","J102","K102","14e958538fc68dc4bf25b47ad11c4f3f90035873aa96616925e5cea0af242fb8","https://stat.link/mrq53f"
"Viet Nam","science",2018,__R_MISSING_VALUE_7__,__R_MISSING_VALUE_7__,"I.B1.2a.36","J103","K103","14e958538fc68dc4bf25b47ad11c4f3f90035873aa96616925e5cea0af242fb8","https://stat.link/mrq53f"
"Zambia","science",2018,309.31934,3.05138,"I.B1.2a.36","J104","K104","14e958538fc68dc4bf25b47ad11c4f3f90035873aa96616925e5cea0af242fb8","https://stat.link/mrq53f"
"Albania*","science",2018,416.72626,1.9854,"I.B1.2a.36","J106","K106","14e958538fc68dc4bf25b47ad11c4f3f90035873aa96616925e5cea0af242fb8","https://stat.link/mrq53f"
"OECD average","science",2022,__R_MISSING_VALUE_7__,__R_MISSING_VALUE_7__,"I.B1.2a.36","L10","M10","14e958538fc68dc4bf25b47ad11c4f3f90035873aa96616925e5cea0af242fb8","https://stat.link/mrq53f"
"OECD average-23","science",2022,490.86388,0.53261,"I.B1.2a.36","L11","M11","14e958538fc68dc4bf25b47ad11c4f3f90035873aa96616925e5cea0af242fb8","https://stat.link/mrq53f"
"OECD average-35","science",2022,486.75441,0.45267,"I.B1.2a.36","L12","M12","14e958538fc68dc4bf25b47ad11c4f3f90035873aa96616925e5cea0af242fb8","https://stat.link/mrq53f"
"Argentina","science",2022,406.19134,2.49288,"I.B1.2a.36","L15","M15","14e958538fc68dc4bf25b47ad11c4f3f90035873aa96616925e5cea0af242fb8","https://stat.link/mrq53f"
"Armenia","science",2022,__R_MISSING_VALUE_7__,__R_MISSING_VALUE_7__,"I.B1.2a.36","L16","M16","14e958538fc68dc4bf25b47ad11c4f3f90035873aa96616925e5cea0af242fb8","https://stat.link/mrq53f"
"Australia","science",2022,507.00087,1.93308,"I.B1.2a.36","L17","M17","14e958538fc68dc4bf25b47ad11c4f3f90035873aa96616925e5cea0af242fb8","https://stat.link/mrq53f"
"Austria","science",2022,491.27096,2.65013,"I.B1.2a.36","L18","M18","14e958538fc68dc4bf25b47ad11c4f3f90035873aa96616925e5cea0af242fb8","https://stat.link/mrq53f"
"Azerbaijan","science",2022,__R_MISSING_VALUE_7__,__R_MISSING_VALUE_7__,"I.B1.2a.36","L19","M19","14e958538fc68dc4bf25b47ad11c4f3f90035873aa96616925e5cea0af242fb8","https://stat.link/mrq53f"
"Belgium","science",2022,490.57835,2.48187,"I.B1.2a.36","L20","M20","14e958538fc68dc4bf25b47ad11c4f3f90035873aa96616925e5cea0af242fb8","https://stat.link/mrq53f"
"Brazil","science",2022,403.00121,1.93277,"I.B1.2a.36","L21","M21","14e958538fc68dc4bf25b47ad11c4f3f90035873aa96616925e5cea0af242fb8","https://stat.link/mrq53f"
"Brunei Darussalam","science",2022,445.85512,1.31683,"I.B1.2a.36","L22","M22","14e958538fc68dc4bf25b47ad11c4f3f90035873aa96616925e5cea0af242fb8","https://stat.link/mrq53f"
"B-S-J-Z (China)","science",2022,__R_MISSING_VALUE_7__,__R_MISSING_VALUE_7__,"I.B1.2a.36","L23","M23","14e958538fc68dc4bf25b47ad11c4f3f90035873aa96616925e5cea0af242fb8","https://stat.link/mrq53f"
"Bulgaria","science",2022,420.99322,3.17424,"I.B1.2a.36","L24","M24","14e958538fc68dc4bf25b47ad11c4f3f90035873aa96616925e5cea0af242fb8","https://stat.link/mrq53f"
"Cambodia","science",2022,347.10416,2.09916,"I.B1.2a.36","L25","M25","14e958538fc68dc4bf25b47ad11c4f3f90035873aa96616925e5cea0af242fb8","https://stat.link/mrq53f"
"Canada*","science",2022,515.01668,1.92899,"I.B1.2a.36","L26","M26","14e958538fc68dc4bf25b47ad11c4f3f90035873aa96616925e5cea0af242fb8","https://stat.link/mrq53f"
"Chile","science",2022,443.5434,2.4686,"I.B1.2a.36","L27","M27","14e958538fc68dc4bf25b47ad11c4f3f90035873aa96616925e5cea0af242fb8","https://stat.link/mrq53f"
"Colombia","science",2022,411.12067,3.28406,"I.B1.2a.36","L28","M28","14e958538fc68dc4bf25b47ad11c4f3f90035873aa96616925e5cea0af242fb8","https://stat.link/mrq53f"
"Costa Rica","science",2022,410.98662,2.41799,"I.B1.2a.36","L29","M29","14e958538fc68dc4bf25b47ad11c4f3f90035873aa96616925e5cea0af242fb8","https://stat.link/mrq53f"
"Croatia","science",2022,482.66745,2.39754,"I.B1.2a.36","L30","M30","14e958538fc68dc4bf25b47ad11c4f3f90035873aa96616925e5cea0af242fb8","https://stat.link/mrq53f"
"Cyprus","science",2022,410.90252,1.45661,"I.B1.2a.36","L31","M31","14e958538fc68dc4bf25b47ad11c4f3f90035873aa96616925e5cea0af242fb8","https://stat.link/mrq53f"
"Czechia","science",2022,497.74205,2.30427,"I.B1.2a.36","L32","M32","14e958538fc68dc4bf25b47ad11c4f3f90035873aa96616925e5cea0af242fb8","https://stat.link/mrq53f"
"Denmark","science",2022,493.81571,2.4975,"I.B1.2a.36","L33","M33","14e958538fc68dc4bf25b47ad11c4f3f90035873aa96616925e5cea0af242fb8","https://stat.link/mrq53f"
"Dominican Republic","science",2022,360.42606,2.04454,"I.B1.2a.36","L34","M34","14e958538fc68dc4bf25b47ad11c4f3f90035873aa96616925e5cea0af242fb8","https://stat.link/mrq53f"
"Dushanbe (Tajikistan)","science",2022,__R_MISSING_VALUE_7__,__R_MISSING_VALUE_7__,"I.B1.2a.36","L35","M35","14e958538fc68dc4bf25b47ad11c4f3f90035873aa96616925e5cea0af242fb8","https://stat.link/mrq53f"
"Ecuador","science",2022,__R_MISSING_VALUE_7__,__R_MISSING_VALUE_7__,"I.B1.2a.36","L36","M36","14e958538fc68dc4bf25b47ad11c4f3f90035873aa96616925e5cea0af242fb8","https://stat.link/mrq53f"
"El Salvador","science",2022,373.14131,2.62042,"I.B1.2a.36","L37","M37","14e958538fc68dc4bf25b47ad11c4f3f90035873aa96616925e5cea0af242fb8","https://stat.link/mrq53f"
"Estonia","science",2022,525.81178,2.06543,"I.B1.2a.36","L38","M38","14e958538fc68dc4bf25b47ad11c4f3f90035873aa96616925e5cea0af242fb8","https://stat.link/mrq53f"
"Finland","science",2022,510.95885,2.50078,"I.B1.2a.36","L39","M39","14e958538fc68dc4bf25b47ad11c4f3f90035873aa96616925e5cea0af242fb8","https://stat.link/mrq53f"
"France","science",2022,487.22528,2.72959,"I.B1.2a.36","L40","M40","14e958538fc68dc4bf25b47ad11c4f3f90035873aa96616925e5cea0af242fb8","https://stat.link/mrq53f"
"Georgia","science",2022,384.06746,2.30827,"I.B1.2a.36","L41","M41","14e958538fc68dc4bf25b47ad11c4f3f90035873aa96616925e5cea0af242fb8","https://stat.link/mrq53f"
"Germany","science",2022,492.42673,3.48306,"I.B1.2a.36","L42","M42","14e958538fc68dc4bf25b47ad11c4f3f90035873aa96616925e5cea0af242fb8","https://stat.link/mrq53f"
"Greece","science",2022,440.78606,2.76723,"I.B1.2a.36","L43","M43","14e958538fc68dc4bf25b47ad11c4f3f90035873aa96616925e5cea0af242fb8","https://stat.link/mrq53f"
"Guatemala","science",2022,372.96275,2.23028,"I.B1.2a.36","L44","M44","14e958538fc68dc4bf25b47ad11c4f3f90035873aa96616925e5cea0af242fb8","https://stat.link/mrq53f"
"Hong Kong (China)","science",2022,520.41868,2.79285,"I.B1.2a.36","L45","M45","14e958538fc68dc4bf25b47ad11c4f3f90035873aa96616925e5cea0af242fb8","https://stat.link/mrq53f"
"Hungary","science",2022,485.89016,2.70874,"I.B1.2a.36","L46","M46","14e958538fc68dc4bf25b47ad11c4f3f90035873aa96616925e5cea0af242fb8","https://stat.link/mrq53f"
"Iceland","science",2022,446.96711,1.76142,"I.B1.2a.36","L47","M47","14e958538fc68dc4bf25b47ad11c4f3f90035873aa96616925e5cea0af242fb8","https://stat.link/mrq53f"
"Indonesia","science",2022,382.86341,2.56129,"I.B1.2a.36","L48","M48","14e958538fc68dc4bf25b47ad11c4f3f90035873aa96616925e5cea0af242fb8","https://stat.link/mrq53f"
"Ireland","science",2022,503.84554,2.25696,"I.B1.2a.36","L49","M49","14e958538fc68dc4bf25b47ad11c4f3f90035873aa96616925e5cea0af242fb8","https://stat.link/mrq53f"
"Israel","science",2022,464.75183,3.38481,"I.B1.2a.36","L50","M50","14e958538fc68dc4bf25b47ad11c4f3f90035873aa96616925e5cea0af242fb8","https://stat.link/mrq53f"
"Italy","science",2022,477.46337,3.17755,"I.B1.2a.36","L51","M51","14e958538fc68dc4bf25b47ad11c4f3f90035873aa96616925e5cea0af242fb8","https://stat.link/mrq53f"
"Japan","science",2022,546.63445,2.804,"I.B1.2a.36","L52","M52","14e958538fc68dc4bf25b47ad11c4f3f90035873aa96616925e5cea0af242fb8","https://stat.link/mrq53f"
"Jordan","science",2022,374.52709,2.35131,"I.B1.2a.36","L53","M53","14e958538fc68dc4bf25b47ad11c4f3f90035873aa96616925e5cea0af242fb8","https://stat.link/mrq53f"
"Kazakhstan","science",2022,423.16605,1.71996,"I.B1.2a.36","L54","M54","14e958538fc68dc4bf25b47ad11c4f3f90035873aa96616925e5cea0af242fb8","https://stat.link/mrq53f"
"Kenya","science",2022,__R_MISSING_VALUE_7__,__R_MISSING_VALUE_7__,"I.B1.2a.36","L55","M55","14e958538fc68dc4bf25b47ad11c4f3f90035873aa96616925e5cea0af242fb8","https://stat.link/mrq53f"
"Korea","science",2022,527.82242,3.57962,"I.B1.2a.36","L56","M56","14e958538fc68dc4bf25b47ad11c4f3f90035873aa96616925e5cea0af242fb8","https://stat.link/mrq53f"
"Kosovo","science",2022,357.02405,1.25983,"I.B1.2a.36","L57","M57","14e958538fc68dc4bf25b47ad11c4f3f90035873aa96616925e5cea0af242fb8","https://stat.link/mrq53f"
"Kurdistan Region (Iraq)","science",2022,__R_MISSING_VALUE_7__,__R_MISSING_VALUE_7__,"I.B1.2a.36","L58","M58","14e958538fc68dc4bf25b47ad11c4f3f90035873aa96616925e5cea0af242fb8","https://stat.link/mrq53f"
"Kyrgyzstan","science",2022,__R_MISSING_VALUE_7__,__R_MISSING_VALUE_7__,"I.B1.2a.36","L59","M59","14e958538fc68dc4bf25b47ad11c4f3f90035873aa96616925e5cea0af242fb8","https://stat.link/mrq53f"
"Latvia","science",2022,493.84277,2.29797,"I.B1.2a.36","L60","M60","14e958538fc68dc4bf25b47ad11c4f3f90035873aa96616925e5cea0af242fb8","https://stat.link/mrq53f"
"Lebanon","science",2022,__R_MISSING_VALUE_7__,__R_MISSING_VALUE_7__,"I.B1.2a.36","L61","M61","14e958538fc68dc4bf25b47ad11c4f3f90035873aa96616925e5cea0af242fb8","https://stat.link/mrq53f"
"Lithuania","science",2022,484.46341,2.3332,"I.B1.2a.36","L62","M62","14e958538fc68dc4bf25b47ad11c4f3f90035873aa96616925e5cea0af242fb8","https://stat.link/mrq53f"
"Luxembourg","science",2022,__R_MISSING_VALUE_7__,__R_MISSING_VALUE_7__,"I.B1.2a.36","L63","M63","14e958538fc68dc4bf25b47ad11c4f3f90035873aa96616925e5cea0af242fb8","https://stat.link/mrq53f"
"Macao (China)","science",2022,543.09628,1.1144,"I.B1.2a.36","L64","M64","14e958538fc68dc4bf25b47ad11c4f3f90035873aa96616925e5cea0af242fb8","https://stat.link/mrq53f"
"Malaysia","science",2022,416.30612,2.34842,"I.B1.2a.36","L65","M65","14e958538fc68dc4bf25b47ad11c4f3f90035873aa96616925e5cea0af242fb8","https://stat.link/mrq53f"
"Malta","science",2022,465.58874,1.6973,"I.B1.2a.36","L66","M66","14e958538fc68dc4bf25b47ad11c4f3f90035873aa96616925e5cea0af242fb8","https://stat.link/mrq53f"
"Mauritius","science",2022,__R_MISSING_VALUE_7__,__R_MISSING_VALUE_7__,"I.B1.2a.36","L67","M67","14e958538fc68dc4bf25b47ad11c4f3f90035873aa96616925e5cea0af242fb8","https://stat.link/mrq53f"
"Mexico","science",2022,409.8866,2.41564,"I.B1.2a.36","L68","M68","14e958538fc68dc4bf25b47ad11c4f3f90035873aa96616925e5cea0af242fb8","https://stat.link/mrq53f"
"Moldova","science",2022,416.85898,2.38768,"I.B1.2a.36","L69","M69","14e958538fc68dc4bf25b47ad11c4f3f90035873aa96616925e5cea0af242fb8","https://stat.link/mrq53f"
"Mongolia","science",2022,412.38254,2.36455,"I.B1.2a.36","L70","M70","14e958538fc68dc4bf25b47ad11c4f3f90035873aa96616925e5cea0af242fb8","https://stat.link/mrq53f"
"Montenegro","science",2022,403.13024,1.20526,"I.B1.2a.36","L71","M71","14e958538fc68dc4bf25b47ad11c4f3f90035873aa96616925e5cea0af242fb8","https://stat.link/mrq53f"
"Morocco","science",2022,365.39808,3.38342,"I.B1.2a.36","L72","M72","14e958538fc68dc4bf25b47ad11c4f3f90035873aa96616925e5cea0af242fb8","https://stat.link/mrq53f"
"Netherlands*","science",2022,488.31684,4.07317,"I.B1.2a.36","L73","M73","14e958538fc68dc4bf25b47ad11c4f3f90035873aa96616925e5cea0af242fb8","https://stat.link/mrq53f"
"New Zealand*","science",2022,504.1293,2.24204,"I.B1.2a.36","L74","M74","14e958538fc68dc4bf25b47ad11c4f3f90035873aa96616925e5cea0af242fb8","https://stat.link/mrq53f"
"North Macedonia","science",2022,379.87511,0.92907,"I.B1.2a.36","L75","M75","14e958538fc68dc4bf25b47ad11c4f3f90035873aa96616925e5cea0af242fb8","https://stat.link/mrq53f"
"Norway*","science",2022,478.22646,2.37255,"I.B1.2a.36","L76","M76","14e958538fc68dc4bf25b47ad11c4f3f90035873aa96616925e5cea0af242fb8","https://stat.link/mrq53f"
"Palestinian Authority","science",2022,375.68181,2.65442,"I.B1.2a.36","L77","M77","14e958538fc68dc4bf25b47ad11c4f3f90035873aa96616925e5cea0af242fb8","https://stat.link/mrq53f"
"Paraguay","science",2022,368.32782,2.0552,"I.B1.2a.36","L78","M78","14e958538fc68dc4bf25b47ad11c4f3f90035873aa96616925e5cea0af242fb8","https://stat.link/mrq53f"
"Peru","science",2022,407.77776,2.64446,"I.B1.2a.36","L79","M79","14e958538fc68dc4bf25b47ad11c4f3f90035873aa96616925e5cea0af242fb8","https://stat.link/mrq53f"
"Philippines","science",2022,356.16729,3.10731,"I.B1.2a.36","L80","M80","14e958538fc68dc4bf25b47ad11c4f3f90035873aa96616925e5cea0af242fb8","https://stat.link/mrq53f"
"Poland","science",2022,499.16436,2.54508,"I.B1.2a.36","L81","M81","14e958538fc68dc4bf25b47ad11c4f3f90035873aa96616925e5cea0af242fb8","https://stat.link/mrq53f"
"Portugal","science",2022,484.37346,2.55899,"I.B1.2a.36","L82","M82","14e958538fc68dc4bf25b47ad11c4f3f90035873aa96616925e5cea0af242fb8","https://stat.link/mrq53f"
"Qatar","science",2022,432.40251,1.47973,"I.B1.2a.36","L83","M83","14e958538fc68dc4bf25b47ad11c4f3f90035873aa96616925e5cea0af242fb8","https://stat.link/mrq53f"
"Romania","science",2022,427.51111,3.86738,"I.B1.2a.36","L84","M84","14e958538fc68dc4bf25b47ad11c4f3f90035873aa96616925e5cea0af242fb8","https://stat.link/mrq53f"
"Rwanda","science",2022,__R_MISSING_VALUE_7__,__R_MISSING_VALUE_7__,"I.B1.2a.36","L85","M85","14e958538fc68dc4bf25b47ad11c4f3f90035873aa96616925e5cea0af242fb8","https://stat.link/mrq53f"
"Saudi Arabia","science",2022,390.38762,1.95582,"I.B1.2a.36","L86","M86","14e958538fc68dc4bf25b47ad11c4f3f90035873aa96616925e5cea0af242fb8","https://stat.link/mrq53f"
"Serbia","science",2022,447.46066,2.8913,"I.B1.2a.36","L87","M87","14e958538fc68dc4bf25b47ad11c4f3f90035873aa96616925e5cea0af242fb8","https://stat.link/mrq53f"
"Singapore","science",2022,561.43327,1.32732,"I.B1.2a.36","L88","M88","14e958538fc68dc4bf25b47ad11c4f3f90035873aa96616925e5cea0af242fb8","https://stat.link/mrq53f"
"Slovak Republic","science",2022,462.26948,3.03018,"I.B1.2a.36","L89","M89","14e958538fc68dc4bf25b47ad11c4f3f90035873aa96616925e5cea0af242fb8","https://stat.link/mrq53f"
"Slovenia","science",2022,499.96488,1.44586,"I.B1.2a.36","L90","M90","14e958538fc68dc4bf25b47ad11c4f3f90035873aa96616925e5cea0af242fb8","https://stat.link/mrq53f"
"Spain","science",2022,484.53365,1.60105,"I.B1.2a.36","L91","M91","14e958538fc68dc4bf25b47ad11c4f3f90035873aa96616925e5cea0af242fb8","https://stat.link/mrq53f"
"Sweden","science",2022,493.54932,2.35045,"I.B1.2a.36","L92","M92","14e958538fc68dc4bf25b47ad11c4f3f90035873aa96616925e5cea0af242fb8","https://stat.link/mrq53f"
"Switzerland","science",2022,502.52324,2.18587,"I.B1.2a.36","L93","M93","14e958538fc68dc4bf25b47ad11c4f3f90035873aa96616925e5cea0af242fb8","https://stat.link/mrq53f"
"Chinese Taipei","science",2022,537.38038,3.31314,"I.B1.2a.36","L94","M94","14e958538fc68dc4bf25b47ad11c4f3f90035873aa96616925e5cea0af242fb8","https://stat.link/mrq53f"
"Thailand","science",2022,409.26431,2.78343,"I.B1.2a.36","L95","M95","14e958538fc68dc4bf25b47ad11c4f3f90035873aa96616925e5cea0af242fb8","https://stat.link/mrq53f"
"Türkiye","science",2022,475.9378,1.92809,"I.B1.2a.36","L96","M96","14e958538fc68dc4bf25b47ad11c4f3f90035873aa96616925e5cea0af242fb8","https://stat.link/mrq53f"
"Ukrainian regions (17 of 27)","science",2022,449.3271,3.85944,"I.B1.2a.36","L97","M97","14e958538fc68dc4bf25b47ad11c4f3f90035873aa96616925e5cea0af242fb8","https://stat.link/mrq53f"
"United Arab Emirates","science",2022,431.97947,1.31027,"I.B1.2a.36","L98","M98","14e958538fc68dc4bf25b47ad11c4f3f90035873aa96616925e5cea0af242fb8","https://stat.link/mrq53f"
"United Kingdom","science",2022,499.67021,2.37648,"I.B1.2a.36","L99","M99","14e958538fc68dc4bf25b47ad11c4f3f90035873aa96616925e5cea0af242fb8","https://stat.link/mrq53f"
"United States*","science",2022,499.41406,4.31856,"I.B1.2a.36","L100","M100","14e958538fc68dc4bf25b47ad11c4f3f90035873aa96616925e5cea0af242fb8","https://stat.link/mrq53f"
"Uruguay","science",2022,435.38477,2.47771,"I.B1.2a.36","L101","M101","14e958538fc68dc4bf25b47ad11c4f3f90035873aa96616925e5cea0af242fb8","https://stat.link/mrq53f"
"Uzbekistan","science",2022,354.86357,2.0097,"I.B1.2a.36","L102","M102","14e958538fc68dc4bf25b47ad11c4f3f90035873aa96616925e5cea0af242fb8","https://stat.link/mrq53f"
"Viet Nam","science",2022,__R_MISSING_VALUE_7__,__R_MISSING_VALUE_7__,"I.B1.2a.36","L103","M103","14e958538fc68dc4bf25b47ad11c4f3f90035873aa96616925e5cea0af242fb8","https://stat.link/mrq53f"
"Zambia","science",2022,__R_MISSING_VALUE_7__,__R_MISSING_VALUE_7__,"I.B1.2a.36","L104","M104","14e958538fc68dc4bf25b47ad11c4f3f90035873aa96616925e5cea0af242fb8","https://stat.link/mrq53f"
"Albania*","science",2022,375.96775,2.2162,"I.B1.2a.36","L106","M106","14e958538fc68dc4bf25b47ad11c4f3f90035873aa96616925e5cea0af242fb8","https://stat.link/mrq53f"
"OECD average-23","science",2025,485.93596,0.55398,"I.B1.2a.36","N11","O11","14e958538fc68dc4bf25b47ad11c4f3f90035873aa96616925e5cea0af242fb8","https://stat.link/mrq53f"
"OECD average-35","science",2025,483.93285,0.4661,"I.B1.2a.36","N12","O12","14e958538fc68dc4bf25b47ad11c4f3f90035873aa96616925e5cea0af242fb8","https://stat.link/mrq53f"
"OECD average","reading",2000,__R_MISSING_VALUE_7__,__R_MISSING_VALUE_7__,"I.B1.2a.37","B10","C10","14e958538fc68dc4bf25b47ad11c4f3f90035873aa96616925e5cea0af242fb8","https://stat.link/mrq53f"
"OECD average-23","reading",2000,499.53403,0.71538,"I.B1.2a.37","B11","C11","14e958538fc68dc4bf25b47ad11c4f3f90035873aa96616925e5cea0af242fb8","https://stat.link/mrq53f"
"OECD average-35","reading",2000,__R_MISSING_VALUE_7__,__R_MISSING_VALUE_7__,"I.B1.2a.37","B12","C12","14e958538fc68dc4bf25b47ad11c4f3f90035873aa96616925e5cea0af242fb8","https://stat.link/mrq53f"
"Argentina","reading",2000,418.2507,9.8643,"I.B1.2a.37","B15","C15","14e958538fc68dc4bf25b47ad11c4f3f90035873aa96616925e5cea0af242fb8","https://stat.link/mrq53f"
"Armenia","reading",2000,__R_MISSING_VALUE_7__,__R_MISSING_VALUE_7__,"I.B1.2a.37","B16","C16","14e958538fc68dc4bf25b47ad11c4f3f90035873aa96616925e5cea0af242fb8","https://stat.link/mrq53f"
"Australia","reading",2000,528.2785,3.52255,"I.B1.2a.37","B17","C17","14e958538fc68dc4bf25b47ad11c4f3f90035873aa96616925e5cea0af242fb8","https://stat.link/mrq53f"
"Austria","reading",2000,492.05601,2.69201,"I.B1.2a.37","B18","C18","14e958538fc68dc4bf25b47ad11c4f3f90035873aa96616925e5cea0af242fb8","https://stat.link/mrq53f"
"Azerbaijan","reading",2000,__R_MISSING_VALUE_7__,__R_MISSING_VALUE_7__,"I.B1.2a.37","B19","C19","14e958538fc68dc4bf25b47ad11c4f3f90035873aa96616925e5cea0af242fb8","https://stat.link/mrq53f"
"Belgium","reading",2000,507.12589,3.55785,"I.B1.2a.37","B20","C20","14e958538fc68dc4bf25b47ad11c4f3f90035873aa96616925e5cea0af242fb8","https://stat.link/mrq53f"
"Brazil","reading",2000,396.02908,3.09919,"I.B1.2a.37","B21","C21","14e958538fc68dc4bf25b47ad11c4f3f90035873aa96616925e5cea0af242fb8","https://stat.link/mrq53f"
"Brunei Darussalam","reading",2000,__R_MISSING_VALUE_7__,__R_MISSING_VALUE_7__,"I.B1.2a.37","B22","C22","14e958538fc68dc4bf25b47ad11c4f3f90035873aa96616925e5cea0af242fb8","https://stat.link/mrq53f"
"B-S-J-Z (China)","reading",2000,__R_MISSING_VALUE_7__,__R_MISSING_VALUE_7__,"I.B1.2a.37","B23","C23","14e958538fc68dc4bf25b47ad11c4f3f90035873aa96616925e5cea0af242fb8","https://stat.link/mrq53f"
"Bulgaria","reading",2000,430.40343,4.88695,"I.B1.2a.37","B24","C24","14e958538fc68dc4bf25b47ad11c4f3f90035873aa96616925e5cea0af242fb8","https://stat.link/mrq53f"
"Cambodia","reading",2000,__R_MISSING_VALUE_7__,__R_MISSING_VALUE_7__,"I.B1.2a.37","B25","C25","14e958538fc68dc4bf25b47ad11c4f3f90035873aa96616925e5cea0af242fb8","https://stat.link/mrq53f"
"Canada*","reading",2000,534.31272,1.55873,"I.B1.2a.37","B26","C26","14e958538fc68dc4bf25b47ad11c4f3f90035873aa96616925e5cea0af242fb8","https://stat.link/mrq53f"
"Chile","reading",2000,409.55678,3.58574,"I.B1.2a.37","B27","C27","14e958538fc68dc4bf25b47ad11c4f3f90035873aa96616925e5cea0af242fb8","https://stat.link/mrq53f"
"Colombia","reading",2000,__R_MISSING_VALUE_7__,__R_MISSING_VALUE_7__,"I.B1.2a.37","B28","C28","14e958538fc68dc4bf25b47ad11c4f3f90035873aa96616925e5cea0af242fb8","https://stat.link/mrq53f"
"Costa Rica","reading",2000,__R_MISSING_VALUE_7__,__R_MISSING_VALUE_7__,"I.B1.2a.37","B29","C29","14e958538fc68dc4bf25b47ad11c4f3f90035873aa96616925e5cea0af242fb8","https://stat.link/mrq53f"
"Croatia","reading",2000,__R_MISSING_VALUE_7__,__R_MISSING_VALUE_7__,"I.B1.2a.37","B30","C30","14e958538fc68dc4bf25b47ad11c4f3f90035873aa96616925e5cea0af242fb8","https://stat.link/mrq53f"
"Cyprus","reading",2000,__R_MISSING_VALUE_7__,__R_MISSING_VALUE_7__,"I.B1.2a.37","B31","C31","14e958538fc68dc4bf25b47ad11c4f3f90035873aa96616925e5cea0af242fb8","https://stat.link/mrq53f"
"Czechia","reading",2000,491.57703,2.36981,"I.B1.2a.37","B32","C32","14e958538fc68dc4bf25b47ad11c4f3f90035873aa96616925e5cea0af242fb8","https://stat.link/mrq53f"
"Denmark","reading",2000,496.87097,2.35282,"I.B1.2a.37","B33","C33","14e958538fc68dc4bf25b47ad11c4f3f90035873aa96616925e5cea0af242fb8","https://stat.link/mrq53f"
"Dominican Republic","reading",2000,__R_MISSING_VALUE_7__,__R_MISSING_VALUE_7__,"I.B1.2a.37","B34","C34","14e958538fc68dc4bf25b47ad11c4f3f90035873aa96616925e5cea0af242fb8","https://stat.link/mrq53f"
"Dushanbe (Tajikistan)","reading",2000,__R_MISSING_VALUE_7__,__R_MISSING_VALUE_7__,"I.B1.2a.37","B35","C35","14e958538fc68dc4bf25b47ad11c4f3f90035873aa96616925e5cea0af242fb8","https://stat.link/mrq53f"
"Ecuador","reading",2000,__R_MISSING_VALUE_7__,__R_MISSING_VALUE_7__,"I.B1.2a.37","B36","C36","14e958538fc68dc4bf25b47ad11c4f3f90035873aa96616925e5cea0af242fb8","https://stat.link/mrq53f"
"El Salvador","reading",2000,__R_MISSING_VALUE_7__,__R_MISSING_VALUE_7__,"I.B1.2a.37","B37","C37","14e958538fc68dc4bf25b47ad11c4f3f90035873aa96616925e5cea0af242fb8","https://stat.link/mrq53f"
"Estonia","reading",2000,__R_MISSING_VALUE_7__,__R_MISSING_VALUE_7__,"I.B1.2a.37","B38","C38","14e958538fc68dc4bf25b47ad11c4f3f90035873aa96616925e5cea0af242fb8","https://stat.link/mrq53f"
"Finland","reading",2000,546.46914,2.57821,"I.B1.2a.37","B39","C39","14e958538fc68dc4bf25b47ad11c4f3f90035873aa96616925e5cea0af242fb8","https://stat.link/mrq53f"
"France","reading",2000,504.74239,2.72794,"I.B1.2a.37","B40","C40","14e958538fc68dc4bf25b47ad11c4f3f90035873aa96616925e5cea0af242fb8","https://stat.link/mrq53f"
"Georgia","reading",2000,__R_MISSING_VALUE_7__,__R_MISSING_VALUE_7__,"I.B1.2a.37","B41","C41","14e958538fc68dc4bf25b47ad11c4f3f90035873aa96616925e5cea0af242fb8","https://stat.link/mrq53f"
"Germany","reading",2000,483.99082,2.46509,"I.B1.2a.37","B42","C42","14e958538fc68dc4bf25b47ad11c4f3f90035873aa96616925e5cea0af242fb8","https://stat.link/mrq53f"
"Greece","reading",2000,473.79885,4.97015,"I.B1.2a.37","B43","C43","14e958538fc68dc4bf25b47ad11c4f3f90035873aa96616925e5cea0af242fb8","https://stat.link/mrq53f"
"Guatemala","reading",2000,__R_MISSING_VALUE_7__,__R_MISSING_VALUE_7__,"I.B1.2a.37","B44","C44","14e958538fc68dc4bf25b47ad11c4f3f90035873aa96616925e5cea0af242fb8","https://stat.link/mrq53f"
"Hong Kong (China)","reading",2000,525.4559,2.92788,"I.B1.2a.37","B45","C45","14e958538fc68dc4bf25b47ad11c4f3f90035873aa96616925e5cea0af242fb8","https://stat.link/mrq53f"
"Hungary","reading",2000,479.96678,3.95375,"I.B1.2a.37","B46","C46","14e958538fc68dc4bf25b47ad11c4f3f90035873aa96616925e5cea0af242fb8","https://stat.link/mrq53f"
"Iceland","reading",2000,506.93046,1.45405,"I.B1.2a.37","B47","C47","14e958538fc68dc4bf25b47ad11c4f3f90035873aa96616925e5cea0af242fb8","https://stat.link/mrq53f"
"Indonesia","reading",2000,370.61466,3.98649,"I.B1.2a.37","B48","C48","14e958538fc68dc4bf25b47ad11c4f3f90035873aa96616925e5cea0af242fb8","https://stat.link/mrq53f"
"Ireland","reading",2000,526.66865,3.23731,"I.B1.2a.37","B49","C49","14e958538fc68dc4bf25b47ad11c4f3f90035873aa96616925e5cea0af242fb8","https://stat.link/mrq53f"
"Israel","reading",2000,452.1724,8.46715,"I.B1.2a.37","B50","C50","14e958538fc68dc4bf25b47ad11c4f3f90035873aa96616925e5cea0af242fb8","https://stat.link/mrq53f"
"Italy","reading",2000,487.46965,2.91301,"I.B1.2a.37","B51","C51","14e958538fc68dc4bf25b47ad11c4f3f90035873aa96616925e5cea0af242fb8","https://stat.link/mrq53f"
"Japan","reading",2000,522.23493,5.20994,"I.B1.2a.37","B52","C52","14e958538fc68dc4bf25b47ad11c4f3f90035873aa96616925e5cea0af242fb8","https://stat.link/mrq53f"
"Jordan","reading",2000,__R_MISSING_VALUE_7__,__R_MISSING_VALUE_7__,"I.B1.2a.37","B53","C53","14e958538fc68dc4bf25b47ad11c4f3f90035873aa96616925e5cea0af242fb8","https://stat.link/mrq53f"
"Kazakhstan","reading",2000,__R_MISSING_VALUE_7__,__R_MISSING_VALUE_7__,"I.B1.2a.37","B54","C54","14e958538fc68dc4bf25b47ad11c4f3f90035873aa96616925e5cea0af242fb8","https://stat.link/mrq53f"
"Kenya","reading",2000,__R_MISSING_VALUE_7__,__R_MISSING_VALUE_7__,"I.B1.2a.37","B55","C55","14e958538fc68dc4bf25b47ad11c4f3f90035873aa96616925e5cea0af242fb8","https://stat.link/mrq53f"
"Korea","reading",2000,524.7543,2.41616,"I.B1.2a.37","B56","C56","14e958538fc68dc4bf25b47ad11c4f3f90035873aa96616925e5cea0af242fb8","https://stat.link/mrq53f"
"Kosovo","reading",2000,__R_MISSING_VALUE_7__,__R_MISSING_VALUE_7__,"I.B1.2a.37","B57","C57","14e958538fc68dc4bf25b47ad11c4f3f90035873aa96616925e5cea0af242fb8","https://stat.link/mrq53f"
"Kurdistan Region (Iraq)","reading",2000,__R_MISSING_VALUE_7__,__R_MISSING_VALUE_7__,"I.B1.2a.37","B58","C58","14e958538fc68dc4bf25b47ad11c4f3f90035873aa96616925e5cea0af242fb8","https://stat.link/mrq53f"
"Kyrgyzstan","reading",2000,__R_MISSING_VALUE_7__,__R_MISSING_VALUE_7__,"I.B1.2a.37","B59","C59","14e958538fc68dc4bf25b47ad11c4f3f90035873aa96616925e5cea0af242fb8","https://stat.link/mrq53f"
"Latvia","reading",2000,458.07108,5.27045,"I.B1.2a.37","B60","C60","14e958538fc68dc4bf25b47ad11c4f3f90035873aa96616925e5cea0af242fb8","https://stat.link/mrq53f"
"Lebanon","reading",2000,__R_MISSING_VALUE_7__,__R_MISSING_VALUE_7__,"I.B1.2a.37","B61","C61","14e958538fc68dc4bf25b47ad11c4f3f90035873aa96616925e5cea0af242fb8","https://stat.link/mrq53f"
"Lithuania","reading",2000,__R_MISSING_VALUE_7__,__R_MISSING_VALUE_7__,"I.B1.2a.37","B62","C62","14e958538fc68dc4bf25b47ad11c4f3f90035873aa96616925e5cea0af242fb8","https://stat.link/mrq53f"
"Luxembourg","reading",2000,441.24582,1.5941,"I.B1.2a.37","B63","C63","14e958538fc68dc4bf25b47ad11c4f3f90035873aa96616925e5cea0af242fb8","https://stat.link/mrq53f"
"Macao (China)","reading",2000,__R_MISSING_VALUE_7__,__R_MISSING_VALUE_7__,"I.B1.2a.37","B64","C64","14e958538fc68dc4bf25b47ad11c4f3f90035873aa96616925e5cea0af242fb8","https://stat.link/mrq53f"
"Malaysia","reading",2000,__R_MISSING_VALUE_7__,__R_MISSING_VALUE_7__,"I.B1.2a.37","B65","C65","14e958538fc68dc4bf25b47ad11c4f3f90035873aa96616925e5cea0af242fb8","https://stat.link/mrq53f"
"Malta","reading",2000,__R_MISSING_VALUE_7__,__R_MISSING_VALUE_7__,"I.B1.2a.37","B66","C66","14e958538fc68dc4bf25b47ad11c4f3f90035873aa96616925e5cea0af242fb8","https://stat.link/mrq53f"
"Mauritius","reading",2000,__R_MISSING_VALUE_7__,__R_MISSING_VALUE_7__,"I.B1.2a.37","B67","C67","14e958538fc68dc4bf25b47ad11c4f3f90035873aa96616925e5cea0af242fb8","https://stat.link/mrq53f"
"Mexico","reading",2000,421.96063,3.31459,"I.B1.2a.37","B68","C68","14e958538fc68dc4bf25b47ad11c4f3f90035873aa96616925e5cea0af242fb8","https://stat.link/mrq53f"
"Moldova","reading",2000,__R_MISSING_VALUE_7__,__R_MISSING_VALUE_7__,"I.B1.2a.37","B69","C69","14e958538fc68dc4bf25b47ad11c4f3f90035873aa96616925e5cea0af242fb8","https://stat.link/mrq53f"
"Mongolia","reading",2000,__R_MISSING_VALUE_7__,__R_MISSING_VALUE_7__,"I.B1.2a.37","B70","C70","14e958538fc68dc4bf25b47ad11c4f3f90035873aa96616925e5cea0af242fb8","https://stat.link/mrq53f"
"Montenegro","reading",2000,__R_MISSING_VALUE_7__,__R_MISSING_VALUE_7__,"I.B1.2a.37","B71","C71","14e958538fc68dc4bf25b47ad11c4f3f90035873aa96616925e5cea0af242fb8","https://stat.link/mrq53f"
"Morocco","reading",2000,__R_MISSING_VALUE_7__,__R_MISSING_VALUE_7__,"I.B1.2a.37","B72","C72","14e958538fc68dc4bf25b47ad11c4f3f90035873aa96616925e5cea0af242fb8","https://stat.link/mrq53f"
"Netherlands*","reading",2000,__R_MISSING_VALUE_7__,__R_MISSING_VALUE_7__,"I.B1.2a.37","B73","C73","14e958538fc68dc4bf25b47ad11c4f3f90035873aa96616925e5cea0af242fb8","https://stat.link/mrq53f"
"New Zealand*","reading",2000,528.79973,2.78414,"I.B1.2a.37","B74","C74","14e958538fc68dc4bf25b47ad11c4f3f90035873aa96616925e5cea0af242fb8","https://stat.link/mrq53f"
"North Macedonia","reading",2000,372.50914,1.93429,"I.B1.2a.37","B75","C75","14e958538fc68dc4bf25b47ad11c4f3f90035873aa96616925e5cea0af242fb8","https://stat.link/mrq53f"
"Norway*","reading",2000,505.28099,2.80188,"I.B1.2a.37","B76","C76","14e958538fc68dc4bf25b47ad11c4f3f90035873aa96616925e5cea0af242fb8","https://stat.link/mrq53f"
"Palestinian Authority","reading",2000,__R_MISSING_VALUE_7__,__R_MISSING_VALUE_7__,"I.B1.2a.37","B77","C77","14e958538fc68dc4bf25b47ad11c4f3f90035873aa96616925e5cea0af242fb8","https://stat.link/mrq53f"
"Paraguay","reading",2000,__R_MISSING_VALUE_7__,__R_MISSING_VALUE_7__,"I.B1.2a.37","B78","C78","14e958538fc68dc4bf25b47ad11c4f3f90035873aa96616925e5cea0af242fb8","https://stat.link/mrq53f"
"Peru","reading",2000,327.08484,4.4154,"I.B1.2a.37","B79","C79","14e958538fc68dc4bf25b47ad11c4f3f90035873aa96616925e5cea0af242fb8","https://stat.link/mrq53f"
"Philippines","reading",2000,__R_MISSING_VALUE_7__,__R_MISSING_VALUE_7__,"I.B1.2a.37","B80","C80","14e958538fc68dc4bf25b47ad11c4f3f90035873aa96616925e5cea0af242fb8","https://stat.link/mrq53f"
"Poland","reading",2000,479.12169,4.45563,"I.B1.2a.37","B81","C81","14e958538fc68dc4bf25b47ad11c4f3f90035873aa96616925e5cea0af242fb8","https://stat.link/mrq53f"
"Portugal","reading",2000,470.15462,4.51771,"I.B1.2a.37","B82","C82","14e958538fc68dc4bf25b47ad11c4f3f90035873aa96616925e5cea0af242fb8","https://stat.link/mrq53f"
"Qatar","reading",2000,__R_MISSING_VALUE_7__,__R_MISSING_VALUE_7__,"I.B1.2a.37","B83","C83","14e958538fc68dc4bf25b47ad11c4f3f90035873aa96616925e5cea0af242fb8","https://stat.link/mrq53f"
"Romania","reading",2000,427.93151,3.46715,"I.B1.2a.37","B84","C84","14e958538fc68dc4bf25b47ad11c4f3f90035873aa96616925e5cea0af242fb8","https://stat.link/mrq53f"
"Rwanda","reading",2000,__R_MISSING_VALUE_7__,__R_MISSING_VALUE_7__,"I.B1.2a.37","B85","C85","14e958538fc68dc4bf25b47ad11c4f3f90035873aa96616925e5cea0af242fb8","https://stat.link/mrq53f"
"Saudi Arabia","reading",2000,__R_MISSING_VALUE_7__,__R_MISSING_VALUE_7__,"I.B1.2a.37","B86","C86","14e958538fc68dc4bf25b47ad11c4f3f90035873aa96616925e5cea0af242fb8","https://stat.link/mrq53f"
"Serbia","reading",2000,__R_MISSING_VALUE_7__,__R_MISSING_VALUE_7__,"I.B1.2a.37","B87","C87","14e958538fc68dc4bf25b47ad11c4f3f90035873aa96616925e5cea0af242fb8","https://stat.link/mrq53f"
"Singapore","reading",2000,__R_MISSING_VALUE_7__,__R_MISSING_VALUE_7__,"I.B1.2a.37","B88","C88","14e958538fc68dc4bf25b47ad11c4f3f90035873aa96616925e5cea0af242fb8","https://stat.link/mrq53f"
"Slovak Republic","reading",2000,__R_MISSING_VALUE_7__,__R_MISSING_VALUE_7__,"I.B1.2a.37","B89","C89","14e958538fc68dc4bf25b47ad11c4f3f90035873aa96616925e5cea0af242fb8","https://stat.link/mrq53f"
"Slovenia","reading",2000,__R_MISSING_VALUE_7__,__R_MISSING_VALUE_7__,"I.B1.2a.37","B90","C90","14e958538fc68dc4bf25b47ad11c4f3f90035873aa96616925e5cea0af242fb8","https://stat.link/mrq53f"
"Spain","reading",2000,492.55297,2.70846,"I.B1.2a.37","B91","C91","14e958538fc68dc4bf25b47ad11c4f3f90035873aa96616925e5cea0af242fb8","https://stat.link/mrq53f"
"Sweden","reading",2000,516.33119,2.20367,"I.B1.2a.37","B92","C92","14e958538fc68dc4bf25b47ad11c4f3f90035873aa96616925e5cea0af242fb8","https://stat.link/mrq53f"
"Switzerland","reading",2000,494.37162,4.24675,"I.B1.2a.37","B93","C93","14e958538fc68dc4bf25b47ad11c4f3f90035873aa96616925e5cea0af242fb8","https://stat.link/mrq53f"
"Chinese Taipei","reading",2000,__R_MISSING_VALUE_7__,__R_MISSING_VALUE_7__,"I.B1.2a.37","B94","C94","14e958538fc68dc4bf25b47ad11c4f3f90035873aa96616925e5cea0af242fb8","https://stat.link/mrq53f"
"Thailand","reading",2000,430.68387,3.23767,"I.B1.2a.37","B95","C95","14e958538fc68dc4bf25b47ad11c4f3f90035873aa96616925e5cea0af242fb8","https://stat.link/mrq53f"
"Türkiye","reading",2000,__R_MISSING_VALUE_7__,__R_MISSING_VALUE_7__,"I.B1.2a.37","B96","C96","14e958538fc68dc4bf25b47ad11c4f3f90035873aa96616925e5cea0af242fb8","https://stat.link/mrq53f"
"Ukrainian regions (17 of 27)","reading",2000,__R_MISSING_VALUE_7__,__R_MISSING_VALUE_7__,"I.B1.2a.37","B97","C97","14e958538fc68dc4bf25b47ad11c4f3f90035873aa96616925e5cea0af242fb8","https://stat.link/mrq53f"
"United Arab Emirates","reading",2000,__R_MISSING_VALUE_7__,__R_MISSING_VALUE_7__,"I.B1.2a.37","B98","C98","14e958538fc68dc4bf25b47ad11c4f3f90035873aa96616925e5cea0af242fb8","https://stat.link/mrq53f"
"United Kingdom","reading",2000,__R_MISSING_VALUE_7__,__R_MISSING_VALUE_7__,"I.B1.2a.37","B99","C99","14e958538fc68dc4bf25b47ad11c4f3f90035873aa96616925e5cea0af242fb8","https://stat.link/mrq53f"
"United States*","reading",2000,504.41969,7.04537,"I.B1.2a.37","B100","C100","14e958538fc68dc4bf25b47ad11c4f3f90035873aa96616925e5cea0af242fb8","https://stat.link/mrq53f"
"Uruguay","reading",2000,__R_MISSING_VALUE_7__,__R_MISSING_VALUE_7__,"I.B1.2a.37","B101","C101","14e958538fc68dc4bf25b47ad11c4f3f90035873aa96616925e5cea0af242fb8","https://stat.link/mrq53f"
"Uzbekistan","reading",2000,__R_MISSING_VALUE_7__,__R_MISSING_VALUE_7__,"I.B1.2a.37","B102","C102","14e958538fc68dc4bf25b47ad11c4f3f90035873aa96616925e5cea0af242fb8","https://stat.link/mrq53f"
"Viet Nam","reading",2000,__R_MISSING_VALUE_7__,__R_MISSING_VALUE_7__,"I.B1.2a.37","B103","C103","14e958538fc68dc4bf25b47ad11c4f3f90035873aa96616925e5cea0af242fb8","https://stat.link/mrq53f"
"Zambia","reading",2000,__R_MISSING_VALUE_7__,__R_MISSING_VALUE_7__,"I.B1.2a.37","B104","C104","14e958538fc68dc4bf25b47ad11c4f3f90035873aa96616925e5cea0af242fb8","https://stat.link/mrq53f"
"Albania*","reading",2000,348.84951,3.29067,"I.B1.2a.37","B106","C106","14e958538fc68dc4bf25b47ad11c4f3f90035873aa96616925e5cea0af242fb8","https://stat.link/mrq53f"
"OECD average","reading",2003,__R_MISSING_VALUE_7__,__R_MISSING_VALUE_7__,"I.B1.2a.37","D10","E10","14e958538fc68dc4bf25b47ad11c4f3f90035873aa96616925e5cea0af242fb8","https://stat.link/mrq53f"
"OECD average-23","reading",2003,497.41581,0.62213,"I.B1.2a.37","D11","E11","14e958538fc68dc4bf25b47ad11c4f3f90035873aa96616925e5cea0af242fb8","https://stat.link/mrq53f"
"OECD average-35","reading",2003,__R_MISSING_VALUE_7__,__R_MISSING_VALUE_7__,"I.B1.2a.37","D12","E12","14e958538fc68dc4bf25b47ad11c4f3f90035873aa96616925e5cea0af242fb8","https://stat.link/mrq53f"
"Argentina","reading",2003,__R_MISSING_VALUE_7__,__R_MISSING_VALUE_7__,"I.B1.2a.37","D15","E15","14e958538fc68dc4bf25b47ad11c4f3f90035873aa96616925e5cea0af242fb8","https://stat.link/mrq53f"
"Armenia","reading",2003,__R_MISSING_VALUE_7__,__R_MISSING_VALUE_7__,"I.B1.2a.37","D16","E16","14e958538fc68dc4bf25b47ad11c4f3f90035873aa96616925e5cea0af242fb8","https://stat.link/mrq53f"
"Australia","reading",2003,525.42701,2.12644,"I.B1.2a.37","D17","E17","14e958538fc68dc4bf25b47ad11c4f3f90035873aa96616925e5cea0af242fb8","https://stat.link/mrq53f"
"Austria","reading",2003,490.69324,3.75835,"I.B1.2a.37","D18","E18","14e958538fc68dc4bf25b47ad11c4f3f90035873aa96616925e5cea0af242fb8","https://stat.link/mrq53f"
"Azerbaijan","reading",2003,__R_MISSING_VALUE_7__,__R_MISSING_VALUE_7__,"I.B1.2a.37","D19","E19","14e958538fc68dc4bf25b47ad11c4f3f90035873aa96616925e5cea0af242fb8","https://stat.link/mrq53f"
"Belgium","reading",2003,506.98733,2.58175,"I.B1.2a.37","D20","E20","14e958538fc68dc4bf25b47ad11c4f3f90035873aa96616925e5cea0af242fb8","https://stat.link/mrq53f"
"Brazil","reading",2003,402.79628,4.5791,"I.B1.2a.37","D21","E21","14e958538fc68dc4bf25b47ad11c4f3f90035873aa96616925e5cea0af242fb8","https://stat.link/mrq53f"
"Brunei Darussalam","reading",2003,__R_MISSING_VALUE_7__,__R_MISSING_VALUE_7__,"I.B1.2a.37","D22","E22","14e958538fc68dc4bf25b47ad11c4f3f90035873aa96616925e5cea0af242fb8","https://stat.link/mrq53f"
"B-S-J-Z (China)","reading",2003,__R_MISSING_VALUE_7__,__R_MISSING_VALUE_7__,"I.B1.2a.37","D23","E23","14e958538fc68dc4bf25b47ad11c4f3f90035873aa96616925e5cea0af242fb8","https://stat.link/mrq53f"
"Bulgaria","reading",2003,__R_MISSING_VALUE_7__,__R_MISSING_VALUE_7__,"I.B1.2a.37","D24","E24","14e958538fc68dc4bf25b47ad11c4f3f90035873aa96616925e5cea0af242fb8","https://stat.link/mrq53f"
"Cambodia","reading",2003,__R_MISSING_VALUE_7__,__R_MISSING_VALUE_7__,"I.B1.2a.37","D25","E25","14e958538fc68dc4bf25b47ad11c4f3f90035873aa96616925e5cea0af242fb8","https://stat.link/mrq53f"
"Canada*","reading",2003,527.91361,1.74667,"I.B1.2a.37","D26","E26","14e958538fc68dc4bf25b47ad11c4f3f90035873aa96616925e5cea0af242fb8","https://stat.link/mrq53f"
"Chile","reading",2003,__R_MISSING_VALUE_7__,__R_MISSING_VALUE_7__,"I.B1.2a.37","D27","E27","14e958538fc68dc4bf25b47ad11c4f3f90035873aa96616925e5cea0af242fb8","https://stat.link/mrq53f"
"Colombia","reading",2003,__R_MISSING_VALUE_7__,__R_MISSING_VALUE_7__,"I.B1.2a.37","D28","E28","14e958538fc68dc4bf25b47ad11c4f3f90035873aa96616925e5cea0af242fb8","https://stat.link/mrq53f"
"Costa Rica","reading",2003,__R_MISSING_VALUE_7__,__R_MISSING_VALUE_7__,"I.B1.2a.37","D29","E29","14e958538fc68dc4bf25b47ad11c4f3f90035873aa96616925e5cea0af242fb8","https://stat.link/mrq53f"
"Croatia","reading",2003,__R_MISSING_VALUE_7__,__R_MISSING_VALUE_7__,"I.B1.2a.37","D30","E30","14e958538fc68dc4bf25b47ad11c4f3f90035873aa96616925e5cea0af242fb8","https://stat.link/mrq53f"
"Cyprus","reading",2003,__R_MISSING_VALUE_7__,__R_MISSING_VALUE_7__,"I.B1.2a.37","D31","E31","14e958538fc68dc4bf25b47ad11c4f3f90035873aa96616925e5cea0af242fb8","https://stat.link/mrq53f"
"Czechia","reading",2003,488.54228,3.4632,"I.B1.2a.37","D32","E32","14e958538fc68dc4bf25b47ad11c4f3f90035873aa96616925e5cea0af242fb8","https://stat.link/mrq53f"
"Denmark","reading",2003,492.32338,2.8175,"I.B1.2a.37","D33","E33","14e958538fc68dc4bf25b47ad11c4f3f90035873aa96616925e5cea0af242fb8","https://stat.link/mrq53f"
"Dominican Republic","reading",2003,__R_MISSING_VALUE_7__,__R_MISSING_VALUE_7__,"I.B1.2a.37","D34","E34","14e958538fc68dc4bf25b47ad11c4f3f90035873aa96616925e5cea0af242fb8","https://stat.link/mrq53f"
"Dushanbe (Tajikistan)","reading",2003,__R_MISSING_VALUE_7__,__R_MISSING_VALUE_7__,"I.B1.2a.37","D35","E35","14e958538fc68dc4bf25b47ad11c4f3f90035873aa96616925e5cea0af242fb8","https://stat.link/mrq53f"
"Ecuador","reading",2003,__R_MISSING_VALUE_7__,__R_MISSING_VALUE_7__,"I.B1.2a.37","D36","E36","14e958538fc68dc4bf25b47ad11c4f3f90035873aa96616925e5cea0af242fb8","https://stat.link/mrq53f"
"El Salvador","reading",2003,__R_MISSING_VALUE_7__,__R_MISSING_VALUE_7__,"I.B1.2a.37","D37","E37","14e958538fc68dc4bf25b47ad11c4f3f90035873aa96616925e5cea0af242fb8","https://stat.link/mrq53f"
"Estonia","reading",2003,__R_MISSING_VALUE_7__,__R_MISSING_VALUE_7__,"I.B1.2a.37","D38","E38","14e958538fc68dc4bf25b47ad11c4f3f90035873aa96616925e5cea0af242fb8","https://stat.link/mrq53f"
"Finland","reading",2003,543.46254,1.64164,"I.B1.2a.37","D39","E39","14e958538fc68dc4bf25b47ad11c4f3f90035873aa96616925e5cea0af242fb8","https://stat.link/mrq53f"
"France","reading",2003,496.18878,2.67784,"I.B1.2a.37","D40","E40","14e958538fc68dc4bf25b47ad11c4f3f90035873aa96616925e5cea0af242fb8","https://stat.link/mrq53f"
"Georgia","reading",2003,__R_MISSING_VALUE_7__,__R_MISSING_VALUE_7__,"I.B1.2a.37","D41","E41","14e958538fc68dc4bf25b47ad11c4f3f90035873aa96616925e5cea0af242fb8","https://stat.link/mrq53f"
"Germany","reading",2003,491.358,3.38635,"I.B1.2a.37","D42","E42","14e958538fc68dc4bf25b47ad11c4f3f90035873aa96616925e5cea0af242fb8","https://stat.link/mrq53f"
"Greece","reading",2003,472.26688,4.10058,"I.B1.2a.37","D43","E43","14e958538fc68dc4bf25b47ad11c4f3f90035873aa96616925e5cea0af242fb8","https://stat.link/mrq53f"
"Guatemala","reading",2003,__R_MISSING_VALUE_7__,__R_MISSING_VALUE_7__,"I.B1.2a.37","D44","E44","14e958538fc68dc4bf25b47ad11c4f3f90035873aa96616925e5cea0af242fb8","https://stat.link/mrq53f"
"Hong Kong (China)","reading",2003,509.53515,3.6866,"I.B1.2a.37","D45","E45","14e958538fc68dc4bf25b47ad11c4f3f90035873aa96616925e5cea0af242fb8","https://stat.link/mrq53f"
"Hungary","reading",2003,481.86969,2.46897,"I.B1.2a.37","D46","E46","14e958538fc68dc4bf25b47ad11c4f3f90035873aa96616925e5cea0af242fb8","https://stat.link/mrq53f"
"Iceland","reading",2003,491.74696,1.55797,"I.B1.2a.37","D47","E47","14e958538fc68dc4bf25b47ad11c4f3f90035873aa96616925e5cea0af242fb8","https://stat.link/mrq53f"
"Indonesia","reading",2003,381.59036,3.38416,"I.B1.2a.37","D48","E48","14e958538fc68dc4bf25b47ad11c4f3f90035873aa96616925e5cea0af242fb8","https://stat.link/mrq53f"
"Ireland","reading",2003,515.48008,2.62543,"I.B1.2a.37","D49","E49","14e958538fc68dc4bf25b47ad11c4f3f90035873aa96616925e5cea0af242fb8","https://stat.link/mrq53f"
"Israel","reading",2003,__R_MISSING_VALUE_7__,__R_MISSING_VALUE_7__,"I.B1.2a.37","D50","E50","14e958538fc68dc4bf25b47ad11c4f3f90035873aa96616925e5cea0af242fb8","https://stat.link/mrq53f"
"Italy","reading",2003,475.66158,3.0441,"I.B1.2a.37","D51","E51","14e958538fc68dc4bf25b47ad11c4f3f90035873aa96616925e5cea0af242fb8","https://stat.link/mrq53f"
"Japan","reading",2003,498.10521,3.92397,"I.B1.2a.37","D52","E52","14e958538fc68dc4bf25b47ad11c4f3f90035873aa96616925e5cea0af242fb8","https://stat.link/mrq53f"
"Jordan","reading",2003,__R_MISSING_VALUE_7__,__R_MISSING_VALUE_7__,"I.B1.2a.37","D53","E53","14e958538fc68dc4bf25b47ad11c4f3f90035873aa96616925e5cea0af242fb8","https://stat.link/mrq53f"
"Kazakhstan","reading",2003,__R_MISSING_VALUE_7__,__R_MISSING_VALUE_7__,"I.B1.2a.37","D54","E54","14e958538fc68dc4bf25b47ad11c4f3f90035873aa96616925e5cea0af242fb8","https://stat.link/mrq53f"
"Kenya","reading",2003,__R_MISSING_VALUE_7__,__R_MISSING_VALUE_7__,"I.B1.2a.37","D55","E55","14e958538fc68dc4bf25b47ad11c4f3f90035873aa96616925e5cea0af242fb8","https://stat.link/mrq53f"
"Korea","reading",2003,534.09126,3.09248,"I.B1.2a.37","D56","E56","14e958538fc68dc4bf25b47ad11c4f3f90035873aa96616925e5cea0af242fb8","https://stat.link/mrq53f"
"Kosovo","reading",2003,__R_MISSING_VALUE_7__,__R_MISSING_VALUE_7__,"I.B1.2a.37","D57","E57","14e958538fc68dc4bf25b47ad11c4f3f90035873aa96616925e5cea0af242fb8","https://stat.link/mrq53f"
"Kurdistan Region (Iraq)","reading",2003,__R_MISSING_VALUE_7__,__R_MISSING_VALUE_7__,"I.B1.2a.37","D58","E58","14e958538fc68dc4bf25b47ad11c4f3f90035873aa96616925e5cea0af242fb8","https://stat.link/mrq53f"
"Kyrgyzstan","reading",2003,__R_MISSING_VALUE_7__,__R_MISSING_VALUE_7__,"I.B1.2a.37","D59","E59","14e958538fc68dc4bf25b47ad11c4f3f90035873aa96616925e5cea0af242fb8","https://stat.link/mrq53f"
"Latvia","reading",2003,490.56253,3.66919,"I.B1.2a.37","D60","E60","14e958538fc68dc4bf25b47ad11c4f3f90035873aa96616925e5cea0af242fb8","https://stat.link/mrq53f"
"Lebanon","reading",2003,__R_MISSING_VALUE_7__,__R_MISSING_VALUE_7__,"I.B1.2a.37","D61","E61","14e958538fc68dc4bf25b47ad11c4f3f90035873aa96616925e5cea0af242fb8","https://stat.link/mrq53f"
"Lithuania","reading",2003,__R_MISSING_VALUE_7__,__R_MISSING_VALUE_7__,"I.B1.2a.37","D62","E62","14e958538fc68dc4bf25b47ad11c4f3f90035873aa96616925e5cea0af242fb8","https://stat.link/mrq53f"
"Luxembourg","reading",2003,479.42258,1.48425,"I.B1.2a.37","D63","E63","14e958538fc68dc4bf25b47ad11c4f3f90035873aa96616925e5cea0af242fb8","https://stat.link/mrq53f"
"Macao (China)","reading",2003,497.64008,2.16041,"I.B1.2a.37","D64","E64","14e958538fc68dc4bf25b47ad11c4f3f90035873aa96616925e5cea0af242fb8","https://stat.link/mrq53f"
"Malaysia","reading",2003,__R_MISSING_VALUE_7__,__R_MISSING_VALUE_7__,"I.B1.2a.37","D65","E65","14e958538fc68dc4bf25b47ad11c4f3f90035873aa96616925e5cea0af242fb8","https://stat.link/mrq53f"
"Malta","reading",2003,__R_MISSING_VALUE_7__,__R_MISSING_VALUE_7__,"I.B1.2a.37","D66","E66","14e958538fc68dc4bf25b47ad11c4f3f90035873aa96616925e5cea0af242fb8","https://stat.link/mrq53f"
"Mauritius","reading",2003,__R_MISSING_VALUE_7__,__R_MISSING_VALUE_7__,"I.B1.2a.37","D67","E67","14e958538fc68dc4bf25b47ad11c4f3f90035873aa96616925e5cea0af242fb8","https://stat.link/mrq53f"
"Mexico","reading",2003,399.72193,4.09229,"I.B1.2a.37","D68","E68","14e958538fc68dc4bf25b47ad11c4f3f90035873aa96616925e5cea0af242fb8","https://stat.link/mrq53f"
"Moldova","reading",2003,__R_MISSING_VALUE_7__,__R_MISSING_VALUE_7__,"I.B1.2a.37","D69","E69","14e958538fc68dc4bf25b47ad11c4f3f90035873aa96616925e5cea0af242fb8","https://stat.link/mrq53f"
"Mongolia","reading",2003,__R_MISSING_VALUE_7__,__R_MISSING_VALUE_7__,"I.B1.2a.37","D70","E70","14e958538fc68dc4bf25b47ad11c4f3f90035873aa96616925e5cea0af242fb8","https://stat.link/mrq53f"
"Montenegro","reading",2003,__R_MISSING_VALUE_7__,__R_MISSING_VALUE_7__,"I.B1.2a.37","D71","E71","14e958538fc68dc4bf25b47ad11c4f3f90035873aa96616925e5cea0af242fb8","https://stat.link/mrq53f"
"Morocco","reading",2003,__R_MISSING_VALUE_7__,__R_MISSING_VALUE_7__,"I.B1.2a.37","D72","E72","14e958538fc68dc4bf25b47ad11c4f3f90035873aa96616925e5cea0af242fb8","https://stat.link/mrq53f"
"Netherlands*","reading",2003,513.11897,2.85434,"I.B1.2a.37","D73","E73","14e958538fc68dc4bf25b47ad11c4f3f90035873aa96616925e5cea0af242fb8","https://stat.link/mrq53f"
"New Zealand*","reading",2003,521.55151,2.45922,"I.B1.2a.37","D74","E74","14e958538fc68dc4bf25b47ad11c4f3f90035873aa96616925e5cea0af242fb8","https://stat.link/mrq53f"
"North Macedonia","reading",2003,__R_MISSING_VALUE_7__,__R_MISSING_VALUE_7__,"I.B1.2a.37","D75","E75","14e958538fc68dc4bf25b47ad11c4f3f90035873aa96616925e5cea0af242fb8","https://stat.link/mrq53f"
"Norway*","reading",2003,499.74023,2.77593,"I.B1.2a.37","D76","E76","14e958538fc68dc4bf25b47ad11c4f3f90035873aa96616925e5cea0af242fb8","https://stat.link/mrq53f"
"Palestinian Authority","reading",2003,__R_MISSING_VALUE_7__,__R_MISSING_VALUE_7__,"I.B1.2a.37","D77","E77","14e958538fc68dc4bf25b47ad11c4f3f90035873aa96616925e5cea0af242fb8","https://stat.link/mrq53f"
"Paraguay","reading",2003,__R_MISSING_VALUE_7__,__R_MISSING_VALUE_7__,"I.B1.2a.37","D78","E78","14e958538fc68dc4bf25b47ad11c4f3f90035873aa96616925e5cea0af242fb8","https://stat.link/mrq53f"
"Peru","reading",2003,__R_MISSING_VALUE_7__,__R_MISSING_VALUE_7__,"I.B1.2a.37","D79","E79","14e958538fc68dc4bf25b47ad11c4f3f90035873aa96616925e5cea0af242fb8","https://stat.link/mrq53f"
"Philippines","reading",2003,__R_MISSING_VALUE_7__,__R_MISSING_VALUE_7__,"I.B1.2a.37","D80","E80","14e958538fc68dc4bf25b47ad11c4f3f90035873aa96616925e5cea0af242fb8","https://stat.link/mrq53f"
"Poland","reading",2003,496.60527,2.87508,"I.B1.2a.37","D81","E81","14e958538fc68dc4bf25b47ad11c4f3f90035873aa96616925e5cea0af242fb8","https://stat.link/mrq53f"
"Portugal","reading",2003,477.56865,3.73232,"I.B1.2a.37","D82","E82","14e958538fc68dc4bf25b47ad11c4f3f90035873aa96616925e5cea0af242fb8","https://stat.link/mrq53f"
"Qatar","reading",2003,__R_MISSING_VALUE_7__,__R_MISSING_VALUE_7__,"I.B1.2a.37","D83","E83","14e958538fc68dc4bf25b47ad11c4f3f90035873aa96616925e5cea0af242fb8","https://stat.link/mrq53f"
"Romania","reading",2003,__R_MISSING_VALUE_7__,__R_MISSING_VALUE_7__,"I.B1.2a.37","D84","E84","14e958538fc68dc4bf25b47ad11c4f3f90035873aa96616925e5cea0af242fb8","https://stat.link/mrq53f"
"Rwanda","reading",2003,__R_MISSING_VALUE_7__,__R_MISSING_VALUE_7__,"I.B1.2a.37","D85","E85","14e958538fc68dc4bf25b47ad11c4f3f90035873aa96616925e5cea0af242fb8","https://stat.link/mrq53f"
"Saudi Arabia","reading",2003,__R_MISSING_VALUE_7__,__R_MISSING_VALUE_7__,"I.B1.2a.37","D86","E86","14e958538fc68dc4bf25b47ad11c4f3f90035873aa96616925e5cea0af242fb8","https://stat.link/mrq53f"
"Serbia","reading",2003,__R_MISSING_VALUE_7__,__R_MISSING_VALUE_7__,"I.B1.2a.37","D87","E87","14e958538fc68dc4bf25b47ad11c4f3f90035873aa96616925e5cea0af242fb8","https://stat.link/mrq53f"
"Singapore","reading",2003,__R_MISSING_VALUE_7__,__R_MISSING_VALUE_7__,"I.B1.2a.37","D88","E88","14e958538fc68dc4bf25b47ad11c4f3f90035873aa96616925e5cea0af242fb8","https://stat.link/mrq53f"
"Slovak Republic","reading",2003,469.15903,3.12235,"I.B1.2a.37","D89","E89","14e958538fc68dc4bf25b47ad11c4f3f90035873aa96616925e5cea0af242fb8","https://stat.link/mrq53f"
"Slovenia","reading",2003,__R_MISSING_VALUE_7__,__R_MISSING_VALUE_7__,"I.B1.2a.37","D90","E90","14e958538fc68dc4bf25b47ad11c4f3f90035873aa96616925e5cea0af242fb8","https://stat.link/mrq53f"
"Spain","reading",2003,480.53799,2.60131,"I.B1.2a.37","D91","E91","14e958538fc68dc4bf25b47ad11c4f3f90035873aa96616925e5cea0af242fb8","https://stat.link/mrq53f"
"Sweden","reading",2003,514.26741,2.42095,"I.B1.2a.37","D92","E92","14e958538fc68dc4bf25b47ad11c4f3f90035873aa96616925e5cea0af242fb8","https://stat.link/mrq53f"
"Switzerland","reading",2003,499.1214,3.28128,"I.B1.2a.37","D93","E93","14e958538fc68dc4bf25b47ad11c4f3f90035873aa96616925e5cea0af242fb8","https://stat.link/mrq53f"
"Chinese Taipei","reading",2003,__R_MISSING_VALUE_7__,__R_MISSING_VALUE_7__,"I.B1.2a.37","D94","E94","14e958538fc68dc4bf25b47ad11c4f3f90035873aa96616925e5cea0af242fb8","https://stat.link/mrq53f"
"Thailand","reading",2003,419.91483,2.80718,"I.B1.2a.37","D95","E95","14e958538fc68dc4bf25b47ad11c4f3f90035873aa96616925e5cea0af242fb8","https://stat.link/mrq53f"
"Türkiye","reading",2003,440.97099,5.78754,"I.B1.2a.37","D96","E96","14e958538fc68dc4bf25b47ad11c4f3f90035873aa96616925e5cea0af242fb8","https://stat.link/mrq53f"
"Ukrainian regions (17 of 27)","reading",2003,__R_MISSING_VALUE_7__,__R_MISSING_VALUE_7__,"I.B1.2a.37","D97","E97","14e958538fc68dc4bf25b47ad11c4f3f90035873aa96616925e5cea0af242fb8","https://stat.link/mrq53f"
"United Arab Emirates","reading",2003,__R_MISSING_VALUE_7__,__R_MISSING_VALUE_7__,"I.B1.2a.37","D98","E98","14e958538fc68dc4bf25b47ad11c4f3f90035873aa96616925e5cea0af242fb8","https://stat.link/mrq53f"
"United Kingdom","reading",2003,__R_MISSING_VALUE_7__,__R_MISSING_VALUE_7__,"I.B1.2a.37","D99","E99","14e958538fc68dc4bf25b47ad11c4f3f90035873aa96616925e5cea0af242fb8","https://stat.link/mrq53f"
"United States*","reading",2003,495.18587,3.22151,"I.B1.2a.37","D100","E100","14e958538fc68dc4bf25b47ad11c4f3f90035873aa96616925e5cea0af242fb8","https://stat.link/mrq53f"
"Uruguay","reading",2003,434.14976,3.4326,"I.B1.2a.37","D101","E101","14e958538fc68dc4bf25b47ad11c4f3f90035873aa96616925e5cea0af242fb8","https://stat.link/mrq53f"
"Uzbekistan","reading",2003,__R_MISSING_VALUE_7__,__R_MISSING_VALUE_7__,"I.B1.2a.37","D102","E102","14e958538fc68dc4bf25b47ad11c4f3f90035873aa96616925e5cea0af242fb8","https://stat.link/mrq53f"
"Viet Nam","reading",2003,__R_MISSING_VALUE_7__,__R_MISSING_VALUE_7__,"I.B1.2a.37","D103","E103","14e958538fc68dc4bf25b47ad11c4f3f90035873aa96616925e5cea0af242fb8","https://stat.link/mrq53f"
"Zambia","reading",2003,__R_MISSING_VALUE_7__,__R_MISSING_VALUE_7__,"I.B1.2a.37","D104","E104","14e958538fc68dc4bf25b47ad11c4f3f90035873aa96616925e5cea0af242fb8","https://stat.link/mrq53f"
"Albania*","reading",2003,__R_MISSING_VALUE_7__,__R_MISSING_VALUE_7__,"I.B1.2a.37","D106","E106","14e958538fc68dc4bf25b47ad11c4f3f90035873aa96616925e5cea0af242fb8","https://stat.link/mrq53f"
"OECD average","reading",2006,__R_MISSING_VALUE_7__,__R_MISSING_VALUE_7__,"I.B1.2a.37","F10","G10","14e958538fc68dc4bf25b47ad11c4f3f90035873aa96616925e5cea0af242fb8","https://stat.link/mrq53f"
"OECD average-23","reading",2006,495.46594,0.68577,"I.B1.2a.37","F11","G11","14e958538fc68dc4bf25b47ad11c4f3f90035873aa96616925e5cea0af242fb8","https://stat.link/mrq53f"
"OECD average-35","reading",2006,__R_MISSING_VALUE_7__,__R_MISSING_VALUE_7__,"I.B1.2a.37","F12","G12","14e958538fc68dc4bf25b47ad11c4f3f90035873aa96616925e5cea0af242fb8","https://stat.link/mrq53f"
"Argentina","reading",2006,373.72377,7.17177,"I.B1.2a.37","F15","G15","14e958538fc68dc4bf25b47ad11c4f3f90035873aa96616925e5cea0af242fb8","https://stat.link/mrq53f"
"Armenia","reading",2006,__R_MISSING_VALUE_7__,__R_MISSING_VALUE_7__,"I.B1.2a.37","F16","G16","14e958538fc68dc4bf25b47ad11c4f3f90035873aa96616925e5cea0af242fb8","https://stat.link/mrq53f"
"Australia","reading",2006,512.89329,2.06203,"I.B1.2a.37","F17","G17","14e958538fc68dc4bf25b47ad11c4f3f90035873aa96616925e5cea0af242fb8","https://stat.link/mrq53f"
"Austria","reading",2006,490.19398,4.08001,"I.B1.2a.37","F18","G18","14e958538fc68dc4bf25b47ad11c4f3f90035873aa96616925e5cea0af242fb8","https://stat.link/mrq53f"
"Azerbaijan","reading",2006,352.89185,3.12432,"I.B1.2a.37","F19","G19","14e958538fc68dc4bf25b47ad11c4f3f90035873aa96616925e5cea0af242fb8","https://stat.link/mrq53f"
"Belgium","reading",2006,500.90059,3.04125,"I.B1.2a.37","F20","G20","14e958538fc68dc4bf25b47ad11c4f3f90035873aa96616925e5cea0af242fb8","https://stat.link/mrq53f"
"Brazil","reading",2006,392.88511,3.7432,"I.B1.2a.37","F21","G21","14e958538fc68dc4bf25b47ad11c4f3f90035873aa96616925e5cea0af242fb8","https://stat.link/mrq53f"
"Brunei Darussalam","reading",2006,__R_MISSING_VALUE_7__,__R_MISSING_VALUE_7__,"I.B1.2a.37","F22","G22","14e958538fc68dc4bf25b47ad11c4f3f90035873aa96616925e5cea0af242fb8","https://stat.link/mrq53f"
"B-S-J-Z (China)","reading",2006,__R_MISSING_VALUE_7__,__R_MISSING_VALUE_7__,"I.B1.2a.37","F23","G23","14e958538fc68dc4bf25b47ad11c4f3f90035873aa96616925e5cea0af242fb8","https://stat.link/mrq53f"
"Bulgaria","reading",2006,401.93498,6.90829,"I.B1.2a.37","F24","G24","14e958538fc68dc4bf25b47ad11c4f3f90035873aa96616925e5cea0af242fb8","https://stat.link/mrq53f"
"Cambodia","reading",2006,__R_MISSING_VALUE_7__,__R_MISSING_VALUE_7__,"I.B1.2a.37","F25","G25","14e958538fc68dc4bf25b47ad11c4f3f90035873aa96616925e5cea0af242fb8","https://stat.link/mrq53f"
"Canada*","reading",2006,527.0113,2.43869,"I.B1.2a.37","F26","G26","14e958538fc68dc4bf25b47ad11c4f3f90035873aa96616925e5cea0af242fb8","https://stat.link/mrq53f"
"Chile","reading",2006,442.09135,4.99265,"I.B1.2a.37","F27","G27","14e958538fc68dc4bf25b47ad11c4f3f90035873aa96616925e5cea0af242fb8","https://stat.link/mrq53f"
"Colombia","reading",2006,385.30804,5.08293,"I.B1.2a.37","F28","G28","14e958538fc68dc4bf25b47ad11c4f3f90035873aa96616925e5cea0af242fb8","https://stat.link/mrq53f"
"Costa Rica","reading",2006,__R_MISSING_VALUE_7__,__R_MISSING_VALUE_7__,"I.B1.2a.37","F29","G29","14e958538fc68dc4bf25b47ad11c4f3f90035873aa96616925e5cea0af242fb8","https://stat.link/mrq53f"
"Croatia","reading",2006,477.36424,2.80563,"I.B1.2a.37","F30","G30","14e958538fc68dc4bf25b47ad11c4f3f90035873aa96616925e5cea0af242fb8","https://stat.link/mrq53f"
"Cyprus","reading",2006,__R_MISSING_VALUE_7__,__R_MISSING_VALUE_7__,"I.B1.2a.37","F31","G31","14e958538fc68dc4bf25b47ad11c4f3f90035873aa96616925e5cea0af242fb8","https://stat.link/mrq53f"
"Czechia","reading",2006,482.71516,4.18145,"I.B1.2a.37","F32","G32","14e958538fc68dc4bf25b47ad11c4f3f90035873aa96616925e5cea0af242fb8","https://stat.link/mrq53f"
"Denmark","reading",2006,494.48298,3.1782,"I.B1.2a.37","F33","G33","14e958538fc68dc4bf25b47ad11c4f3f90035873aa96616925e5cea0af242fb8","https://stat.link/mrq53f"
"Dominican Republic","reading",2006,__R_MISSING_VALUE_7__,__R_MISSING_VALUE_7__,"I.B1.2a.37","F34","G34","14e958538fc68dc4bf25b47ad11c4f3f90035873aa96616925e5cea0af242fb8","https://stat.link/mrq53f"
"Dushanbe (Tajikistan)","reading",2006,__R_MISSING_VALUE_7__,__R_MISSING_VALUE_7__,"I.B1.2a.37","F35","G35","14e958538fc68dc4bf25b47ad11c4f3f90035873aa96616925e5cea0af242fb8","https://stat.link/mrq53f"
"Ecuador","reading",2006,__R_MISSING_VALUE_7__,__R_MISSING_VALUE_7__,"I.B1.2a.37","F36","G36","14e958538fc68dc4bf25b47ad11c4f3f90035873aa96616925e5cea0af242fb8","https://stat.link/mrq53f"
"El Salvador","reading",2006,__R_MISSING_VALUE_7__,__R_MISSING_VALUE_7__,"I.B1.2a.37","F37","G37","14e958538fc68dc4bf25b47ad11c4f3f90035873aa96616925e5cea0af242fb8","https://stat.link/mrq53f"
"Estonia","reading",2006,500.74976,2.92694,"I.B1.2a.37","F38","G38","14e958538fc68dc4bf25b47ad11c4f3f90035873aa96616925e5cea0af242fb8","https://stat.link/mrq53f"
"Finland","reading",2006,546.86828,2.14719,"I.B1.2a.37","F39","G39","14e958538fc68dc4bf25b47ad11c4f3f90035873aa96616925e5cea0af242fb8","https://stat.link/mrq53f"
"France","reading",2006,487.70625,4.06441,"I.B1.2a.37","F40","G40","14e958538fc68dc4bf25b47ad11c4f3f90035873aa96616925e5cea0af242fb8","https://stat.link/mrq53f"
"Georgia","reading",2006,__R_MISSING_VALUE_7__,__R_MISSING_VALUE_7__,"I.B1.2a.37","F41","G41","14e958538fc68dc4bf25b47ad11c4f3f90035873aa96616925e5cea0af242fb8","https://stat.link/mrq53f"
"Germany","reading",2006,494.94442,4.4101,"I.B1.2a.37","F42","G42","14e958538fc68dc4bf25b47ad11c4f3f90035873aa96616925e5cea0af242fb8","https://stat.link/mrq53f"
"Greece","reading",2006,459.71118,4.04399,"I.B1.2a.37","F43","G43","14e958538fc68dc4bf25b47ad11c4f3f90035873aa96616925e5cea0af242fb8","https://stat.link/mrq53f"
"Guatemala","reading",2006,__R_MISSING_VALUE_7__,__R_MISSING_VALUE_7__,"I.B1.2a.37","F44","G44","14e958538fc68dc4bf25b47ad11c4f3f90035873aa96616925e5cea0af242fb8","https://stat.link/mrq53f"
"Hong Kong (China)","reading",2006,536.06557,2.42265,"I.B1.2a.37","F45","G45","14e958538fc68dc4bf25b47ad11c4f3f90035873aa96616925e5cea0af242fb8","https://stat.link/mrq53f"
"Hungary","reading",2006,482.37452,3.2814,"I.B1.2a.37","F46","G46","14e958538fc68dc4bf25b47ad11c4f3f90035873aa96616925e5cea0af242fb8","https://stat.link/mrq53f"
"Iceland","reading",2006,484.44527,1.94523,"I.B1.2a.37","F47","G47","14e958538fc68dc4bf25b47ad11c4f3f90035873aa96616925e5cea0af242fb8","https://stat.link/mrq53f"
"Indonesia","reading",2006,392.93283,5.92206,"I.B1.2a.37","F48","G48","14e958538fc68dc4bf25b47ad11c4f3f90035873aa96616925e5cea0af242fb8","https://stat.link/mrq53f"
"Ireland","reading",2006,517.31324,3.53612,"I.B1.2a.37","F49","G49","14e958538fc68dc4bf25b47ad11c4f3f90035873aa96616925e5cea0af242fb8","https://stat.link/mrq53f"
"Israel","reading",2006,438.67228,4.58136,"I.B1.2a.37","F50","G50","14e958538fc68dc4bf25b47ad11c4f3f90035873aa96616925e5cea0af242fb8","https://stat.link/mrq53f"
"Italy","reading",2006,468.52311,2.42559,"I.B1.2a.37","F51","G51","14e958538fc68dc4bf25b47ad11c4f3f90035873aa96616925e5cea0af242fb8","https://stat.link/mrq53f"
"Japan","reading",2006,497.95707,3.64962,"I.B1.2a.37","F52","G52","14e958538fc68dc4bf25b47ad11c4f3f90035873aa96616925e5cea0af242fb8","https://stat.link/mrq53f"
"Jordan","reading",2006,__R_MISSING_VALUE_7__,__R_MISSING_VALUE_7__,"I.B1.2a.37","F53","G53","14e958538fc68dc4bf25b47ad11c4f3f90035873aa96616925e5cea0af242fb8","https://stat.link/mrq53f"
"Kazakhstan","reading",2006,__R_MISSING_VALUE_7__,__R_MISSING_VALUE_7__,"I.B1.2a.37","F54","G54","14e958538fc68dc4bf25b47ad11c4f3f90035873aa96616925e5cea0af242fb8","https://stat.link/mrq53f"
"Kenya","reading",2006,__R_MISSING_VALUE_7__,__R_MISSING_VALUE_7__,"I.B1.2a.37","F55","G55","14e958538fc68dc4bf25b47ad11c4f3f90035873aa96616925e5cea0af242fb8","https://stat.link/mrq53f"
"Korea","reading",2006,556.02191,3.81304,"I.B1.2a.37","F56","G56","14e958538fc68dc4bf25b47ad11c4f3f90035873aa96616925e5cea0af242fb8","https://stat.link/mrq53f"
"Kosovo","reading",2006,__R_MISSING_VALUE_7__,__R_MISSING_VALUE_7__,"I.B1.2a.37","F57","G57","14e958538fc68dc4bf25b47ad11c4f3f90035873aa96616925e5cea0af242fb8","https://stat.link/mrq53f"
"Kurdistan Region (Iraq)","reading",2006,__R_MISSING_VALUE_7__,__R_MISSING_VALUE_7__,"I.B1.2a.37","F58","G58","14e958538fc68dc4bf25b47ad11c4f3f90035873aa96616925e5cea0af242fb8","https://stat.link/mrq53f"
"Kyrgyzstan","reading",2006,284.70659,3.47867,"I.B1.2a.37","F59","G59","14e958538fc68dc4bf25b47ad11c4f3f90035873aa96616925e5cea0af242fb8","https://stat.link/mrq53f"
"Latvia","reading",2006,479.49184,3.73074,"I.B1.2a.37","F60","G60","14e958538fc68dc4bf25b47ad11c4f3f90035873aa96616925e5cea0af242fb8","https://stat.link/mrq53f"
"Lebanon","reading",2006,__R_MISSING_VALUE_7__,__R_MISSING_VALUE_7__,"I.B1.2a.37","F61","G61","14e958538fc68dc4bf25b47ad11c4f3f90035873aa96616925e5cea0af242fb8","https://stat.link/mrq53f"
"Lithuania","reading",2006,470.07076,2.98324,"I.B1.2a.37","F62","G62","14e958538fc68dc4bf25b47ad11c4f3f90035873aa96616925e5cea0af242fb8","https://stat.link/mrq53f"
"Luxembourg","reading",2006,479.36654,1.28191,"I.B1.2a.37","F63","G63","14e958538fc68dc4bf25b47ad11c4f3f90035873aa96616925e5cea0af242fb8","https://stat.link/mrq53f"
"Macao (China)","reading",2006,492.28781,1.09907,"I.B1.2a.37","F64","G64","14e958538fc68dc4bf25b47ad11c4f3f90035873aa96616925e5cea0af242fb8","https://stat.link/mrq53f"
"Malaysia","reading",2006,__R_MISSING_VALUE_7__,__R_MISSING_VALUE_7__,"I.B1.2a.37","F65","G65","14e958538fc68dc4bf25b47ad11c4f3f90035873aa96616925e5cea0af242fb8","https://stat.link/mrq53f"
"Malta","reading",2006,__R_MISSING_VALUE_7__,__R_MISSING_VALUE_7__,"I.B1.2a.37","F66","G66","14e958538fc68dc4bf25b47ad11c4f3f90035873aa96616925e5cea0af242fb8","https://stat.link/mrq53f"
"Mauritius","reading",2006,__R_MISSING_VALUE_7__,__R_MISSING_VALUE_7__,"I.B1.2a.37","F67","G67","14e958538fc68dc4bf25b47ad11c4f3f90035873aa96616925e5cea0af242fb8","https://stat.link/mrq53f"
"Mexico","reading",2006,410.49645,3.05943,"I.B1.2a.37","F68","G68","14e958538fc68dc4bf25b47ad11c4f3f90035873aa96616925e5cea0af242fb8","https://stat.link/mrq53f"
"Moldova","reading",2006,__R_MISSING_VALUE_7__,__R_MISSING_VALUE_7__,"I.B1.2a.37","F69","G69","14e958538fc68dc4bf25b47ad11c4f3f90035873aa96616925e5cea0af242fb8","https://stat.link/mrq53f"
"Mongolia","reading",2006,__R_MISSING_VALUE_7__,__R_MISSING_VALUE_7__,"I.B1.2a.37","F70","G70","14e958538fc68dc4bf25b47ad11c4f3f90035873aa96616925e5cea0af242fb8","https://stat.link/mrq53f"
"Montenegro","reading",2006,391.97545,1.21532,"I.B1.2a.37","F71","G71","14e958538fc68dc4bf25b47ad11c4f3f90035873aa96616925e5cea0af242fb8","https://stat.link/mrq53f"
"Morocco","reading",2006,__R_MISSING_VALUE_7__,__R_MISSING_VALUE_7__,"I.B1.2a.37","F72","G72","14e958538fc68dc4bf25b47ad11c4f3f90035873aa96616925e5cea0af242fb8","https://stat.link/mrq53f"
"Netherlands*","reading",2006,506.74697,2.92469,"I.B1.2a.37","F73","G73","14e958538fc68dc4bf25b47ad11c4f3f90035873aa96616925e5cea0af242fb8","https://stat.link/mrq53f"
"New Zealand*","reading",2006,521.03265,2.991,"I.B1.2a.37","F74","G74","14e958538fc68dc4bf25b47ad11c4f3f90035873aa96616925e5cea0af242fb8","https://stat.link/mrq53f"
"North Macedonia","reading",2006,__R_MISSING_VALUE_7__,__R_MISSING_VALUE_7__,"I.B1.2a.37","F75","G75","14e958538fc68dc4bf25b47ad11c4f3f90035873aa96616925e5cea0af242fb8","https://stat.link/mrq53f"
"Norway*","reading",2006,484.29256,3.18202,"I.B1.2a.37","F76","G76","14e958538fc68dc4bf25b47ad11c4f3f90035873aa96616925e5cea0af242fb8","https://stat.link/mrq53f"
"Palestinian Authority","reading",2006,__R_MISSING_VALUE_7__,__R_MISSING_VALUE_7__,"I.B1.2a.37","F77","G77","14e958538fc68dc4bf25b47ad11c4f3f90035873aa96616925e5cea0af242fb8","https://stat.link/mrq53f"
"Paraguay","reading",2006,__R_MISSING_VALUE_7__,__R_MISSING_VALUE_7__,"I.B1.2a.37","F78","G78","14e958538fc68dc4bf25b47ad11c4f3f90035873aa96616925e5cea0af242fb8","https://stat.link/mrq53f"
"Peru","reading",2006,__R_MISSING_VALUE_7__,__R_MISSING_VALUE_7__,"I.B1.2a.37","F79","G79","14e958538fc68dc4bf25b47ad11c4f3f90035873aa96616925e5cea0af242fb8","https://stat.link/mrq53f"
"Philippines","reading",2006,__R_MISSING_VALUE_7__,__R_MISSING_VALUE_7__,"I.B1.2a.37","F80","G80","14e958538fc68dc4bf25b47ad11c4f3f90035873aa96616925e5cea0af242fb8","https://stat.link/mrq53f"
"Poland","reading",2006,507.63953,2.79475,"I.B1.2a.37","F81","G81","14e958538fc68dc4bf25b47ad11c4f3f90035873aa96616925e5cea0af242fb8","https://stat.link/mrq53f"
"Portugal","reading",2006,472.30431,3.56056,"I.B1.2a.37","F82","G82","14e958538fc68dc4bf25b47ad11c4f3f90035873aa96616925e5cea0af242fb8","https://stat.link/mrq53f"
"Qatar","reading",2006,312.21346,1.19627,"I.B1.2a.37","F83","G83","14e958538fc68dc4bf25b47ad11c4f3f90035873aa96616925e5cea0af242fb8","https://stat.link/mrq53f"
"Romania","reading",2006,395.93174,4.69274,"I.B1.2a.37","F84","G84","14e958538fc68dc4bf25b47ad11c4f3f90035873aa96616925e5cea0af242fb8","https://stat.link/mrq53f"
"Rwanda","reading",2006,__R_MISSING_VALUE_7__,__R_MISSING_VALUE_7__,"I.B1.2a.37","F85","G85","14e958538fc68dc4bf25b47ad11c4f3f90035873aa96616925e5cea0af242fb8","https://stat.link/mrq53f"
"Saudi Arabia","reading",2006,__R_MISSING_VALUE_7__,__R_MISSING_VALUE_7__,"I.B1.2a.37","F86","G86","14e958538fc68dc4bf25b47ad11c4f3f90035873aa96616925e5cea0af242fb8","https://stat.link/mrq53f"
"Serbia","reading",2006,401.02751,3.46273,"I.B1.2a.37","F87","G87","14e958538fc68dc4bf25b47ad11c4f3f90035873aa96616925e5cea0af242fb8","https://stat.link/mrq53f"
"Singapore","reading",2006,__R_MISSING_VALUE_7__,__R_MISSING_VALUE_7__,"I.B1.2a.37","F88","G88","14e958538fc68dc4bf25b47ad11c4f3f90035873aa96616925e5cea0af242fb8","https://stat.link/mrq53f"
"Slovak Republic","reading",2006,466.34977,3.05557,"I.B1.2a.37","F89","G89","14e958538fc68dc4bf25b47ad11c4f3f90035873aa96616925e5cea0af242fb8","https://stat.link/mrq53f"
"Slovenia","reading",2006,494.40904,0.98662,"I.B1.2a.37","F90","G90","14e958538fc68dc4bf25b47ad11c4f3f90035873aa96616925e5cea0af242fb8","https://stat.link/mrq53f"
"Spain","reading",2006,460.83011,2.23356,"I.B1.2a.37","F91","G91","14e958538fc68dc4bf25b47ad11c4f3f90035873aa96616925e5cea0af242fb8","https://stat.link/mrq53f"
"Sweden","reading",2006,507.31288,3.43566,"I.B1.2a.37","F92","G92","14e958538fc68dc4bf25b47ad11c4f3f90035873aa96616925e5cea0af242fb8","https://stat.link/mrq53f"
"Switzerland","reading",2006,499.27778,3.06125,"I.B1.2a.37","F93","G93","14e958538fc68dc4bf25b47ad11c4f3f90035873aa96616925e5cea0af242fb8","https://stat.link/mrq53f"
"Chinese Taipei","reading",2006,496.23542,3.37576,"I.B1.2a.37","F94","G94","14e958538fc68dc4bf25b47ad11c4f3f90035873aa96616925e5cea0af242fb8","https://stat.link/mrq53f"
"Thailand","reading",2006,416.75176,2.59279,"I.B1.2a.37","F95","G95","14e958538fc68dc4bf25b47ad11c4f3f90035873aa96616925e5cea0af242fb8","https://stat.link/mrq53f"
"Türkiye","reading",2006,447.14113,4.20549,"I.B1.2a.37","F96","G96","14e958538fc68dc4bf25b47ad11c4f3f90035873aa96616925e5cea0af242fb8","https://stat.link/mrq53f"
"Ukrainian regions (17 of 27)","reading",2006,__R_MISSING_VALUE_7__,__R_MISSING_VALUE_7__,"I.B1.2a.37","F97","G97","14e958538fc68dc4bf25b47ad11c4f3f90035873aa96616925e5cea0af242fb8","https://stat.link/mrq53f"
"United Arab Emirates","reading",2006,__R_MISSING_VALUE_7__,__R_MISSING_VALUE_7__,"I.B1.2a.37","F98","G98","14e958538fc68dc4bf25b47ad11c4f3f90035873aa96616925e5cea0af242fb8","https://stat.link/mrq53f"
"United Kingdom","reading",2006,495.08351,2.25519,"I.B1.2a.37","F99","G99","14e958538fc68dc4bf25b47ad11c4f3f90035873aa96616925e5cea0af242fb8","https://stat.link/mrq53f"
"United States*","reading",2006,__R_MISSING_VALUE_7__,__R_MISSING_VALUE_7__,"I.B1.2a.37","F100","G100","14e958538fc68dc4bf25b47ad11c4f3f90035873aa96616925e5cea0af242fb8","https://stat.link/mrq53f"
"Uruguay","reading",2006,412.51673,3.43407,"I.B1.2a.37","F101","G101","14e958538fc68dc4bf25b47ad11c4f3f90035873aa96616925e5cea0af242fb8","https://stat.link/mrq53f"
"Uzbekistan","reading",2006,__R_MISSING_VALUE_7__,__R_MISSING_VALUE_7__,"I.B1.2a.37","F102","G102","14e958538fc68dc4bf25b47ad11c4f3f90035873aa96616925e5cea0af242fb8","https://stat.link/mrq53f"
"Viet Nam","reading",2006,__R_MISSING_VALUE_7__,__R_MISSING_VALUE_7__,"I.B1.2a.37","F103","G103","14e958538fc68dc4bf25b47ad11c4f3f90035873aa96616925e5cea0af242fb8","https://stat.link/mrq53f"
"Zambia","reading",2006,__R_MISSING_VALUE_7__,__R_MISSING_VALUE_7__,"I.B1.2a.37","F104","G104","14e958538fc68dc4bf25b47ad11c4f3f90035873aa96616925e5cea0af242fb8","https://stat.link/mrq53f"
"Albania*","reading",2006,__R_MISSING_VALUE_7__,__R_MISSING_VALUE_7__,"I.B1.2a.37","F106","G106","14e958538fc68dc4bf25b47ad11c4f3f90035873aa96616925e5cea0af242fb8","https://stat.link/mrq53f"
"OECD average","reading",2009,__R_MISSING_VALUE_7__,__R_MISSING_VALUE_7__,"I.B1.2a.37","H10","I10","14e958538fc68dc4bf25b47ad11c4f3f90035873aa96616925e5cea0af242fb8","https://stat.link/mrq53f"
"OECD average-23","reading",2009,499.39752,0.56868,"I.B1.2a.37","H11","I11","14e958538fc68dc4bf25b47ad11c4f3f90035873aa96616925e5cea0af242fb8","https://stat.link/mrq53f"
"OECD average-35","reading",2009,__R_MISSING_VALUE_7__,__R_MISSING_VALUE_7__,"I.B1.2a.37","H12","I12","14e958538fc68dc4bf25b47ad11c4f3f90035873aa96616925e5cea0af242fb8","https://stat.link/mrq53f"
"Argentina","reading",2009,398.26088,4.63357,"I.B1.2a.37","H15","I15","14e958538fc68dc4bf25b47ad11c4f3f90035873aa96616925e5cea0af242fb8","https://stat.link/mrq53f"
"Armenia","reading",2009,__R_MISSING_VALUE_7__,__R_MISSING_VALUE_7__,"I.B1.2a.37","H16","I16","14e958538fc68dc4bf25b47ad11c4f3f90035873aa96616925e5cea0af242fb8","https://stat.link/mrq53f"
"Australia","reading",2009,514.90066,2.33742,"I.B1.2a.37","H17","I17","14e958538fc68dc4bf25b47ad11c4f3f90035873aa96616925e5cea0af242fb8","https://stat.link/mrq53f"
"Austria","reading",2009,__R_MISSING_VALUE_7__,__R_MISSING_VALUE_7__,"I.B1.2a.37","H18","I18","14e958538fc68dc4bf25b47ad11c4f3f90035873aa96616925e5cea0af242fb8","https://stat.link/mrq53f"
"Azerbaijan","reading",2009,361.51532,3.32916,"I.B1.2a.37","H19","I19","14e958538fc68dc4bf25b47ad11c4f3f90035873aa96616925e5cea0af242fb8","https://stat.link/mrq53f"
"Belgium","reading",2009,505.9458,2.34976,"I.B1.2a.37","H20","I20","14e958538fc68dc4bf25b47ad11c4f3f90035873aa96616925e5cea0af242fb8","https://stat.link/mrq53f"
"Brazil","reading",2009,411.75493,2.7278,"I.B1.2a.37","H21","I21","14e958538fc68dc4bf25b47ad11c4f3f90035873aa96616925e5cea0af242fb8","https://stat.link/mrq53f"
"Brunei Darussalam","reading",2009,__R_MISSING_VALUE_7__,__R_MISSING_VALUE_7__,"I.B1.2a.37","H22","I22","14e958538fc68dc4bf25b47ad11c4f3f90035873aa96616925e5cea0af242fb8","https://stat.link/mrq53f"
"B-S-J-Z (China)","reading",2009,__R_MISSING_VALUE_7__,__R_MISSING_VALUE_7__,"I.B1.2a.37","H23","I23","14e958538fc68dc4bf25b47ad11c4f3f90035873aa96616925e5cea0af242fb8","https://stat.link/mrq53f"
"Bulgaria","reading",2009,429.08109,6.68126,"I.B1.2a.37","H24","I24","14e958538fc68dc4bf25b47ad11c4f3f90035873aa96616925e5cea0af242fb8","https://stat.link/mrq53f"
"Cambodia","reading",2009,__R_MISSING_VALUE_7__,__R_MISSING_VALUE_7__,"I.B1.2a.37","H25","I25","14e958538fc68dc4bf25b47ad11c4f3f90035873aa96616925e5cea0af242fb8","https://stat.link/mrq53f"
"Canada*","reading",2009,524.24183,1.48318,"I.B1.2a.37","H26","I26","14e958538fc68dc4bf25b47ad11c4f3f90035873aa96616925e5cea0af242fb8","https://stat.link/mrq53f"
"Chile","reading",2009,449.36961,3.12547,"I.B1.2a.37","H27","I27","14e958538fc68dc4bf25b47ad11c4f3f90035873aa96616925e5cea0af242fb8","https://stat.link/mrq53f"
"Colombia","reading",2009,413.1815,3.74259,"I.B1.2a.37","H28","I28","14e958538fc68dc4bf25b47ad11c4f3f90035873aa96616925e5cea0af242fb8","https://stat.link/mrq53f"
"Costa Rica","reading",2009,442.5809,3.17002,"I.B1.2a.37","H29","I29","14e958538fc68dc4bf25b47ad11c4f3f90035873aa96616925e5cea0af242fb8","https://stat.link/mrq53f"
"Croatia","reading",2009,475.74889,2.87066,"I.B1.2a.37","H30","I30","14e958538fc68dc4bf25b47ad11c4f3f90035873aa96616925e5cea0af242fb8","https://stat.link/mrq53f"
"Cyprus","reading",2009,__R_MISSING_VALUE_7__,__R_MISSING_VALUE_7__,"I.B1.2a.37","H31","I31","14e958538fc68dc4bf25b47ad11c4f3f90035873aa96616925e5cea0af242fb8","https://stat.link/mrq53f"
"Czechia","reading",2009,478.18672,2.89212,"I.B1.2a.37","H32","I32","14e958538fc68dc4bf25b47ad11c4f3f90035873aa96616925e5cea0af242fb8","https://stat.link/mrq53f"
"Denmark","reading",2009,494.91616,2.07392,"I.B1.2a.37","H33","I33","14e958538fc68dc4bf25b47ad11c4f3f90035873aa96616925e5cea0af242fb8","https://stat.link/mrq53f"
"Dominican Republic","reading",2009,__R_MISSING_VALUE_7__,__R_MISSING_VALUE_7__,"I.B1.2a.37","H34","I34","14e958538fc68dc4bf25b47ad11c4f3f90035873aa96616925e5cea0af242fb8","https://stat.link/mrq53f"
"Dushanbe (Tajikistan)","reading",2009,__R_MISSING_VALUE_7__,__R_MISSING_VALUE_7__,"I.B1.2a.37","H35","I35","14e958538fc68dc4bf25b47ad11c4f3f90035873aa96616925e5cea0af242fb8","https://stat.link/mrq53f"
"Ecuador","reading",2009,__R_MISSING_VALUE_7__,__R_MISSING_VALUE_7__,"I.B1.2a.37","H36","I36","14e958538fc68dc4bf25b47ad11c4f3f90035873aa96616925e5cea0af242fb8","https://stat.link/mrq53f"
"El Salvador","reading",2009,__R_MISSING_VALUE_7__,__R_MISSING_VALUE_7__,"I.B1.2a.37","H37","I37","14e958538fc68dc4bf25b47ad11c4f3f90035873aa96616925e5cea0af242fb8","https://stat.link/mrq53f"
"Estonia","reading",2009,500.96187,2.63548,"I.B1.2a.37","H38","I38","14e958538fc68dc4bf25b47ad11c4f3f90035873aa96616925e5cea0af242fb8","https://stat.link/mrq53f"
"Finland","reading",2009,535.87798,2.25383,"I.B1.2a.37","H39","I39","14e958538fc68dc4bf25b47ad11c4f3f90035873aa96616925e5cea0af242fb8","https://stat.link/mrq53f"
"France","reading",2009,495.61654,3.44187,"I.B1.2a.37","H40","I40","14e958538fc68dc4bf25b47ad11c4f3f90035873aa96616925e5cea0af242fb8","https://stat.link/mrq53f"
"Georgia","reading",2009,374.25984,2.88632,"I.B1.2a.37","H41","I41","14e958538fc68dc4bf25b47ad11c4f3f90035873aa96616925e5cea0af242fb8","https://stat.link/mrq53f"
"Germany","reading",2009,497.30506,2.65581,"I.B1.2a.37","H42","I42","14e958538fc68dc4bf25b47ad11c4f3f90035873aa96616925e5cea0af242fb8","https://stat.link/mrq53f"
"Greece","reading",2009,482.77624,4.32215,"I.B1.2a.37","H43","I43","14e958538fc68dc4bf25b47ad11c4f3f90035873aa96616925e5cea0af242fb8","https://stat.link/mrq53f"
"Guatemala","reading",2009,__R_MISSING_VALUE_7__,__R_MISSING_VALUE_7__,"I.B1.2a.37","H44","I44","14e958538fc68dc4bf25b47ad11c4f3f90035873aa96616925e5cea0af242fb8","https://stat.link/mrq53f"
"Hong Kong (China)","reading",2009,533.15127,2.11736,"I.B1.2a.37","H45","I45","14e958538fc68dc4bf25b47ad11c4f3f90035873aa96616925e5cea0af242fb8","https://stat.link/mrq53f"
"Hungary","reading",2009,494.17875,3.17475,"I.B1.2a.37","H46","I46","14e958538fc68dc4bf25b47ad11c4f3f90035873aa96616925e5cea0af242fb8","https://stat.link/mrq53f"
"Iceland","reading",2009,500.28332,1.40938,"I.B1.2a.37","H47","I47","14e958538fc68dc4bf25b47ad11c4f3f90035873aa96616925e5cea0af242fb8","https://stat.link/mrq53f"
"Indonesia","reading",2009,401.7052,3.73522,"I.B1.2a.37","H48","I48","14e958538fc68dc4bf25b47ad11c4f3f90035873aa96616925e5cea0af242fb8","https://stat.link/mrq53f"
"Ireland","reading",2009,495.63911,2.9719,"I.B1.2a.37","H49","I49","14e958538fc68dc4bf25b47ad11c4f3f90035873aa96616925e5cea0af242fb8","https://stat.link/mrq53f"
"Israel","reading",2009,473.98995,3.63373,"I.B1.2a.37","H50","I50","14e958538fc68dc4bf25b47ad11c4f3f90035873aa96616925e5cea0af242fb8","https://stat.link/mrq53f"
"Italy","reading",2009,486.0511,1.57215,"I.B1.2a.37","H51","I51","14e958538fc68dc4bf25b47ad11c4f3f90035873aa96616925e5cea0af242fb8","https://stat.link/mrq53f"
"Japan","reading",2009,519.85772,3.46563,"I.B1.2a.37","H52","I52","14e958538fc68dc4bf25b47ad11c4f3f90035873aa96616925e5cea0af242fb8","https://stat.link/mrq53f"
"Jordan","reading",2009,__R_MISSING_VALUE_7__,__R_MISSING_VALUE_7__,"I.B1.2a.37","H53","I53","14e958538fc68dc4bf25b47ad11c4f3f90035873aa96616925e5cea0af242fb8","https://stat.link/mrq53f"
"Kazakhstan","reading",2009,390.41008,3.07243,"I.B1.2a.37","H54","I54","14e958538fc68dc4bf25b47ad11c4f3f90035873aa96616925e5cea0af242fb8","https://stat.link/mrq53f"
"Kenya","reading",2009,__R_MISSING_VALUE_7__,__R_MISSING_VALUE_7__,"I.B1.2a.37","H55","I55","14e958538fc68dc4bf25b47ad11c4f3f90035873aa96616925e5cea0af242fb8","https://stat.link/mrq53f"
"Korea","reading",2009,539.26748,3.46056,"I.B1.2a.37","H56","I56","14e958538fc68dc4bf25b47ad11c4f3f90035873aa96616925e5cea0af242fb8","https://stat.link/mrq53f"
"Kosovo","reading",2009,__R_MISSING_VALUE_7__,__R_MISSING_VALUE_7__,"I.B1.2a.37","H57","I57","14e958538fc68dc4bf25b47ad11c4f3f90035873aa96616925e5cea0af242fb8","https://stat.link/mrq53f"
"Kurdistan Region (Iraq)","reading",2009,__R_MISSING_VALUE_7__,__R_MISSING_VALUE_7__,"I.B1.2a.37","H58","I58","14e958538fc68dc4bf25b47ad11c4f3f90035873aa96616925e5cea0af242fb8","https://stat.link/mrq53f"
"Kyrgyzstan","reading",2009,314.01989,3.19067,"I.B1.2a.37","H59","I59","14e958538fc68dc4bf25b47ad11c4f3f90035873aa96616925e5cea0af242fb8","https://stat.link/mrq53f"
"Latvia","reading",2009,483.96015,2.95701,"I.B1.2a.37","H60","I60","14e958538fc68dc4bf25b47ad11c4f3f90035873aa96616925e5cea0af242fb8","https://stat.link/mrq53f"
"Lebanon","reading",2009,__R_MISSING_VALUE_7__,__R_MISSING_VALUE_7__,"I.B1.2a.37","H61","I61","14e958538fc68dc4bf25b47ad11c4f3f90035873aa96616925e5cea0af242fb8","https://stat.link/mrq53f"
"Lithuania","reading",2009,468.44273,2.39107,"I.B1.2a.37","H62","I62","14e958538fc68dc4bf25b47ad11c4f3f90035873aa96616925e5cea0af242fb8","https://stat.link/mrq53f"
"Luxembourg","reading",2009,472.17339,1.25342,"I.B1.2a.37","H63","I63","14e958538fc68dc4bf25b47ad11c4f3f90035873aa96616925e5cea0af242fb8","https://stat.link/mrq53f"
"Macao (China)","reading",2009,486.63535,0.89184,"I.B1.2a.37","H64","I64","14e958538fc68dc4bf25b47ad11c4f3f90035873aa96616925e5cea0af242fb8","https://stat.link/mrq53f"
"Malaysia","reading",2009,413.81204,2.85545,"I.B1.2a.37","H65","I65","14e958538fc68dc4bf25b47ad11c4f3f90035873aa96616925e5cea0af242fb8","https://stat.link/mrq53f"
"Malta","reading",2009,442.05234,1.58456,"I.B1.2a.37","H66","I66","14e958538fc68dc4bf25b47ad11c4f3f90035873aa96616925e5cea0af242fb8","https://stat.link/mrq53f"
"Mauritius","reading",2009,406.57181,1.08661,"I.B1.2a.37","H67","I67","14e958538fc68dc4bf25b47ad11c4f3f90035873aa96616925e5cea0af242fb8","https://stat.link/mrq53f"
"Mexico","reading",2009,425.2653,1.9532,"I.B1.2a.37","H68","I68","14e958538fc68dc4bf25b47ad11c4f3f90035873aa96616925e5cea0af242fb8","https://stat.link/mrq53f"
"Moldova","reading",2009,388.0777,2.83407,"I.B1.2a.37","H69","I69","14e958538fc68dc4bf25b47ad11c4f3f90035873aa96616925e5cea0af242fb8","https://stat.link/mrq53f"
"Mongolia","reading",2009,__R_MISSING_VALUE_7__,__R_MISSING_VALUE_7__,"I.B1.2a.37","H70","I70","14e958538fc68dc4bf25b47ad11c4f3f90035873aa96616925e5cea0af242fb8","https://stat.link/mrq53f"
"Montenegro","reading",2009,407.54777,1.71649,"I.B1.2a.37","H71","I71","14e958538fc68dc4bf25b47ad11c4f3f90035873aa96616925e5cea0af242fb8","https://stat.link/mrq53f"
"Morocco","reading",2009,__R_MISSING_VALUE_7__,__R_MISSING_VALUE_7__,"I.B1.2a.37","H72","I72","14e958538fc68dc4bf25b47ad11c4f3f90035873aa96616925e5cea0af242fb8","https://stat.link/mrq53f"
"Netherlands*","reading",2009,508.40372,5.14958,"I.B1.2a.37","H73","I73","14e958538fc68dc4bf25b47ad11c4f3f90035873aa96616925e5cea0af242fb8","https://stat.link/mrq53f"
"New Zealand*","reading",2009,520.88001,2.35326,"I.B1.2a.37","H74","I74","14e958538fc68dc4bf25b47ad11c4f3f90035873aa96616925e5cea0af242fb8","https://stat.link/mrq53f"
"North Macedonia","reading",2009,__R_MISSING_VALUE_7__,__R_MISSING_VALUE_7__,"I.B1.2a.37","H75","I75","14e958538fc68dc4bf25b47ad11c4f3f90035873aa96616925e5cea0af242fb8","https://stat.link/mrq53f"
"Norway*","reading",2009,503.23002,2.58081,"I.B1.2a.37","H76","I76","14e958538fc68dc4bf25b47ad11c4f3f90035873aa96616925e5cea0af242fb8","https://stat.link/mrq53f"
"Palestinian Authority","reading",2009,__R_MISSING_VALUE_7__,__R_MISSING_VALUE_7__,"I.B1.2a.37","H77","I77","14e958538fc68dc4bf25b47ad11c4f3f90035873aa96616925e5cea0af242fb8","https://stat.link/mrq53f"
"Paraguay","reading",2009,__R_MISSING_VALUE_7__,__R_MISSING_VALUE_7__,"I.B1.2a.37","H78","I78","14e958538fc68dc4bf25b47ad11c4f3f90035873aa96616925e5cea0af242fb8","https://stat.link/mrq53f"
"Peru","reading",2009,369.69576,3.95141,"I.B1.2a.37","H79","I79","14e958538fc68dc4bf25b47ad11c4f3f90035873aa96616925e5cea0af242fb8","https://stat.link/mrq53f"
"Philippines","reading",2009,__R_MISSING_VALUE_7__,__R_MISSING_VALUE_7__,"I.B1.2a.37","H80","I80","14e958538fc68dc4bf25b47ad11c4f3f90035873aa96616925e5cea0af242fb8","https://stat.link/mrq53f"
"Poland","reading",2009,500.47848,2.60484,"I.B1.2a.37","H81","I81","14e958538fc68dc4bf25b47ad11c4f3f90035873aa96616925e5cea0af242fb8","https://stat.link/mrq53f"
"Portugal","reading",2009,489.33492,3.06686,"I.B1.2a.37","H82","I82","14e958538fc68dc4bf25b47ad11c4f3f90035873aa96616925e5cea0af242fb8","https://stat.link/mrq53f"
"Qatar","reading",2009,371.71603,0.76453,"I.B1.2a.37","H83","I83","14e958538fc68dc4bf25b47ad11c4f3f90035873aa96616925e5cea0af242fb8","https://stat.link/mrq53f"
"Romania","reading",2009,424.45833,4.09456,"I.B1.2a.37","H84","I84","14e958538fc68dc4bf25b47ad11c4f3f90035873aa96616925e5cea0af242fb8","https://stat.link/mrq53f"
"Rwanda","reading",2009,__R_MISSING_VALUE_7__,__R_MISSING_VALUE_7__,"I.B1.2a.37","H85","I85","14e958538fc68dc4bf25b47ad11c4f3f90035873aa96616925e5cea0af242fb8","https://stat.link/mrq53f"
"Saudi Arabia","reading",2009,__R_MISSING_VALUE_7__,__R_MISSING_VALUE_7__,"I.B1.2a.37","H86","I86","14e958538fc68dc4bf25b47ad11c4f3f90035873aa96616925e5cea0af242fb8","https://stat.link/mrq53f"
"Serbia","reading",2009,442.0167,2.43325,"I.B1.2a.37","H87","I87","14e958538fc68dc4bf25b47ad11c4f3f90035873aa96616925e5cea0af242fb8","https://stat.link/mrq53f"
"Singapore","reading",2009,525.89652,1.05595,"I.B1.2a.37","H88","I88","14e958538fc68dc4bf25b47ad11c4f3f90035873aa96616925e5cea0af242fb8","https://stat.link/mrq53f"
"Slovak Republic","reading",2009,477.44335,2.54355,"I.B1.2a.37","H89","I89","14e958538fc68dc4bf25b47ad11c4f3f90035873aa96616925e5cea0af242fb8","https://stat.link/mrq53f"
"Slovenia","reading",2009,483.08204,1.03202,"I.B1.2a.37","H90","I90","14e958538fc68dc4bf25b47ad11c4f3f90035873aa96616925e5cea0af242fb8","https://stat.link/mrq53f"
"Spain","reading",2009,481.04233,2.02006,"I.B1.2a.37","H91","I91","14e958538fc68dc4bf25b47ad11c4f3f90035873aa96616925e5cea0af242fb8","https://stat.link/mrq53f"
"Sweden","reading",2009,497.44942,2.87965,"I.B1.2a.37","H92","I92","14e958538fc68dc4bf25b47ad11c4f3f90035873aa96616925e5cea0af242fb8","https://stat.link/mrq53f"
"Switzerland","reading",2009,500.50021,2.44358,"I.B1.2a.37","H93","I93","14e958538fc68dc4bf25b47ad11c4f3f90035873aa96616925e5cea0af242fb8","https://stat.link/mrq53f"
"Chinese Taipei","reading",2009,495.24047,2.59606,"I.B1.2a.37","H94","I94","14e958538fc68dc4bf25b47ad11c4f3f90035873aa96616925e5cea0af242fb8","https://stat.link/mrq53f"
"Thailand","reading",2009,421.37441,2.64036,"I.B1.2a.37","H95","I95","14e958538fc68dc4bf25b47ad11c4f3f90035873aa96616925e5cea0af242fb8","https://stat.link/mrq53f"
"Türkiye","reading",2009,464.19438,3.52083,"I.B1.2a.37","H96","I96","14e958538fc68dc4bf25b47ad11c4f3f90035873aa96616925e5cea0af242fb8","https://stat.link/mrq53f"
"Ukrainian regions (17 of 27)","reading",2009,__R_MISSING_VALUE_7__,__R_MISSING_VALUE_7__,"I.B1.2a.37","H97","I97","14e958538fc68dc4bf25b47ad11c4f3f90035873aa96616925e5cea0af242fb8","https://stat.link/mrq53f"
"United Arab Emirates","reading",2009,431.41611,2.86118,"I.B1.2a.37","H98","I98","14e958538fc68dc4bf25b47ad11c4f3f90035873aa96616925e5cea0af242fb8","https://stat.link/mrq53f"
"United Kingdom","reading",2009,494.18201,2.28047,"I.B1.2a.37","H99","I99","14e958538fc68dc4bf25b47ad11c4f3f90035873aa96616925e5cea0af242fb8","https://stat.link/mrq53f"
"United States*","reading",2009,499.82682,3.65399,"I.B1.2a.37","H100","I100","14e958538fc68dc4bf25b47ad11c4f3f90035873aa96616925e5cea0af242fb8","https://stat.link/mrq53f"
"Uruguay","reading",2009,425.81336,2.60444,"I.B1.2a.37","H101","I101","14e958538fc68dc4bf25b47ad11c4f3f90035873aa96616925e5cea0af242fb8","https://stat.link/mrq53f"
"Uzbekistan","reading",2009,__R_MISSING_VALUE_7__,__R_MISSING_VALUE_7__,"I.B1.2a.37","H102","I102","14e958538fc68dc4bf25b47ad11c4f3f90035873aa96616925e5cea0af242fb8","https://stat.link/mrq53f"
"Viet Nam","reading",2009,__R_MISSING_VALUE_7__,__R_MISSING_VALUE_7__,"I.B1.2a.37","H103","I103","14e958538fc68dc4bf25b47ad11c4f3f90035873aa96616925e5cea0af242fb8","https://stat.link/mrq53f"
"Zambia","reading",2009,__R_MISSING_VALUE_7__,__R_MISSING_VALUE_7__,"I.B1.2a.37","H104","I104","14e958538fc68dc4bf25b47ad11c4f3f90035873aa96616925e5cea0af242fb8","https://stat.link/mrq53f"
"Albania*","reading",2009,384.8166,4.03608,"I.B1.2a.37","H106","I106","14e958538fc68dc4bf25b47ad11c4f3f90035873aa96616925e5cea0af242fb8","https://stat.link/mrq53f"
"OECD average","reading",2012,491.82121,0.47915,"I.B1.2a.37","J10","K10","14e958538fc68dc4bf25b47ad11c4f3f90035873aa96616925e5cea0af242fb8","https://stat.link/mrq53f"
"OECD average-23","reading",2012,501.3647,0.57517,"I.B1.2a.37","J11","K11","14e958538fc68dc4bf25b47ad11c4f3f90035873aa96616925e5cea0af242fb8","https://stat.link/mrq53f"
"OECD average-35","reading",2012,493.51177,0.50566,"I.B1.2a.37","J12","K12","14e958538fc68dc4bf25b47ad11c4f3f90035873aa96616925e5cea0af242fb8","https://stat.link/mrq53f"
"Argentina","reading",2012,395.97912,3.70443,"I.B1.2a.37","J15","K15","14e958538fc68dc4bf25b47ad11c4f3f90035873aa96616925e5cea0af242fb8","https://stat.link/mrq53f"
"Armenia","reading",2012,__R_MISSING_VALUE_7__,__R_MISSING_VALUE_7__,"I.B1.2a.37","J16","K16","14e958538fc68dc4bf25b47ad11c4f3f90035873aa96616925e5cea0af242fb8","https://stat.link/mrq53f"
"Australia","reading",2012,511.804,1.5768,"I.B1.2a.37","J17","K17","14e958538fc68dc4bf25b47ad11c4f3f90035873aa96616925e5cea0af242fb8","https://stat.link/mrq53f"
"Austria","reading",2012,489.60934,2.76119,"I.B1.2a.37","J18","K18","14e958538fc68dc4bf25b47ad11c4f3f90035873aa96616925e5cea0af242fb8","https://stat.link/mrq53f"
"Azerbaijan","reading",2012,__R_MISSING_VALUE_7__,__R_MISSING_VALUE_7__,"I.B1.2a.37","J19","K19","14e958538fc68dc4bf25b47ad11c4f3f90035873aa96616925e5cea0af242fb8","https://stat.link/mrq53f"
"Belgium","reading",2012,508.61788,2.25406,"I.B1.2a.37","J20","K20","14e958538fc68dc4bf25b47ad11c4f3f90035873aa96616925e5cea0af242fb8","https://stat.link/mrq53f"
"Brazil","reading",2012,406.53316,2.03037,"I.B1.2a.37","J21","K21","14e958538fc68dc4bf25b47ad11c4f3f90035873aa96616925e5cea0af242fb8","https://stat.link/mrq53f"
"Brunei Darussalam","reading",2012,__R_MISSING_VALUE_7__,__R_MISSING_VALUE_7__,"I.B1.2a.37","J22","K22","14e958538fc68dc4bf25b47ad11c4f3f90035873aa96616925e5cea0af242fb8","https://stat.link/mrq53f"
"B-S-J-Z (China)","reading",2012,__R_MISSING_VALUE_7__,__R_MISSING_VALUE_7__,"I.B1.2a.37","J23","K23","14e958538fc68dc4bf25b47ad11c4f3f90035873aa96616925e5cea0af242fb8","https://stat.link/mrq53f"
"Bulgaria","reading",2012,436.12573,6.02258,"I.B1.2a.37","J24","K24","14e958538fc68dc4bf25b47ad11c4f3f90035873aa96616925e5cea0af242fb8","https://stat.link/mrq53f"
"Cambodia","reading",2012,__R_MISSING_VALUE_7__,__R_MISSING_VALUE_7__,"I.B1.2a.37","J25","K25","14e958538fc68dc4bf25b47ad11c4f3f90035873aa96616925e5cea0af242fb8","https://stat.link/mrq53f"
"Canada*","reading",2012,523.124,1.92638,"I.B1.2a.37","J26","K26","14e958538fc68dc4bf25b47ad11c4f3f90035873aa96616925e5cea0af242fb8","https://stat.link/mrq53f"
"Chile","reading",2012,441.39816,2.9021,"I.B1.2a.37","J27","K27","14e958538fc68dc4bf25b47ad11c4f3f90035873aa96616925e5cea0af242fb8","https://stat.link/mrq53f"
"Colombia","reading",2012,403.40253,3.44558,"I.B1.2a.37","J28","K28","14e958538fc68dc4bf25b47ad11c4f3f90035873aa96616925e5cea0af242fb8","https://stat.link/mrq53f"
"Costa Rica","reading",2012,440.54781,3.50374,"I.B1.2a.37","J29","K29","14e958538fc68dc4bf25b47ad11c4f3f90035873aa96616925e5cea0af242fb8","https://stat.link/mrq53f"
"Croatia","reading",2012,484.56503,3.30638,"I.B1.2a.37","J30","K30","14e958538fc68dc4bf25b47ad11c4f3f90035873aa96616925e5cea0af242fb8","https://stat.link/mrq53f"
"Cyprus","reading",2012,448.95298,1.18371,"I.B1.2a.37","J31","K31","14e958538fc68dc4bf25b47ad11c4f3f90035873aa96616925e5cea0af242fb8","https://stat.link/mrq53f"
"Czechia","reading",2012,492.88974,2.87068,"I.B1.2a.37","J32","K32","14e958538fc68dc4bf25b47ad11c4f3f90035873aa96616925e5cea0af242fb8","https://stat.link/mrq53f"
"Denmark","reading",2012,496.13088,2.64782,"I.B1.2a.37","J33","K33","14e958538fc68dc4bf25b47ad11c4f3f90035873aa96616925e5cea0af242fb8","https://stat.link/mrq53f"
"Dominican Republic","reading",2012,__R_MISSING_VALUE_7__,__R_MISSING_VALUE_7__,"I.B1.2a.37","J34","K34","14e958538fc68dc4bf25b47ad11c4f3f90035873aa96616925e5cea0af242fb8","https://stat.link/mrq53f"
"Dushanbe (Tajikistan)","reading",2012,__R_MISSING_VALUE_7__,__R_MISSING_VALUE_7__,"I.B1.2a.37","J35","K35","14e958538fc68dc4bf25b47ad11c4f3f90035873aa96616925e5cea0af242fb8","https://stat.link/mrq53f"
"Ecuador","reading",2012,__R_MISSING_VALUE_7__,__R_MISSING_VALUE_7__,"I.B1.2a.37","J36","K36","14e958538fc68dc4bf25b47ad11c4f3f90035873aa96616925e5cea0af242fb8","https://stat.link/mrq53f"
"El Salvador","reading",2012,__R_MISSING_VALUE_7__,__R_MISSING_VALUE_7__,"I.B1.2a.37","J37","K37","14e958538fc68dc4bf25b47ad11c4f3f90035873aa96616925e5cea0af242fb8","https://stat.link/mrq53f"
"Estonia","reading",2012,516.29418,2.03162,"I.B1.2a.37","J38","K38","14e958538fc68dc4bf25b47ad11c4f3f90035873aa96616925e5cea0af242fb8","https://stat.link/mrq53f"
"Finland","reading",2012,524.02167,2.38165,"I.B1.2a.37","J39","K39","14e958538fc68dc4bf25b47ad11c4f3f90035873aa96616925e5cea0af242fb8","https://stat.link/mrq53f"
"France","reading",2012,505.48148,2.82639,"I.B1.2a.37","J40","K40","14e958538fc68dc4bf25b47ad11c4f3f90035873aa96616925e5cea0af242fb8","https://stat.link/mrq53f"
"Georgia","reading",2012,__R_MISSING_VALUE_7__,__R_MISSING_VALUE_7__,"I.B1.2a.37","J41","K41","14e958538fc68dc4bf25b47ad11c4f3f90035873aa96616925e5cea0af242fb8","https://stat.link/mrq53f"
"Germany","reading",2012,507.67653,2.81601,"I.B1.2a.37","J42","K42","14e958538fc68dc4bf25b47ad11c4f3f90035873aa96616925e5cea0af242fb8","https://stat.link/mrq53f"
"Greece","reading",2012,477.19718,3.26745,"I.B1.2a.37","J43","K43","14e958538fc68dc4bf25b47ad11c4f3f90035873aa96616925e5cea0af242fb8","https://stat.link/mrq53f"
"Guatemala","reading",2012,__R_MISSING_VALUE_7__,__R_MISSING_VALUE_7__,"I.B1.2a.37","J44","K44","14e958538fc68dc4bf25b47ad11c4f3f90035873aa96616925e5cea0af242fb8","https://stat.link/mrq53f"
"Hong Kong (China)","reading",2012,544.60009,2.78817,"I.B1.2a.37","J45","K45","14e958538fc68dc4bf25b47ad11c4f3f90035873aa96616925e5cea0af242fb8","https://stat.link/mrq53f"
"Hungary","reading",2012,488.46133,3.15709,"I.B1.2a.37","J46","K46","14e958538fc68dc4bf25b47ad11c4f3f90035873aa96616925e5cea0af242fb8","https://stat.link/mrq53f"
"Iceland","reading",2012,482.52244,1.8011,"I.B1.2a.37","J47","K47","14e958538fc68dc4bf25b47ad11c4f3f90035873aa96616925e5cea0af242fb8","https://stat.link/mrq53f"
"Indonesia","reading",2012,396.12009,4.20669,"I.B1.2a.37","J48","K48","14e958538fc68dc4bf25b47ad11c4f3f90035873aa96616925e5cea0af242fb8","https://stat.link/mrq53f"
"Ireland","reading",2012,523.17321,2.55037,"I.B1.2a.37","J49","K49","14e958538fc68dc4bf25b47ad11c4f3f90035873aa96616925e5cea0af242fb8","https://stat.link/mrq53f"
"Israel","reading",2012,485.80321,5.0068,"I.B1.2a.37","J50","K50","14e958538fc68dc4bf25b47ad11c4f3f90035873aa96616925e5cea0af242fb8","https://stat.link/mrq53f"
"Italy","reading",2012,489.7544,1.97153,"I.B1.2a.37","J51","K51","14e958538fc68dc4bf25b47ad11c4f3f90035873aa96616925e5cea0af242fb8","https://stat.link/mrq53f"
"Japan","reading",2012,538.05148,3.67302,"I.B1.2a.37","J52","K52","14e958538fc68dc4bf25b47ad11c4f3f90035873aa96616925e5cea0af242fb8","https://stat.link/mrq53f"
"Jordan","reading",2012,__R_MISSING_VALUE_7__,__R_MISSING_VALUE_7__,"I.B1.2a.37","J53","K53","14e958538fc68dc4bf25b47ad11c4f3f90035873aa96616925e5cea0af242fb8","https://stat.link/mrq53f"
"Kazakhstan","reading",2012,392.73623,2.68999,"I.B1.2a.37","J54","K54","14e958538fc68dc4bf25b47ad11c4f3f90035873aa96616925e5cea0af242fb8","https://stat.link/mrq53f"
"Kenya","reading",2012,__R_MISSING_VALUE_7__,__R_MISSING_VALUE_7__,"I.B1.2a.37","J55","K55","14e958538fc68dc4bf25b47ad11c4f3f90035873aa96616925e5cea0af242fb8","https://stat.link/mrq53f"
"Korea","reading",2012,535.79049,3.94138,"I.B1.2a.37","J56","K56","14e958538fc68dc4bf25b47ad11c4f3f90035873aa96616925e5cea0af242fb8","https://stat.link/mrq53f"
"Kosovo","reading",2012,__R_MISSING_VALUE_7__,__R_MISSING_VALUE_7__,"I.B1.2a.37","J57","K57","14e958538fc68dc4bf25b47ad11c4f3f90035873aa96616925e5cea0af242fb8","https://stat.link/mrq53f"
"Kurdistan Region (Iraq)","reading",2012,__R_MISSING_VALUE_7__,__R_MISSING_VALUE_7__,"I.B1.2a.37","J58","K58","14e958538fc68dc4bf25b47ad11c4f3f90035873aa96616925e5cea0af242fb8","https://stat.link/mrq53f"
"Kyrgyzstan","reading",2012,__R_MISSING_VALUE_7__,__R_MISSING_VALUE_7__,"I.B1.2a.37","J59","K59","14e958538fc68dc4bf25b47ad11c4f3f90035873aa96616925e5cea0af242fb8","https://stat.link/mrq53f"
"Latvia","reading",2012,488.69441,2.38562,"I.B1.2a.37","J60","K60","14e958538fc68dc4bf25b47ad11c4f3f90035873aa96616925e5cea0af242fb8","https://stat.link/mrq53f"
"Lebanon","reading",2012,__R_MISSING_VALUE_7__,__R_MISSING_VALUE_7__,"I.B1.2a.37","J61","K61","14e958538fc68dc4bf25b47ad11c4f3f90035873aa96616925e5cea0af242fb8","https://stat.link/mrq53f"
"Lithuania","reading",2012,477.30661,2.48119,"I.B1.2a.37","J62","K62","14e958538fc68dc4bf25b47ad11c4f3f90035873aa96616925e5cea0af242fb8","https://stat.link/mrq53f"
"Luxembourg","reading",2012,487.80704,1.54181,"I.B1.2a.37","J63","K63","14e958538fc68dc4bf25b47ad11c4f3f90035873aa96616925e5cea0af242fb8","https://stat.link/mrq53f"
"Macao (China)","reading",2012,508.94926,0.90623,"I.B1.2a.37","J64","K64","14e958538fc68dc4bf25b47ad11c4f3f90035873aa96616925e5cea0af242fb8","https://stat.link/mrq53f"
"Malaysia","reading",2012,398.19606,3.33124,"I.B1.2a.37","J65","K65","14e958538fc68dc4bf25b47ad11c4f3f90035873aa96616925e5cea0af242fb8","https://stat.link/mrq53f"
"Malta","reading",2012,__R_MISSING_VALUE_7__,__R_MISSING_VALUE_7__,"I.B1.2a.37","J66","K66","14e958538fc68dc4bf25b47ad11c4f3f90035873aa96616925e5cea0af242fb8","https://stat.link/mrq53f"
"Mauritius","reading",2012,__R_MISSING_VALUE_7__,__R_MISSING_VALUE_7__,"I.B1.2a.37","J67","K67","14e958538fc68dc4bf25b47ad11c4f3f90035873aa96616925e5cea0af242fb8","https://stat.link/mrq53f"
"Mexico","reading",2012,423.55376,1.51422,"I.B1.2a.37","J68","K68","14e958538fc68dc4bf25b47ad11c4f3f90035873aa96616925e5cea0af242fb8","https://stat.link/mrq53f"
"Moldova","reading",2012,__R_MISSING_VALUE_7__,__R_MISSING_VALUE_7__,"I.B1.2a.37","J69","K69","14e958538fc68dc4bf25b47ad11c4f3f90035873aa96616925e5cea0af242fb8","https://stat.link/mrq53f"
"Mongolia","reading",2012,__R_MISSING_VALUE_7__,__R_MISSING_VALUE_7__,"I.B1.2a.37","J70","K70","14e958538fc68dc4bf25b47ad11c4f3f90035873aa96616925e5cea0af242fb8","https://stat.link/mrq53f"
"Montenegro","reading",2012,422.11135,1.18375,"I.B1.2a.37","J71","K71","14e958538fc68dc4bf25b47ad11c4f3f90035873aa96616925e5cea0af242fb8","https://stat.link/mrq53f"
"Morocco","reading",2012,__R_MISSING_VALUE_7__,__R_MISSING_VALUE_7__,"I.B1.2a.37","J72","K72","14e958538fc68dc4bf25b47ad11c4f3f90035873aa96616925e5cea0af242fb8","https://stat.link/mrq53f"
"Netherlands*","reading",2012,511.22997,3.46916,"I.B1.2a.37","J73","K73","14e958538fc68dc4bf25b47ad11c4f3f90035873aa96616925e5cea0af242fb8","https://stat.link/mrq53f"
"New Zealand*","reading",2012,512.18679,2.39817,"I.B1.2a.37","J74","K74","14e958538fc68dc4bf25b47ad11c4f3f90035873aa96616925e5cea0af242fb8","https://stat.link/mrq53f"
"North Macedonia","reading",2012,__R_MISSING_VALUE_7__,__R_MISSING_VALUE_7__,"I.B1.2a.37","J75","K75","14e958538fc68dc4bf25b47ad11c4f3f90035873aa96616925e5cea0af242fb8","https://stat.link/mrq53f"
"Norway*","reading",2012,503.93669,3.2152,"I.B1.2a.37","J76","K76","14e958538fc68dc4bf25b47ad11c4f3f90035873aa96616925e5cea0af242fb8","https://stat.link/mrq53f"
"Palestinian Authority","reading",2012,__R_MISSING_VALUE_7__,__R_MISSING_VALUE_7__,"I.B1.2a.37","J77","K77","14e958538fc68dc4bf25b47ad11c4f3f90035873aa96616925e5cea0af242fb8","https://stat.link/mrq53f"
"Paraguay","reading",2012,__R_MISSING_VALUE_7__,__R_MISSING_VALUE_7__,"I.B1.2a.37","J78","K78","14e958538fc68dc4bf25b47ad11c4f3f90035873aa96616925e5cea0af242fb8","https://stat.link/mrq53f"
"Peru","reading",2012,384.15122,4.34428,"I.B1.2a.37","J79","K79","14e958538fc68dc4bf25b47ad11c4f3f90035873aa96616925e5cea0af242fb8","https://stat.link/mrq53f"
"Philippines","reading",2012,__R_MISSING_VALUE_7__,__R_MISSING_VALUE_7__,"I.B1.2a.37","J80","K80","14e958538fc68dc4bf25b47ad11c4f3f90035873aa96616925e5cea0af242fb8","https://stat.link/mrq53f"
"Poland","reading",2012,518.18688,3.13639,"I.B1.2a.37","J81","K81","14e958538fc68dc4bf25b47ad11c4f3f90035873aa96616925e5cea0af242fb8","https://stat.link/mrq53f"
"Portugal","reading",2012,487.75769,3.75111,"I.B1.2a.37","J82","K82","14e958538fc68dc4bf25b47ad11c4f3f90035873aa96616925e5cea0af242fb8","https://stat.link/mrq53f"
"Qatar","reading",2012,387.50413,0.82368,"I.B1.2a.37","J83","K83","14e958538fc68dc4bf25b47ad11c4f3f90035873aa96616925e5cea0af242fb8","https://stat.link/mrq53f"
"Romania","reading",2012,437.59949,3.97765,"I.B1.2a.37","J84","K84","14e958538fc68dc4bf25b47ad11c4f3f90035873aa96616925e5cea0af242fb8","https://stat.link/mrq53f"
"Rwanda","reading",2012,__R_MISSING_VALUE_7__,__R_MISSING_VALUE_7__,"I.B1.2a.37","J85","K85","14e958538fc68dc4bf25b47ad11c4f3f90035873aa96616925e5cea0af242fb8","https://stat.link/mrq53f"
"Saudi Arabia","reading",2012,__R_MISSING_VALUE_7__,__R_MISSING_VALUE_7__,"I.B1.2a.37","J86","K86","14e958538fc68dc4bf25b47ad11c4f3f90035873aa96616925e5cea0af242fb8","https://stat.link/mrq53f"
"Serbia","reading",2012,446.1302,3.4388,"I.B1.2a.37","J87","K87","14e958538fc68dc4bf25b47ad11c4f3f90035873aa96616925e5cea0af242fb8","https://stat.link/mrq53f"
"Singapore","reading",2012,542.21583,1.36951,"I.B1.2a.37","J88","K88","14e958538fc68dc4bf25b47ad11c4f3f90035873aa96616925e5cea0af242fb8","https://stat.link/mrq53f"
"Slovak Republic","reading",2012,462.76703,4.17103,"I.B1.2a.37","J89","K89","14e958538fc68dc4bf25b47ad11c4f3f90035873aa96616925e5cea0af242fb8","https://stat.link/mrq53f"
"Slovenia","reading",2012,481.31628,1.2182,"I.B1.2a.37","J90","K90","14e958538fc68dc4bf25b47ad11c4f3f90035873aa96616925e5cea0af242fb8","https://stat.link/mrq53f"
"Spain","reading",2012,487.93918,1.90901,"I.B1.2a.37","J91","K91","14e958538fc68dc4bf25b47ad11c4f3f90035873aa96616925e5cea0af242fb8","https://stat.link/mrq53f"
"Sweden","reading",2012,483.33501,3.00269,"I.B1.2a.37","J92","K92","14e958538fc68dc4bf25b47ad11c4f3f90035873aa96616925e5cea0af242fb8","https://stat.link/mrq53f"
"Switzerland","reading",2012,509.04025,2.56536,"I.B1.2a.37","J93","K93","14e958538fc68dc4bf25b47ad11c4f3f90035873aa96616925e5cea0af242fb8","https://stat.link/mrq53f"
"Chinese Taipei","reading",2012,523.1189,3.02921,"I.B1.2a.37","J94","K94","14e958538fc68dc4bf25b47ad11c4f3f90035873aa96616925e5cea0af242fb8","https://stat.link/mrq53f"
"Thailand","reading",2012,441.21993,3.0835,"I.B1.2a.37","J95","K95","14e958538fc68dc4bf25b47ad11c4f3f90035873aa96616925e5cea0af242fb8","https://stat.link/mrq53f"
"Türkiye","reading",2012,475.49147,4.21462,"I.B1.2a.37","J96","K96","14e958538fc68dc4bf25b47ad11c4f3f90035873aa96616925e5cea0af242fb8","https://stat.link/mrq53f"
"Ukrainian regions (17 of 27)","reading",2012,__R_MISSING_VALUE_7__,__R_MISSING_VALUE_7__,"I.B1.2a.37","J97","K97","14e958538fc68dc4bf25b47ad11c4f3f90035873aa96616925e5cea0af242fb8","https://stat.link/mrq53f"
"United Arab Emirates","reading",2012,441.70374,2.49623,"I.B1.2a.37","J98","K98","14e958538fc68dc4bf25b47ad11c4f3f90035873aa96616925e5cea0af242fb8","https://stat.link/mrq53f"
"United Kingdom","reading",2012,499.32312,3.49998,"I.B1.2a.37","J99","K99","14e958538fc68dc4bf25b47ad11c4f3f90035873aa96616925e5cea0af242fb8","https://stat.link/mrq53f"
"United States*","reading",2012,497.58172,3.74392,"I.B1.2a.37","J100","K100","14e958538fc68dc4bf25b47ad11c4f3f90035873aa96616925e5cea0af242fb8","https://stat.link/mrq53f"
"Uruguay","reading",2012,411.34892,3.15512,"I.B1.2a.37","J101","K101","14e958538fc68dc4bf25b47ad11c4f3f90035873aa96616925e5cea0af242fb8","https://stat.link/mrq53f"
"Uzbekistan","reading",2012,__R_MISSING_VALUE_7__,__R_MISSING_VALUE_7__,"I.B1.2a.37","J102","K102","14e958538fc68dc4bf25b47ad11c4f3f90035873aa96616925e5cea0af242fb8","https://stat.link/mrq53f"
"Viet Nam","reading",2012,__R_MISSING_VALUE_7__,__R_MISSING_VALUE_7__,"I.B1.2a.37","J103","K103","14e958538fc68dc4bf25b47ad11c4f3f90035873aa96616925e5cea0af242fb8","https://stat.link/mrq53f"
"Zambia","reading",2012,__R_MISSING_VALUE_7__,__R_MISSING_VALUE_7__,"I.B1.2a.37","J104","K104","14e958538fc68dc4bf25b47ad11c4f3f90035873aa96616925e5cea0af242fb8","https://stat.link/mrq53f"
"Albania*","reading",2012,393.96425,3.1958,"I.B1.2a.37","J106","K106","14e958538fc68dc4bf25b47ad11c4f3f90035873aa96616925e5cea0af242fb8","https://stat.link/mrq53f"
"OECD average","reading",2015,488.52661,0.4459,"I.B1.2a.37","L10","M10","14e958538fc68dc4bf25b47ad11c4f3f90035873aa96616925e5cea0af242fb8","https://stat.link/mrq53f"
"OECD average-23","reading",2015,497.24891,0.56933,"I.B1.2a.37","L11","M11","14e958538fc68dc4bf25b47ad11c4f3f90035873aa96616925e5cea0af242fb8","https://stat.link/mrq53f"
"OECD average-35","reading",2015,490.27166,0.47165,"I.B1.2a.37","L12","M12","14e958538fc68dc4bf25b47ad11c4f3f90035873aa96616925e5cea0af242fb8","https://stat.link/mrq53f"
"Argentina","reading",2015,__R_MISSING_VALUE_7__,__R_MISSING_VALUE_7__,"I.B1.2a.37","L15","M15","14e958538fc68dc4bf25b47ad11c4f3f90035873aa96616925e5cea0af242fb8","https://stat.link/mrq53f"
"Armenia","reading",2015,__R_MISSING_VALUE_7__,__R_MISSING_VALUE_7__,"I.B1.2a.37","L16","M16","14e958538fc68dc4bf25b47ad11c4f3f90035873aa96616925e5cea0af242fb8","https://stat.link/mrq53f"
"Australia","reading",2015,502.90056,1.69089,"I.B1.2a.37","L17","M17","14e958538fc68dc4bf25b47ad11c4f3f90035873aa96616925e5cea0af242fb8","https://stat.link/mrq53f"
"Austria","reading",2015,484.8656,2.83528,"I.B1.2a.37","L18","M18","14e958538fc68dc4bf25b47ad11c4f3f90035873aa96616925e5cea0af242fb8","https://stat.link/mrq53f"
"Azerbaijan","reading",2015,__R_MISSING_VALUE_7__,__R_MISSING_VALUE_7__,"I.B1.2a.37","L19","M19","14e958538fc68dc4bf25b47ad11c4f3f90035873aa96616925e5cea0af242fb8","https://stat.link/mrq53f"
"Belgium","reading",2015,498.52419,2.41571,"I.B1.2a.37","L20","M20","14e958538fc68dc4bf25b47ad11c4f3f90035873aa96616925e5cea0af242fb8","https://stat.link/mrq53f"
"Brazil","reading",2015,407.34859,2.75016,"I.B1.2a.37","L21","M21","14e958538fc68dc4bf25b47ad11c4f3f90035873aa96616925e5cea0af242fb8","https://stat.link/mrq53f"
"Brunei Darussalam","reading",2015,__R_MISSING_VALUE_7__,__R_MISSING_VALUE_7__,"I.B1.2a.37","L22","M22","14e958538fc68dc4bf25b47ad11c4f3f90035873aa96616925e5cea0af242fb8","https://stat.link/mrq53f"
"B-S-J-Z (China)","reading",2015,__R_MISSING_VALUE_7__,__R_MISSING_VALUE_7__,"I.B1.2a.37","L23","M23","14e958538fc68dc4bf25b47ad11c4f3f90035873aa96616925e5cea0af242fb8","https://stat.link/mrq53f"
"Bulgaria","reading",2015,431.71753,4.99771,"I.B1.2a.37","L24","M24","14e958538fc68dc4bf25b47ad11c4f3f90035873aa96616925e5cea0af242fb8","https://stat.link/mrq53f"
"Cambodia","reading",2015,__R_MISSING_VALUE_7__,__R_MISSING_VALUE_7__,"I.B1.2a.37","L25","M25","14e958538fc68dc4bf25b47ad11c4f3f90035873aa96616925e5cea0af242fb8","https://stat.link/mrq53f"
"Canada*","reading",2015,526.66781,2.30094,"I.B1.2a.37","L26","M26","14e958538fc68dc4bf25b47ad11c4f3f90035873aa96616925e5cea0af242fb8","https://stat.link/mrq53f"
"Chile","reading",2015,458.57088,2.58488,"I.B1.2a.37","L27","M27","14e958538fc68dc4bf25b47ad11c4f3f90035873aa96616925e5cea0af242fb8","https://stat.link/mrq53f"
"Colombia","reading",2015,424.90517,2.94469,"I.B1.2a.37","L28","M28","14e958538fc68dc4bf25b47ad11c4f3f90035873aa96616925e5cea0af242fb8","https://stat.link/mrq53f"
"Costa Rica","reading",2015,427.48755,2.63498,"I.B1.2a.37","L29","M29","14e958538fc68dc4bf25b47ad11c4f3f90035873aa96616925e5cea0af242fb8","https://stat.link/mrq53f"
"Croatia","reading",2015,486.86319,2.67682,"I.B1.2a.37","L30","M30","14e958538fc68dc4bf25b47ad11c4f3f90035873aa96616925e5cea0af242fb8","https://stat.link/mrq53f"
"Cyprus","reading",2015,442.83143,1.65871,"I.B1.2a.37","L31","M31","14e958538fc68dc4bf25b47ad11c4f3f90035873aa96616925e5cea0af242fb8","https://stat.link/mrq53f"
"Czechia","reading",2015,487.25014,2.59971,"I.B1.2a.37","L32","M32","14e958538fc68dc4bf25b47ad11c4f3f90035873aa96616925e5cea0af242fb8","https://stat.link/mrq53f"
"Denmark","reading",2015,499.81458,2.54455,"I.B1.2a.37","L33","M33","14e958538fc68dc4bf25b47ad11c4f3f90035873aa96616925e5cea0af242fb8","https://stat.link/mrq53f"
"Dominican Republic","reading",2015,357.7377,3.05349,"I.B1.2a.37","L34","M34","14e958538fc68dc4bf25b47ad11c4f3f90035873aa96616925e5cea0af242fb8","https://stat.link/mrq53f"
"Dushanbe (Tajikistan)","reading",2015,__R_MISSING_VALUE_7__,__R_MISSING_VALUE_7__,"I.B1.2a.37","L35","M35","14e958538fc68dc4bf25b47ad11c4f3f90035873aa96616925e5cea0af242fb8","https://stat.link/mrq53f"
"Ecuador","reading",2015,__R_MISSING_VALUE_7__,__R_MISSING_VALUE_7__,"I.B1.2a.37","L36","M36","14e958538fc68dc4bf25b47ad11c4f3f90035873aa96616925e5cea0af242fb8","https://stat.link/mrq53f"
"El Salvador","reading",2015,__R_MISSING_VALUE_7__,__R_MISSING_VALUE_7__,"I.B1.2a.37","L37","M37","14e958538fc68dc4bf25b47ad11c4f3f90035873aa96616925e5cea0af242fb8","https://stat.link/mrq53f"
"Estonia","reading",2015,519.14285,2.21769,"I.B1.2a.37","L38","M38","14e958538fc68dc4bf25b47ad11c4f3f90035873aa96616925e5cea0af242fb8","https://stat.link/mrq53f"
"Finland","reading",2015,526.42475,2.54658,"I.B1.2a.37","L39","M39","14e958538fc68dc4bf25b47ad11c4f3f90035873aa96616925e5cea0af242fb8","https://stat.link/mrq53f"
"France","reading",2015,499.30614,2.50702,"I.B1.2a.37","L40","M40","14e958538fc68dc4bf25b47ad11c4f3f90035873aa96616925e5cea0af242fb8","https://stat.link/mrq53f"
"Georgia","reading",2015,401.28814,2.95767,"I.B1.2a.37","L41","M41","14e958538fc68dc4bf25b47ad11c4f3f90035873aa96616925e5cea0af242fb8","https://stat.link/mrq53f"
"Germany","reading",2015,509.10414,3.01849,"I.B1.2a.37","L42","M42","14e958538fc68dc4bf25b47ad11c4f3f90035873aa96616925e5cea0af242fb8","https://stat.link/mrq53f"
"Greece","reading",2015,467.03954,4.3387,"I.B1.2a.37","L43","M43","14e958538fc68dc4bf25b47ad11c4f3f90035873aa96616925e5cea0af242fb8","https://stat.link/mrq53f"
"Guatemala","reading",2015,__R_MISSING_VALUE_7__,__R_MISSING_VALUE_7__,"I.B1.2a.37","L44","M44","14e958538fc68dc4bf25b47ad11c4f3f90035873aa96616925e5cea0af242fb8","https://stat.link/mrq53f"
"Hong Kong (China)","reading",2015,526.67534,2.68851,"I.B1.2a.37","L45","M45","14e958538fc68dc4bf25b47ad11c4f3f90035873aa96616925e5cea0af242fb8","https://stat.link/mrq53f"
"Hungary","reading",2015,469.52326,2.65905,"I.B1.2a.37","L46","M46","14e958538fc68dc4bf25b47ad11c4f3f90035873aa96616925e5cea0af242fb8","https://stat.link/mrq53f"
"Iceland","reading",2015,481.52554,1.98496,"I.B1.2a.37","L47","M47","14e958538fc68dc4bf25b47ad11c4f3f90035873aa96616925e5cea0af242fb8","https://stat.link/mrq53f"
"Indonesia","reading",2015,397.25949,2.86584,"I.B1.2a.37","L48","M48","14e958538fc68dc4bf25b47ad11c4f3f90035873aa96616925e5cea0af242fb8","https://stat.link/mrq53f"
"Ireland","reading",2015,520.81484,2.46605,"I.B1.2a.37","L49","M49","14e958538fc68dc4bf25b47ad11c4f3f90035873aa96616925e5cea0af242fb8","https://stat.link/mrq53f"
"Israel","reading",2015,478.96064,3.77659,"I.B1.2a.37","L50","M50","14e958538fc68dc4bf25b47ad11c4f3f90035873aa96616925e5cea0af242fb8","https://stat.link/mrq53f"
"Italy","reading",2015,484.758,2.6814,"I.B1.2a.37","L51","M51","14e958538fc68dc4bf25b47ad11c4f3f90035873aa96616925e5cea0af242fb8","https://stat.link/mrq53f"
"Japan","reading",2015,515.95848,3.19721,"I.B1.2a.37","L52","M52","14e958538fc68dc4bf25b47ad11c4f3f90035873aa96616925e5cea0af242fb8","https://stat.link/mrq53f"
"Jordan","reading",2015,__R_MISSING_VALUE_7__,__R_MISSING_VALUE_7__,"I.B1.2a.37","L53","M53","14e958538fc68dc4bf25b47ad11c4f3f90035873aa96616925e5cea0af242fb8","https://stat.link/mrq53f"
"Kazakhstan","reading",2015,__R_MISSING_VALUE_7__,__R_MISSING_VALUE_7__,"I.B1.2a.37","L54","M54","14e958538fc68dc4bf25b47ad11c4f3f90035873aa96616925e5cea0af242fb8","https://stat.link/mrq53f"
"Kenya","reading",2015,__R_MISSING_VALUE_7__,__R_MISSING_VALUE_7__,"I.B1.2a.37","L55","M55","14e958538fc68dc4bf25b47ad11c4f3f90035873aa96616925e5cea0af242fb8","https://stat.link/mrq53f"
"Korea","reading",2015,517.43671,3.50472,"I.B1.2a.37","L56","M56","14e958538fc68dc4bf25b47ad11c4f3f90035873aa96616925e5cea0af242fb8","https://stat.link/mrq53f"
"Kosovo","reading",2015,347.1259,1.56898,"I.B1.2a.37","L57","M57","14e958538fc68dc4bf25b47ad11c4f3f90035873aa96616925e5cea0af242fb8","https://stat.link/mrq53f"
"Kurdistan Region (Iraq)","reading",2015,__R_MISSING_VALUE_7__,__R_MISSING_VALUE_7__,"I.B1.2a.37","L58","M58","14e958538fc68dc4bf25b47ad11c4f3f90035873aa96616925e5cea0af242fb8","https://stat.link/mrq53f"
"Kyrgyzstan","reading",2015,__R_MISSING_VALUE_7__,__R_MISSING_VALUE_7__,"I.B1.2a.37","L59","M59","14e958538fc68dc4bf25b47ad11c4f3f90035873aa96616925e5cea0af242fb8","https://stat.link/mrq53f"
"Latvia","reading",2015,487.7581,1.80203,"I.B1.2a.37","L60","M60","14e958538fc68dc4bf25b47ad11c4f3f90035873aa96616925e5cea0af242fb8","https://stat.link/mrq53f"
"Lebanon","reading",2015,346.54898,4.41356,"I.B1.2a.37","L61","M61","14e958538fc68dc4bf25b47ad11c4f3f90035873aa96616925e5cea0af242fb8","https://stat.link/mrq53f"
"Lithuania","reading",2015,472.40655,2.73593,"I.B1.2a.37","L62","M62","14e958538fc68dc4bf25b47ad11c4f3f90035873aa96616925e5cea0af242fb8","https://stat.link/mrq53f"
"Luxembourg","reading",2015,481.4391,1.44144,"I.B1.2a.37","L63","M63","14e958538fc68dc4bf25b47ad11c4f3f90035873aa96616925e5cea0af242fb8","https://stat.link/mrq53f"
"Macao (China)","reading",2015,508.69052,1.25069,"I.B1.2a.37","L64","M64","14e958538fc68dc4bf25b47ad11c4f3f90035873aa96616925e5cea0af242fb8","https://stat.link/mrq53f"
"Malaysia","reading",2015,__R_MISSING_VALUE_7__,__R_MISSING_VALUE_7__,"I.B1.2a.37","L65","M65","14e958538fc68dc4bf25b47ad11c4f3f90035873aa96616925e5cea0af242fb8","https://stat.link/mrq53f"
"Malta","reading",2015,446.66614,1.77879,"I.B1.2a.37","L66","M66","14e958538fc68dc4bf25b47ad11c4f3f90035873aa96616925e5cea0af242fb8","https://stat.link/mrq53f"
"Mauritius","reading",2015,__R_MISSING_VALUE_7__,__R_MISSING_VALUE_7__,"I.B1.2a.37","L67","M67","14e958538fc68dc4bf25b47ad11c4f3f90035873aa96616925e5cea0af242fb8","https://stat.link/mrq53f"
"Mexico","reading",2015,423.27648,2.58361,"I.B1.2a.37","L68","M68","14e958538fc68dc4bf25b47ad11c4f3f90035873aa96616925e5cea0af242fb8","https://stat.link/mrq53f"
"Moldova","reading",2015,416.22926,2.51747,"I.B1.2a.37","L69","M69","14e958538fc68dc4bf25b47ad11c4f3f90035873aa96616925e5cea0af242fb8","https://stat.link/mrq53f"
"Mongolia","reading",2015,__R_MISSING_VALUE_7__,__R_MISSING_VALUE_7__,"I.B1.2a.37","L70","M70","14e958538fc68dc4bf25b47ad11c4f3f90035873aa96616925e5cea0af242fb8","https://stat.link/mrq53f"
"Montenegro","reading",2015,426.88448,1.57886,"I.B1.2a.37","L71","M71","14e958538fc68dc4bf25b47ad11c4f3f90035873aa96616925e5cea0af242fb8","https://stat.link/mrq53f"
"Morocco","reading",2015,__R_MISSING_VALUE_7__,__R_MISSING_VALUE_7__,"I.B1.2a.37","L72","M72","14e958538fc68dc4bf25b47ad11c4f3f90035873aa96616925e5cea0af242fb8","https://stat.link/mrq53f"
"Netherlands*","reading",2015,502.95905,2.41174,"I.B1.2a.37","L73","M73","14e958538fc68dc4bf25b47ad11c4f3f90035873aa96616925e5cea0af242fb8","https://stat.link/mrq53f"
"New Zealand*","reading",2015,509.27071,2.40468,"I.B1.2a.37","L74","M74","14e958538fc68dc4bf25b47ad11c4f3f90035873aa96616925e5cea0af242fb8","https://stat.link/mrq53f"
"North Macedonia","reading",2015,351.74155,1.4082,"I.B1.2a.37","L75","M75","14e958538fc68dc4bf25b47ad11c4f3f90035873aa96616925e5cea0af242fb8","https://stat.link/mrq53f"
"Norway*","reading",2015,513.19117,2.50933,"I.B1.2a.37","L76","M76","14e958538fc68dc4bf25b47ad11c4f3f90035873aa96616925e5cea0af242fb8","https://stat.link/mrq53f"
"Palestinian Authority","reading",2015,__R_MISSING_VALUE_7__,__R_MISSING_VALUE_7__,"I.B1.2a.37","L77","M77","14e958538fc68dc4bf25b47ad11c4f3f90035873aa96616925e5cea0af242fb8","https://stat.link/mrq53f"
"Paraguay","reading",2015,__R_MISSING_VALUE_7__,__R_MISSING_VALUE_7__,"I.B1.2a.37","L78","M78","14e958538fc68dc4bf25b47ad11c4f3f90035873aa96616925e5cea0af242fb8","https://stat.link/mrq53f"
"Peru","reading",2015,397.54144,2.88703,"I.B1.2a.37","L79","M79","14e958538fc68dc4bf25b47ad11c4f3f90035873aa96616925e5cea0af242fb8","https://stat.link/mrq53f"
"Philippines","reading",2015,__R_MISSING_VALUE_7__,__R_MISSING_VALUE_7__,"I.B1.2a.37","L80","M80","14e958538fc68dc4bf25b47ad11c4f3f90035873aa96616925e5cea0af242fb8","https://stat.link/mrq53f"
"Poland","reading",2015,505.69707,2.48475,"I.B1.2a.37","L81","M81","14e958538fc68dc4bf25b47ad11c4f3f90035873aa96616925e5cea0af242fb8","https://stat.link/mrq53f"
"Portugal","reading",2015,498.12891,2.69356,"I.B1.2a.37","L82","M82","14e958538fc68dc4bf25b47ad11c4f3f90035873aa96616925e5cea0af242fb8","https://stat.link/mrq53f"
"Qatar","reading",2015,401.88733,1.01914,"I.B1.2a.37","L83","M83","14e958538fc68dc4bf25b47ad11c4f3f90035873aa96616925e5cea0af242fb8","https://stat.link/mrq53f"
"Romania","reading",2015,433.6166,4.06745,"I.B1.2a.37","L84","M84","14e958538fc68dc4bf25b47ad11c4f3f90035873aa96616925e5cea0af242fb8","https://stat.link/mrq53f"
"Rwanda","reading",2015,__R_MISSING_VALUE_7__,__R_MISSING_VALUE_7__,"I.B1.2a.37","L85","M85","14e958538fc68dc4bf25b47ad11c4f3f90035873aa96616925e5cea0af242fb8","https://stat.link/mrq53f"
"Saudi Arabia","reading",2015,__R_MISSING_VALUE_7__,__R_MISSING_VALUE_7__,"I.B1.2a.37","L86","M86","14e958538fc68dc4bf25b47ad11c4f3f90035873aa96616925e5cea0af242fb8","https://stat.link/mrq53f"
"Serbia","reading",2015,__R_MISSING_VALUE_7__,__R_MISSING_VALUE_7__,"I.B1.2a.37","L87","M87","14e958538fc68dc4bf25b47ad11c4f3f90035873aa96616925e5cea0af242fb8","https://stat.link/mrq53f"
"Singapore","reading",2015,535.10015,1.63497,"I.B1.2a.37","L88","M88","14e958538fc68dc4bf25b47ad11c4f3f90035873aa96616925e5cea0af242fb8","https://stat.link/mrq53f"
"Slovak Republic","reading",2015,452.51434,2.8282,"I.B1.2a.37","L89","M89","14e958538fc68dc4bf25b47ad11c4f3f90035873aa96616925e5cea0af242fb8","https://stat.link/mrq53f"
"Slovenia","reading",2015,505.21588,1.4729,"I.B1.2a.37","L90","M90","14e958538fc68dc4bf25b47ad11c4f3f90035873aa96616925e5cea0af242fb8","https://stat.link/mrq53f"
"Spain","reading",2015,495.57644,2.36376,"I.B1.2a.37","L91","M91","14e958538fc68dc4bf25b47ad11c4f3f90035873aa96616925e5cea0af242fb8","https://stat.link/mrq53f"
"Sweden","reading",2015,500.15561,3.4834,"I.B1.2a.37","L92","M92","14e958538fc68dc4bf25b47ad11c4f3f90035873aa96616925e5cea0af242fb8","https://stat.link/mrq53f"
"Switzerland","reading",2015,492.19823,3.03102,"I.B1.2a.37","L93","M93","14e958538fc68dc4bf25b47ad11c4f3f90035873aa96616925e5cea0af242fb8","https://stat.link/mrq53f"
"Chinese Taipei","reading",2015,497.09909,2.49674,"I.B1.2a.37","L94","M94","14e958538fc68dc4bf25b47ad11c4f3f90035873aa96616925e5cea0af242fb8","https://stat.link/mrq53f"
"Thailand","reading",2015,409.13012,3.34888,"I.B1.2a.37","L95","M95","14e958538fc68dc4bf25b47ad11c4f3f90035873aa96616925e5cea0af242fb8","https://stat.link/mrq53f"
"Türkiye","reading",2015,428.33509,3.96406,"I.B1.2a.37","L96","M96","14e958538fc68dc4bf25b47ad11c4f3f90035873aa96616925e5cea0af242fb8","https://stat.link/mrq53f"
"Ukrainian regions (17 of 27)","reading",2015,__R_MISSING_VALUE_7__,__R_MISSING_VALUE_7__,"I.B1.2a.37","L97","M97","14e958538fc68dc4bf25b47ad11c4f3f90035873aa96616925e5cea0af242fb8","https://stat.link/mrq53f"
"United Arab Emirates","reading",2015,433.54229,2.87055,"I.B1.2a.37","L98","M98","14e958538fc68dc4bf25b47ad11c4f3f90035873aa96616925e5cea0af242fb8","https://stat.link/mrq53f"
"United Kingdom","reading",2015,497.97193,2.76938,"I.B1.2a.37","L99","M99","14e958538fc68dc4bf25b47ad11c4f3f90035873aa96616925e5cea0af242fb8","https://stat.link/mrq53f"
"United States*","reading",2015,496.9351,3.40748,"I.B1.2a.37","L100","M100","14e958538fc68dc4bf25b47ad11c4f3f90035873aa96616925e5cea0af242fb8","https://stat.link/mrq53f"
"Uruguay","reading",2015,436.57213,2.54986,"I.B1.2a.37","L101","M101","14e958538fc68dc4bf25b47ad11c4f3f90035873aa96616925e5cea0af242fb8","https://stat.link/mrq53f"
"Uzbekistan","reading",2015,__R_MISSING_VALUE_7__,__R_MISSING_VALUE_7__,"I.B1.2a.37","L102","M102","14e958538fc68dc4bf25b47ad11c4f3f90035873aa96616925e5cea0af242fb8","https://stat.link/mrq53f"
"Viet Nam","reading",2015,__R_MISSING_VALUE_7__,__R_MISSING_VALUE_7__,"I.B1.2a.37","L103","M103","14e958538fc68dc4bf25b47ad11c4f3f90035873aa96616925e5cea0af242fb8","https://stat.link/mrq53f"
"Zambia","reading",2015,__R_MISSING_VALUE_7__,__R_MISSING_VALUE_7__,"I.B1.2a.37","L104","M104","14e958538fc68dc4bf25b47ad11c4f3f90035873aa96616925e5cea0af242fb8","https://stat.link/mrq53f"
"Albania*","reading",2015,405.25876,4.13018,"I.B1.2a.37","L106","M106","14e958538fc68dc4bf25b47ad11c4f3f90035873aa96616925e5cea0af242fb8","https://stat.link/mrq53f"
"OECD average","reading",2018,__R_MISSING_VALUE_7__,__R_MISSING_VALUE_7__,"I.B1.2a.37","N10","O10","14e958538fc68dc4bf25b47ad11c4f3f90035873aa96616925e5cea0af242fb8","https://stat.link/mrq53f"
"OECD average-23","reading",2018,492.83733,0.51448,"I.B1.2a.37","N11","O11","14e958538fc68dc4bf25b47ad11c4f3f90035873aa96616925e5cea0af242fb8","https://stat.link/mrq53f"
"OECD average-35","reading",2018,487.61573,0.42541,"I.B1.2a.37","N12","O12","14e958538fc68dc4bf25b47ad11c4f3f90035873aa96616925e5cea0af242fb8","https://stat.link/mrq53f"
"Argentina","reading",2018,401.50311,2.97704,"I.B1.2a.37","N15","O15","14e958538fc68dc4bf25b47ad11c4f3f90035873aa96616925e5cea0af242fb8","https://stat.link/mrq53f"
"Armenia","reading",2018,__R_MISSING_VALUE_7__,__R_MISSING_VALUE_7__,"I.B1.2a.37","N16","O16","14e958538fc68dc4bf25b47ad11c4f3f90035873aa96616925e5cea0af242fb8","https://stat.link/mrq53f"
"Australia","reading",2018,502.63172,1.63434,"I.B1.2a.37","N17","O17","14e958538fc68dc4bf25b47ad11c4f3f90035873aa96616925e5cea0af242fb8","https://stat.link/mrq53f"
"Austria","reading",2018,484.39257,2.69747,"I.B1.2a.37","N18","O18","14e958538fc68dc4bf25b47ad11c4f3f90035873aa96616925e5cea0af242fb8","https://stat.link/mrq53f"
"Azerbaijan","reading",2018,__R_MISSING_VALUE_7__,__R_MISSING_VALUE_7__,"I.B1.2a.37","N19","O19","14e958538fc68dc4bf25b47ad11c4f3f90035873aa96616925e5cea0af242fb8","https://stat.link/mrq53f"
"Belgium","reading",2018,492.86444,2.32197,"I.B1.2a.37","N20","O20","14e958538fc68dc4bf25b47ad11c4f3f90035873aa96616925e5cea0af242fb8","https://stat.link/mrq53f"
"Brazil","reading",2018,412.87332,2.11098,"I.B1.2a.37","N21","O21","14e958538fc68dc4bf25b47ad11c4f3f90035873aa96616925e5cea0af242fb8","https://stat.link/mrq53f"
"Brunei Darussalam","reading",2018,408.06994,0.89777,"I.B1.2a.37","N22","O22","14e958538fc68dc4bf25b47ad11c4f3f90035873aa96616925e5cea0af242fb8","https://stat.link/mrq53f"
"B-S-J-Z (China)","reading",2018,555.23624,2.7452,"I.B1.2a.37","N23","O23","14e958538fc68dc4bf25b47ad11c4f3f90035873aa96616925e5cea0af242fb8","https://stat.link/mrq53f"
"Bulgaria","reading",2018,419.84401,3.91258,"I.B1.2a.37","N24","O24","14e958538fc68dc4bf25b47ad11c4f3f90035873aa96616925e5cea0af242fb8","https://stat.link/mrq53f"
"Cambodia","reading",2018,321.03412,2.06637,"I.B1.2a.37","N25","O25","14e958538fc68dc4bf25b47ad11c4f3f90035873aa96616925e5cea0af242fb8","https://stat.link/mrq53f"
"Canada*","reading",2018,520.08552,1.79972,"I.B1.2a.37","N26","O26","14e958538fc68dc4bf25b47ad11c4f3f90035873aa96616925e5cea0af242fb8","https://stat.link/mrq53f"
"Chile","reading",2018,452.27255,2.64377,"I.B1.2a.37","N27","O27","14e958538fc68dc4bf25b47ad11c4f3f90035873aa96616925e5cea0af242fb8","https://stat.link/mrq53f"
"Colombia","reading",2018,412.29509,3.25134,"I.B1.2a.37","N28","O28","14e958538fc68dc4bf25b47ad11c4f3f90035873aa96616925e5cea0af242fb8","https://stat.link/mrq53f"
"Costa Rica","reading",2018,426.49823,3.42031,"I.B1.2a.37","N29","O29","14e958538fc68dc4bf25b47ad11c4f3f90035873aa96616925e5cea0af242fb8","https://stat.link/mrq53f"
"Croatia","reading",2018,478.98915,2.66851,"I.B1.2a.37","N30","O30","14e958538fc68dc4bf25b47ad11c4f3f90035873aa96616925e5cea0af242fb8","https://stat.link/mrq53f"
"Cyprus","reading",2018,424.35825,1.36843,"I.B1.2a.37","N31","O31","14e958538fc68dc4bf25b47ad11c4f3f90035873aa96616925e5cea0af242fb8","https://stat.link/mrq53f"
"Czechia","reading",2018,490.21882,2.54785,"I.B1.2a.37","N32","O32","14e958538fc68dc4bf25b47ad11c4f3f90035873aa96616925e5cea0af242fb8","https://stat.link/mrq53f"
"Denmark","reading",2018,501.12993,1.79546,"I.B1.2a.37","N33","O33","14e958538fc68dc4bf25b47ad11c4f3f90035873aa96616925e5cea0af242fb8","https://stat.link/mrq53f"
"Dominican Republic","reading",2018,341.62562,2.86374,"I.B1.2a.37","N34","O34","14e958538fc68dc4bf25b47ad11c4f3f90035873aa96616925e5cea0af242fb8","https://stat.link/mrq53f"
"Dushanbe (Tajikistan)","reading",2018,__R_MISSING_VALUE_7__,__R_MISSING_VALUE_7__,"I.B1.2a.37","N35","O35","14e958538fc68dc4bf25b47ad11c4f3f90035873aa96616925e5cea0af242fb8","https://stat.link/mrq53f"
"Ecuador","reading",2018,408.90244,3.39568,"I.B1.2a.37","N36","O36","14e958538fc68dc4bf25b47ad11c4f3f90035873aa96616925e5cea0af242fb8","https://stat.link/mrq53f"
"El Salvador","reading",2018,__R_MISSING_VALUE_7__,__R_MISSING_VALUE_7__,"I.B1.2a.37","N37","O37","14e958538fc68dc4bf25b47ad11c4f3f90035873aa96616925e5cea0af242fb8","https://stat.link/mrq53f"
"Estonia","reading",2018,523.01702,1.84224,"I.B1.2a.37","N38","O38","14e958538fc68dc4bf25b47ad11c4f3f90035873aa96616925e5cea0af242fb8","https://stat.link/mrq53f"
"Finland","reading",2018,520.07875,2.3071,"I.B1.2a.37","N39","O39","14e958538fc68dc4bf25b47ad11c4f3f90035873aa96616925e5cea0af242fb8","https://stat.link/mrq53f"
"France","reading",2018,492.60648,2.32098,"I.B1.2a.37","N40","O40","14e958538fc68dc4bf25b47ad11c4f3f90035873aa96616925e5cea0af242fb8","https://stat.link/mrq53f"
"Georgia","reading",2018,379.75254,2.16133,"I.B1.2a.37","N41","O41","14e958538fc68dc4bf25b47ad11c4f3f90035873aa96616925e5cea0af242fb8","https://stat.link/mrq53f"
"Germany","reading",2018,498.27926,3.02541,"I.B1.2a.37","N42","O42","14e958538fc68dc4bf25b47ad11c4f3f90035873aa96616925e5cea0af242fb8","https://stat.link/mrq53f"
"Greece","reading",2018,457.41439,3.621,"I.B1.2a.37","N43","O43","14e958538fc68dc4bf25b47ad11c4f3f90035873aa96616925e5cea0af242fb8","https://stat.link/mrq53f"
"Guatemala","reading",2018,368.76922,3.504,"I.B1.2a.37","N44","O44","14e958538fc68dc4bf25b47ad11c4f3f90035873aa96616925e5cea0af242fb8","https://stat.link/mrq53f"
"Hong Kong (China)","reading",2018,524.28312,2.73171,"I.B1.2a.37","N45","O45","14e958538fc68dc4bf25b47ad11c4f3f90035873aa96616925e5cea0af242fb8","https://stat.link/mrq53f"
"Hungary","reading",2018,475.98667,2.25096,"I.B1.2a.37","N46","O46","14e958538fc68dc4bf25b47ad11c4f3f90035873aa96616925e5cea0af242fb8","https://stat.link/mrq53f"
"Iceland","reading",2018,473.97432,1.74151,"I.B1.2a.37","N47","O47","14e958538fc68dc4bf25b47ad11c4f3f90035873aa96616925e5cea0af242fb8","https://stat.link/mrq53f"
"Indonesia","reading",2018,370.96538,2.5591,"I.B1.2a.37","N48","O48","14e958538fc68dc4bf25b47ad11c4f3f90035873aa96616925e5cea0af242fb8","https://stat.link/mrq53f"
"Ireland","reading",2018,518.07846,2.24448,"I.B1.2a.37","N49","O49","14e958538fc68dc4bf25b47ad11c4f3f90035873aa96616925e5cea0af242fb8","https://stat.link/mrq53f"
"Israel","reading",2018,470.41518,3.67099,"I.B1.2a.37","N50","O50","14e958538fc68dc4bf25b47ad11c4f3f90035873aa96616925e5cea0af242fb8","https://stat.link/mrq53f"
"Italy","reading",2018,476.28468,2.43891,"I.B1.2a.37","N51","O51","14e958538fc68dc4bf25b47ad11c4f3f90035873aa96616925e5cea0af242fb8","https://stat.link/mrq53f"
"Japan","reading",2018,503.85604,2.67097,"I.B1.2a.37","N52","O52","14e958538fc68dc4bf25b47ad11c4f3f90035873aa96616925e5cea0af242fb8","https://stat.link/mrq53f"
"Jordan","reading",2018,__R_MISSING_VALUE_7__,__R_MISSING_VALUE_7__,"I.B1.2a.37","N53","O53","14e958538fc68dc4bf25b47ad11c4f3f90035873aa96616925e5cea0af242fb8","https://stat.link/mrq53f"
"Kazakhstan","reading",2018,386.90927,1.46052,"I.B1.2a.37","N54","O54","14e958538fc68dc4bf25b47ad11c4f3f90035873aa96616925e5cea0af242fb8","https://stat.link/mrq53f"
"Kenya","reading",2018,__R_MISSING_VALUE_7__,__R_MISSING_VALUE_7__,"I.B1.2a.37","N55","O55","14e958538fc68dc4bf25b47ad11c4f3f90035873aa96616925e5cea0af242fb8","https://stat.link/mrq53f"
"Korea","reading",2018,514.05229,2.94054,"I.B1.2a.37","N56","O56","14e958538fc68dc4bf25b47ad11c4f3f90035873aa96616925e5cea0af242fb8","https://stat.link/mrq53f"
"Kosovo","reading",2018,353.06543,1.14034,"I.B1.2a.37","N57","O57","14e958538fc68dc4bf25b47ad11c4f3f90035873aa96616925e5cea0af242fb8","https://stat.link/mrq53f"
"Kurdistan Region (Iraq)","reading",2018,__R_MISSING_VALUE_7__,__R_MISSING_VALUE_7__,"I.B1.2a.37","N58","O58","14e958538fc68dc4bf25b47ad11c4f3f90035873aa96616925e5cea0af242fb8","https://stat.link/mrq53f"
"Kyrgyzstan","reading",2018,__R_MISSING_VALUE_7__,__R_MISSING_VALUE_7__,"I.B1.2a.37","N59","O59","14e958538fc68dc4bf25b47ad11c4f3f90035873aa96616925e5cea0af242fb8","https://stat.link/mrq53f"
"Latvia","reading",2018,478.69867,1.61686,"I.B1.2a.37","N60","O60","14e958538fc68dc4bf25b47ad11c4f3f90035873aa96616925e5cea0af242fb8","https://stat.link/mrq53f"
"Lebanon","reading",2018,353.35532,4.31799,"I.B1.2a.37","N61","O61","14e958538fc68dc4bf25b47ad11c4f3f90035873aa96616925e5cea0af242fb8","https://stat.link/mrq53f"
"Lithuania","reading",2018,475.87348,1.51828,"I.B1.2a.37","N62","O62","14e958538fc68dc4bf25b47ad11c4f3f90035873aa96616925e5cea0af242fb8","https://stat.link/mrq53f"
"Luxembourg","reading",2018,469.98539,1.12589,"I.B1.2a.37","N63","O63","14e958538fc68dc4bf25b47ad11c4f3f90035873aa96616925e5cea0af242fb8","https://stat.link/mrq53f"
"Macao (China)","reading",2018,525.11617,1.22715,"I.B1.2a.37","N64","O64","14e958538fc68dc4bf25b47ad11c4f3f90035873aa96616925e5cea0af242fb8","https://stat.link/mrq53f"
"Malaysia","reading",2018,414.97951,2.86783,"I.B1.2a.37","N65","O65","14e958538fc68dc4bf25b47ad11c4f3f90035873aa96616925e5cea0af242fb8","https://stat.link/mrq53f"
"Malta","reading",2018,448.23476,1.72985,"I.B1.2a.37","N66","O66","14e958538fc68dc4bf25b47ad11c4f3f90035873aa96616925e5cea0af242fb8","https://stat.link/mrq53f"
"Mauritius","reading",2018,__R_MISSING_VALUE_7__,__R_MISSING_VALUE_7__,"I.B1.2a.37","N67","O67","14e958538fc68dc4bf25b47ad11c4f3f90035873aa96616925e5cea0af242fb8","https://stat.link/mrq53f"
"Mexico","reading",2018,420.46889,2.74628,"I.B1.2a.37","N68","O68","14e958538fc68dc4bf25b47ad11c4f3f90035873aa96616925e5cea0af242fb8","https://stat.link/mrq53f"
"Moldova","reading",2018,423.99297,2.44475,"I.B1.2a.37","N69","O69","14e958538fc68dc4bf25b47ad11c4f3f90035873aa96616925e5cea0af242fb8","https://stat.link/mrq53f"
"Mongolia","reading",2018,__R_MISSING_VALUE_7__,__R_MISSING_VALUE_7__,"I.B1.2a.37","N70","O70","14e958538fc68dc4bf25b47ad11c4f3f90035873aa96616925e5cea0af242fb8","https://stat.link/mrq53f"
"Montenegro","reading",2018,421.05757,1.05494,"I.B1.2a.37","N71","O71","14e958538fc68dc4bf25b47ad11c4f3f90035873aa96616925e5cea0af242fb8","https://stat.link/mrq53f"
"Morocco","reading",2018,359.38789,3.12614,"I.B1.2a.37","N72","O72","14e958538fc68dc4bf25b47ad11c4f3f90035873aa96616925e5cea0af242fb8","https://stat.link/mrq53f"
"Netherlands*","reading",2018,484.78373,2.65086,"I.B1.2a.37","N73","O73","14e958538fc68dc4bf25b47ad11c4f3f90035873aa96616925e5cea0af242fb8","https://stat.link/mrq53f"
"New Zealand*","reading",2018,505.72728,2.04314,"I.B1.2a.37","N74","O74","14e958538fc68dc4bf25b47ad11c4f3f90035873aa96616925e5cea0af242fb8","https://stat.link/mrq53f"
"North Macedonia","reading",2018,392.66777,1.10405,"I.B1.2a.37","N75","O75","14e958538fc68dc4bf25b47ad11c4f3f90035873aa96616925e5cea0af242fb8","https://stat.link/mrq53f"
"Norway*","reading",2018,499.45096,2.17185,"I.B1.2a.37","N76","O76","14e958538fc68dc4bf25b47ad11c4f3f90035873aa96616925e5cea0af242fb8","https://stat.link/mrq53f"
"Palestinian Authority","reading",2018,__R_MISSING_VALUE_7__,__R_MISSING_VALUE_7__,"I.B1.2a.37","N77","O77","14e958538fc68dc4bf25b47ad11c4f3f90035873aa96616925e5cea0af242fb8","https://stat.link/mrq53f"
"Paraguay","reading",2018,369.6835,3.6771,"I.B1.2a.37","N78","O78","14e958538fc68dc4bf25b47ad11c4f3f90035873aa96616925e5cea0af242fb8","https://stat.link/mrq53f"
"Peru","reading",2018,400.51371,2.96266,"I.B1.2a.37","N79","O79","14e958538fc68dc4bf25b47ad11c4f3f90035873aa96616925e5cea0af242fb8","https://stat.link/mrq53f"
"Philippines","reading",2018,339.69159,3.28962,"I.B1.2a.37","N80","O80","14e958538fc68dc4bf25b47ad11c4f3f90035873aa96616925e5cea0af242fb8","https://stat.link/mrq53f"
"Poland","reading",2018,511.8557,2.70246,"I.B1.2a.37","N81","O81","14e958538fc68dc4bf25b47ad11c4f3f90035873aa96616925e5cea0af242fb8","https://stat.link/mrq53f"
"Portugal","reading",2018,491.80079,2.42893,"I.B1.2a.37","N82","O82","14e958538fc68dc4bf25b47ad11c4f3f90035873aa96616925e5cea0af242fb8","https://stat.link/mrq53f"
"Qatar","reading",2018,407.09179,0.76875,"I.B1.2a.37","N83","O83","14e958538fc68dc4bf25b47ad11c4f3f90035873aa96616925e5cea0af242fb8","https://stat.link/mrq53f"
"Romania","reading",2018,427.70315,5.14038,"I.B1.2a.37","N84","O84","14e958538fc68dc4bf25b47ad11c4f3f90035873aa96616925e5cea0af242fb8","https://stat.link/mrq53f"
"Rwanda","reading",2018,__R_MISSING_VALUE_7__,__R_MISSING_VALUE_7__,"I.B1.2a.37","N85","O85","14e958538fc68dc4bf25b47ad11c4f3f90035873aa96616925e5cea0af242fb8","https://stat.link/mrq53f"
"Saudi Arabia","reading",2018,399.15166,2.95946,"I.B1.2a.37","N86","O86","14e958538fc68dc4bf25b47ad11c4f3f90035873aa96616925e5cea0af242fb8","https://stat.link/mrq53f"
"Serbia","reading",2018,439.46634,3.27361,"I.B1.2a.37","N87","O87","14e958538fc68dc4bf25b47ad11c4f3f90035873aa96616925e5cea0af242fb8","https://stat.link/mrq53f"
"Singapore","reading",2018,549.46471,1.58721,"I.B1.2a.37","N88","O88","14e958538fc68dc4bf25b47ad11c4f3f90035873aa96616925e5cea0af242fb8","https://stat.link/mrq53f"
"Slovak Republic","reading",2018,457.98397,2.23413,"I.B1.2a.37","N89","O89","14e958538fc68dc4bf25b47ad11c4f3f90035873aa96616925e5cea0af242fb8","https://stat.link/mrq53f"
"Slovenia","reading",2018,495.34562,1.2323,"I.B1.2a.37","N90","O90","14e958538fc68dc4bf25b47ad11c4f3f90035873aa96616925e5cea0af242fb8","https://stat.link/mrq53f"
"Spain","reading",2018,__R_MISSING_VALUE_7__,__R_MISSING_VALUE_7__,"I.B1.2a.37","N91","O91","14e958538fc68dc4bf25b47ad11c4f3f90035873aa96616925e5cea0af242fb8","https://stat.link/mrq53f"
"Sweden","reading",2018,505.78522,3.02477,"I.B1.2a.37","N92","O92","14e958538fc68dc4bf25b47ad11c4f3f90035873aa96616925e5cea0af242fb8","https://stat.link/mrq53f"
"Switzerland","reading",2018,483.92941,3.12432,"I.B1.2a.37","N93","O93","14e958538fc68dc4bf25b47ad11c4f3f90035873aa96616925e5cea0af242fb8","https://stat.link/mrq53f"
"Chinese Taipei","reading",2018,502.60115,2.83842,"I.B1.2a.37","N94","O94","14e958538fc68dc4bf25b47ad11c4f3f90035873aa96616925e5cea0af242fb8","https://stat.link/mrq53f"
"Thailand","reading",2018,392.88864,3.23158,"I.B1.2a.37","N95","O95","14e958538fc68dc4bf25b47ad11c4f3f90035873aa96616925e5cea0af242fb8","https://stat.link/mrq53f"
"Türkiye","reading",2018,465.63167,2.17121,"I.B1.2a.37","N96","O96","14e958538fc68dc4bf25b47ad11c4f3f90035873aa96616925e5cea0af242fb8","https://stat.link/mrq53f"
"Ukrainian regions (17 of 27)","reading",2018,__R_MISSING_VALUE_7__,__R_MISSING_VALUE_7__,"I.B1.2a.37","N97","O97","14e958538fc68dc4bf25b47ad11c4f3f90035873aa96616925e5cea0af242fb8","https://stat.link/mrq53f"
"United Arab Emirates","reading",2018,431.78177,2.3022,"I.B1.2a.37","N98","O98","14e958538fc68dc4bf25b47ad11c4f3f90035873aa96616925e5cea0af242fb8","https://stat.link/mrq53f"
"United Kingdom","reading",2018,503.92811,2.58259,"I.B1.2a.37","N99","O99","14e958538fc68dc4bf25b47ad11c4f3f90035873aa96616925e5cea0af242fb8","https://stat.link/mrq53f"
"United States*","reading",2018,505.35277,3.56867,"I.B1.2a.37","N100","O100","14e958538fc68dc4bf25b47ad11c4f3f90035873aa96616925e5cea0af242fb8","https://stat.link/mrq53f"
"Uruguay","reading",2018,427.11762,2.76199,"I.B1.2a.37","N101","O101","14e958538fc68dc4bf25b47ad11c4f3f90035873aa96616925e5cea0af242fb8","https://stat.link/mrq53f"
"Uzbekistan","reading",2018,__R_MISSING_VALUE_7__,__R_MISSING_VALUE_7__,"I.B1.2a.37","N102","O102","14e958538fc68dc4bf25b47ad11c4f3f90035873aa96616925e5cea0af242fb8","https://stat.link/mrq53f"
"Viet Nam","reading",2018,__R_MISSING_VALUE_7__,__R_MISSING_VALUE_7__,"I.B1.2a.37","N103","O103","14e958538fc68dc4bf25b47ad11c4f3f90035873aa96616925e5cea0af242fb8","https://stat.link/mrq53f"
"Zambia","reading",2018,275.21359,3.85273,"I.B1.2a.37","N104","O104","14e958538fc68dc4bf25b47ad11c4f3f90035873aa96616925e5cea0af242fb8","https://stat.link/mrq53f"
"Albania*","reading",2018,405.42937,1.92229,"I.B1.2a.37","N106","O106","14e958538fc68dc4bf25b47ad11c4f3f90035873aa96616925e5cea0af242fb8","https://stat.link/mrq53f"
"OECD average","reading",2022,__R_MISSING_VALUE_7__,__R_MISSING_VALUE_7__,"I.B1.2a.37","P10","Q10","14e958538fc68dc4bf25b47ad11c4f3f90035873aa96616925e5cea0af242fb8","https://stat.link/mrq53f"
"OECD average-23","reading",2022,481.93197,0.55203,"I.B1.2a.37","P11","Q11","14e958538fc68dc4bf25b47ad11c4f3f90035873aa96616925e5cea0af242fb8","https://stat.link/mrq53f"
"OECD average-35","reading",2022,477.34995,0.46981,"I.B1.2a.37","P12","Q12","14e958538fc68dc4bf25b47ad11c4f3f90035873aa96616925e5cea0af242fb8","https://stat.link/mrq53f"
"Argentina","reading",2022,400.74404,2.56977,"I.B1.2a.37","P15","Q15","14e958538fc68dc4bf25b47ad11c4f3f90035873aa96616925e5cea0af242fb8","https://stat.link/mrq53f"
"Armenia","reading",2022,__R_MISSING_VALUE_7__,__R_MISSING_VALUE_7__,"I.B1.2a.37","P16","Q16","14e958538fc68dc4bf25b47ad11c4f3f90035873aa96616925e5cea0af242fb8","https://stat.link/mrq53f"
"Australia","reading",2022,498.05094,2.01359,"I.B1.2a.37","P17","Q17","14e958538fc68dc4bf25b47ad11c4f3f90035873aa96616925e5cea0af242fb8","https://stat.link/mrq53f"
"Austria","reading",2022,480.40585,2.66825,"I.B1.2a.37","P18","Q18","14e958538fc68dc4bf25b47ad11c4f3f90035873aa96616925e5cea0af242fb8","https://stat.link/mrq53f"
"Azerbaijan","reading",2022,__R_MISSING_VALUE_7__,__R_MISSING_VALUE_7__,"I.B1.2a.37","P19","Q19","14e958538fc68dc4bf25b47ad11c4f3f90035873aa96616925e5cea0af242fb8","https://stat.link/mrq53f"
"Belgium","reading",2022,478.85267,2.5236,"I.B1.2a.37","P20","Q20","14e958538fc68dc4bf25b47ad11c4f3f90035873aa96616925e5cea0af242fb8","https://stat.link/mrq53f"
"Brazil","reading",2022,410.35698,2.08802,"I.B1.2a.37","P21","Q21","14e958538fc68dc4bf25b47ad11c4f3f90035873aa96616925e5cea0af242fb8","https://stat.link/mrq53f"
"Brunei Darussalam","reading",2022,429.23191,1.15921,"I.B1.2a.37","P22","Q22","14e958538fc68dc4bf25b47ad11c4f3f90035873aa96616925e5cea0af242fb8","https://stat.link/mrq53f"
"B-S-J-Z (China)","reading",2022,__R_MISSING_VALUE_7__,__R_MISSING_VALUE_7__,"I.B1.2a.37","P23","Q23","14e958538fc68dc4bf25b47ad11c4f3f90035873aa96616925e5cea0af242fb8","https://stat.link/mrq53f"
"Bulgaria","reading",2022,404.30374,3.39575,"I.B1.2a.37","P24","Q24","14e958538fc68dc4bf25b47ad11c4f3f90035873aa96616925e5cea0af242fb8","https://stat.link/mrq53f"
"Cambodia","reading",2022,328.84278,2.08134,"I.B1.2a.37","P25","Q25","14e958538fc68dc4bf25b47ad11c4f3f90035873aa96616925e5cea0af242fb8","https://stat.link/mrq53f"
"Canada*","reading",2022,507.1329,1.96563,"I.B1.2a.37","P26","Q26","14e958538fc68dc4bf25b47ad11c4f3f90035873aa96616925e5cea0af242fb8","https://stat.link/mrq53f"
"Chile","reading",2022,447.97896,2.63256,"I.B1.2a.37","P27","Q27","14e958538fc68dc4bf25b47ad11c4f3f90035873aa96616925e5cea0af242fb8","https://stat.link/mrq53f"
"Colombia","reading",2022,408.66503,3.75104,"I.B1.2a.37","P28","Q28","14e958538fc68dc4bf25b47ad11c4f3f90035873aa96616925e5cea0af242fb8","https://stat.link/mrq53f"
"Costa Rica","reading",2022,415.23308,2.65975,"I.B1.2a.37","P29","Q29","14e958538fc68dc4bf25b47ad11c4f3f90035873aa96616925e5cea0af242fb8","https://stat.link/mrq53f"
"Croatia","reading",2022,475.49895,2.44242,"I.B1.2a.37","P30","Q30","14e958538fc68dc4bf25b47ad11c4f3f90035873aa96616925e5cea0af242fb8","https://stat.link/mrq53f"
"Cyprus","reading",2022,381.07572,1.1642,"I.B1.2a.37","P31","Q31","14e958538fc68dc4bf25b47ad11c4f3f90035873aa96616925e5cea0af242fb8","https://stat.link/mrq53f"
"Czechia","reading",2022,488.60367,2.24622,"I.B1.2a.37","P32","Q32","14e958538fc68dc4bf25b47ad11c4f3f90035873aa96616925e5cea0af242fb8","https://stat.link/mrq53f"
"Denmark","reading",2022,488.80099,2.57827,"I.B1.2a.37","P33","Q33","14e958538fc68dc4bf25b47ad11c4f3f90035873aa96616925e5cea0af242fb8","https://stat.link/mrq53f"
"Dominican Republic","reading",2022,351.31229,2.4408,"I.B1.2a.37","P34","Q34","14e958538fc68dc4bf25b47ad11c4f3f90035873aa96616925e5cea0af242fb8","https://stat.link/mrq53f"
"Dushanbe (Tajikistan)","reading",2022,__R_MISSING_VALUE_7__,__R_MISSING_VALUE_7__,"I.B1.2a.37","P35","Q35","14e958538fc68dc4bf25b47ad11c4f3f90035873aa96616925e5cea0af242fb8","https://stat.link/mrq53f"
"Ecuador","reading",2022,__R_MISSING_VALUE_7__,__R_MISSING_VALUE_7__,"I.B1.2a.37","P36","Q36","14e958538fc68dc4bf25b47ad11c4f3f90035873aa96616925e5cea0af242fb8","https://stat.link/mrq53f"
"El Salvador","reading",2022,364.90364,2.80402,"I.B1.2a.37","P37","Q37","14e958538fc68dc4bf25b47ad11c4f3f90035873aa96616925e5cea0af242fb8","https://stat.link/mrq53f"
"Estonia","reading",2022,511.03033,2.36062,"I.B1.2a.37","P38","Q38","14e958538fc68dc4bf25b47ad11c4f3f90035873aa96616925e5cea0af242fb8","https://stat.link/mrq53f"
"Finland","reading",2022,490.21768,2.25542,"I.B1.2a.37","P39","Q39","14e958538fc68dc4bf25b47ad11c4f3f90035873aa96616925e5cea0af242fb8","https://stat.link/mrq53f"
"France","reading",2022,473.85216,3.07454,"I.B1.2a.37","P40","Q40","14e958538fc68dc4bf25b47ad11c4f3f90035873aa96616925e5cea0af242fb8","https://stat.link/mrq53f"
"Georgia","reading",2022,373.85835,2.28792,"I.B1.2a.37","P41","Q41","14e958538fc68dc4bf25b47ad11c4f3f90035873aa96616925e5cea0af242fb8","https://stat.link/mrq53f"
"Germany","reading",2022,479.79402,3.6091,"I.B1.2a.37","P42","Q42","14e958538fc68dc4bf25b47ad11c4f3f90035873aa96616925e5cea0af242fb8","https://stat.link/mrq53f"
"Greece","reading",2022,438.44063,2.83363,"I.B1.2a.37","P43","Q43","14e958538fc68dc4bf25b47ad11c4f3f90035873aa96616925e5cea0af242fb8","https://stat.link/mrq53f"
"Guatemala","reading",2022,374.12187,2.43764,"I.B1.2a.37","P44","Q44","14e958538fc68dc4bf25b47ad11c4f3f90035873aa96616925e5cea0af242fb8","https://stat.link/mrq53f"
"Hong Kong (China)","reading",2022,499.70134,2.84848,"I.B1.2a.37","P45","Q45","14e958538fc68dc4bf25b47ad11c4f3f90035873aa96616925e5cea0af242fb8","https://stat.link/mrq53f"
"Hungary","reading",2022,472.97473,2.82795,"I.B1.2a.37","P46","Q46","14e958538fc68dc4bf25b47ad11c4f3f90035873aa96616925e5cea0af242fb8","https://stat.link/mrq53f"
"Iceland","reading",2022,435.92299,2.06757,"I.B1.2a.37","P47","Q47","14e958538fc68dc4bf25b47ad11c4f3f90035873aa96616925e5cea0af242fb8","https://stat.link/mrq53f"
"Indonesia","reading",2022,358.56986,2.90661,"I.B1.2a.37","P48","Q48","14e958538fc68dc4bf25b47ad11c4f3f90035873aa96616925e5cea0af242fb8","https://stat.link/mrq53f"
"Ireland","reading",2022,516.00998,2.33258,"I.B1.2a.37","P49","Q49","14e958538fc68dc4bf25b47ad11c4f3f90035873aa96616925e5cea0af242fb8","https://stat.link/mrq53f"
"Israel","reading",2022,473.8327,3.48734,"I.B1.2a.37","P50","Q50","14e958538fc68dc4bf25b47ad11c4f3f90035873aa96616925e5cea0af242fb8","https://stat.link/mrq53f"
"Italy","reading",2022,481.59828,2.68023,"I.B1.2a.37","P51","Q51","14e958538fc68dc4bf25b47ad11c4f3f90035873aa96616925e5cea0af242fb8","https://stat.link/mrq53f"
"Japan","reading",2022,515.85461,3.1769,"I.B1.2a.37","P52","Q52","14e958538fc68dc4bf25b47ad11c4f3f90035873aa96616925e5cea0af242fb8","https://stat.link/mrq53f"
"Jordan","reading",2022,342.16583,2.40134,"I.B1.2a.37","P53","Q53","14e958538fc68dc4bf25b47ad11c4f3f90035873aa96616925e5cea0af242fb8","https://stat.link/mrq53f"
"Kazakhstan","reading",2022,386.28475,1.66339,"I.B1.2a.37","P54","Q54","14e958538fc68dc4bf25b47ad11c4f3f90035873aa96616925e5cea0af242fb8","https://stat.link/mrq53f"
"Kenya","reading",2022,__R_MISSING_VALUE_7__,__R_MISSING_VALUE_7__,"I.B1.2a.37","P55","Q55","14e958538fc68dc4bf25b47ad11c4f3f90035873aa96616925e5cea0af242fb8","https://stat.link/mrq53f"
"Korea","reading",2022,515.41539,3.63231,"I.B1.2a.37","P56","Q56","14e958538fc68dc4bf25b47ad11c4f3f90035873aa96616925e5cea0af242fb8","https://stat.link/mrq53f"
"Kosovo","reading",2022,342.19442,1.0595,"I.B1.2a.37","P57","Q57","14e958538fc68dc4bf25b47ad11c4f3f90035873aa96616925e5cea0af242fb8","https://stat.link/mrq53f"
"Kurdistan Region (Iraq)","reading",2022,__R_MISSING_VALUE_7__,__R_MISSING_VALUE_7__,"I.B1.2a.37","P58","Q58","14e958538fc68dc4bf25b47ad11c4f3f90035873aa96616925e5cea0af242fb8","https://stat.link/mrq53f"
"Kyrgyzstan","reading",2022,__R_MISSING_VALUE_7__,__R_MISSING_VALUE_7__,"I.B1.2a.37","P59","Q59","14e958538fc68dc4bf25b47ad11c4f3f90035873aa96616925e5cea0af242fb8","https://stat.link/mrq53f"
"Latvia","reading",2022,474.56865,2.46,"I.B1.2a.37","P60","Q60","14e958538fc68dc4bf25b47ad11c4f3f90035873aa96616925e5cea0af242fb8","https://stat.link/mrq53f"
"Lebanon","reading",2022,__R_MISSING_VALUE_7__,__R_MISSING_VALUE_7__,"I.B1.2a.37","P61","Q61","14e958538fc68dc4bf25b47ad11c4f3f90035873aa96616925e5cea0af242fb8","https://stat.link/mrq53f"
"Lithuania","reading",2022,471.83423,2.20971,"I.B1.2a.37","P62","Q62","14e958538fc68dc4bf25b47ad11c4f3f90035873aa96616925e5cea0af242fb8","https://stat.link/mrq53f"
"Luxembourg","reading",2022,__R_MISSING_VALUE_7__,__R_MISSING_VALUE_7__,"I.B1.2a.37","P63","Q63","14e958538fc68dc4bf25b47ad11c4f3f90035873aa96616925e5cea0af242fb8","https://stat.link/mrq53f"
"Macao (China)","reading",2022,510.40512,1.346,"I.B1.2a.37","P64","Q64","14e958538fc68dc4bf25b47ad11c4f3f90035873aa96616925e5cea0af242fb8","https://stat.link/mrq53f"
"Malaysia","reading",2022,388.08781,2.74783,"I.B1.2a.37","P65","Q65","14e958538fc68dc4bf25b47ad11c4f3f90035873aa96616925e5cea0af242fb8","https://stat.link/mrq53f"
"Malta","reading",2022,445.29884,1.90322,"I.B1.2a.37","P66","Q66","14e958538fc68dc4bf25b47ad11c4f3f90035873aa96616925e5cea0af242fb8","https://stat.link/mrq53f"
"Mauritius","reading",2022,__R_MISSING_VALUE_7__,__R_MISSING_VALUE_7__,"I.B1.2a.37","P67","Q67","14e958538fc68dc4bf25b47ad11c4f3f90035873aa96616925e5cea0af242fb8","https://stat.link/mrq53f"
"Mexico","reading",2022,415.35896,2.92399,"I.B1.2a.37","P68","Q68","14e958538fc68dc4bf25b47ad11c4f3f90035873aa96616925e5cea0af242fb8","https://stat.link/mrq53f"
"Moldova","reading",2022,410.9354,2.51072,"I.B1.2a.37","P69","Q69","14e958538fc68dc4bf25b47ad11c4f3f90035873aa96616925e5cea0af242fb8","https://stat.link/mrq53f"
"Mongolia","reading",2022,378.41987,2.25418,"I.B1.2a.37","P70","Q70","14e958538fc68dc4bf25b47ad11c4f3f90035873aa96616925e5cea0af242fb8","https://stat.link/mrq53f"
"Montenegro","reading",2022,405.02046,1.34998,"I.B1.2a.37","P71","Q71","14e958538fc68dc4bf25b47ad11c4f3f90035873aa96616925e5cea0af242fb8","https://stat.link/mrq53f"
"Morocco","reading",2022,339.36492,3.97381,"I.B1.2a.37","P72","Q72","14e958538fc68dc4bf25b47ad11c4f3f90035873aa96616925e5cea0af242fb8","https://stat.link/mrq53f"
"Netherlands*","reading",2022,459.24291,4.2822,"I.B1.2a.37","P73","Q73","14e958538fc68dc4bf25b47ad11c4f3f90035873aa96616925e5cea0af242fb8","https://stat.link/mrq53f"
"New Zealand*","reading",2022,500.85301,2.11735,"I.B1.2a.37","P74","Q74","14e958538fc68dc4bf25b47ad11c4f3f90035873aa96616925e5cea0af242fb8","https://stat.link/mrq53f"
"North Macedonia","reading",2022,358.52212,0.81452,"I.B1.2a.37","P75","Q75","14e958538fc68dc4bf25b47ad11c4f3f90035873aa96616925e5cea0af242fb8","https://stat.link/mrq53f"
"Norway*","reading",2022,476.52388,2.54205,"I.B1.2a.37","P76","Q76","14e958538fc68dc4bf25b47ad11c4f3f90035873aa96616925e5cea0af242fb8","https://stat.link/mrq53f"
"Palestinian Authority","reading",2022,355.69391,2.35809,"I.B1.2a.37","P77","Q77","14e958538fc68dc4bf25b47ad11c4f3f90035873aa96616925e5cea0af242fb8","https://stat.link/mrq53f"
"Paraguay","reading",2022,373.15565,2.44497,"I.B1.2a.37","P78","Q78","14e958538fc68dc4bf25b47ad11c4f3f90035873aa96616925e5cea0af242fb8","https://stat.link/mrq53f"
"Peru","reading",2022,408.24786,2.72776,"I.B1.2a.37","P79","Q79","14e958538fc68dc4bf25b47ad11c4f3f90035873aa96616925e5cea0af242fb8","https://stat.link/mrq53f"
"Philippines","reading",2022,346.54739,3.40018,"I.B1.2a.37","P80","Q80","14e958538fc68dc4bf25b47ad11c4f3f90035873aa96616925e5cea0af242fb8","https://stat.link/mrq53f"
"Poland","reading",2022,488.71363,2.74014,"I.B1.2a.37","P81","Q81","14e958538fc68dc4bf25b47ad11c4f3f90035873aa96616925e5cea0af242fb8","https://stat.link/mrq53f"
"Portugal","reading",2022,476.58861,2.66321,"I.B1.2a.37","P82","Q82","14e958538fc68dc4bf25b47ad11c4f3f90035873aa96616925e5cea0af242fb8","https://stat.link/mrq53f"
"Qatar","reading",2022,419.30427,1.44785,"I.B1.2a.37","P83","Q83","14e958538fc68dc4bf25b47ad11c4f3f90035873aa96616925e5cea0af242fb8","https://stat.link/mrq53f"
"Romania","reading",2022,428.49602,3.98001,"I.B1.2a.37","P84","Q84","14e958538fc68dc4bf25b47ad11c4f3f90035873aa96616925e5cea0af242fb8","https://stat.link/mrq53f"
"Rwanda","reading",2022,__R_MISSING_VALUE_7__,__R_MISSING_VALUE_7__,"I.B1.2a.37","P85","Q85","14e958538fc68dc4bf25b47ad11c4f3f90035873aa96616925e5cea0af242fb8","https://stat.link/mrq53f"
"Saudi Arabia","reading",2022,382.55105,1.98927,"I.B1.2a.37","P86","Q86","14e958538fc68dc4bf25b47ad11c4f3f90035873aa96616925e5cea0af242fb8","https://stat.link/mrq53f"
"Serbia","reading",2022,440.35497,2.7859,"I.B1.2a.37","P87","Q87","14e958538fc68dc4bf25b47ad11c4f3f90035873aa96616925e5cea0af242fb8","https://stat.link/mrq53f"
"Singapore","reading",2022,542.55332,1.87219,"I.B1.2a.37","P88","Q88","14e958538fc68dc4bf25b47ad11c4f3f90035873aa96616925e5cea0af242fb8","https://stat.link/mrq53f"
"Slovak Republic","reading",2022,446.86061,3.10306,"I.B1.2a.37","P89","Q89","14e958538fc68dc4bf25b47ad11c4f3f90035873aa96616925e5cea0af242fb8","https://stat.link/mrq53f"
"Slovenia","reading",2022,468.53601,1.64436,"I.B1.2a.37","P90","Q90","14e958538fc68dc4bf25b47ad11c4f3f90035873aa96616925e5cea0af242fb8","https://stat.link/mrq53f"
"Spain","reading",2022,474.30711,1.65356,"I.B1.2a.37","P91","Q91","14e958538fc68dc4bf25b47ad11c4f3f90035873aa96616925e5cea0af242fb8","https://stat.link/mrq53f"
"Sweden","reading",2022,486.97516,2.48994,"I.B1.2a.37","P92","Q92","14e958538fc68dc4bf25b47ad11c4f3f90035873aa96616925e5cea0af242fb8","https://stat.link/mrq53f"
"Switzerland","reading",2022,483.33173,2.25835,"I.B1.2a.37","P93","Q93","14e958538fc68dc4bf25b47ad11c4f3f90035873aa96616925e5cea0af242fb8","https://stat.link/mrq53f"
"Chinese Taipei","reading",2022,515.16729,3.25126,"I.B1.2a.37","P94","Q94","14e958538fc68dc4bf25b47ad11c4f3f90035873aa96616925e5cea0af242fb8","https://stat.link/mrq53f"
"Thailand","reading",2022,378.663,2.82034,"I.B1.2a.37","P95","Q95","14e958538fc68dc4bf25b47ad11c4f3f90035873aa96616925e5cea0af242fb8","https://stat.link/mrq53f"
"Türkiye","reading",2022,456.08404,1.85216,"I.B1.2a.37","P96","Q96","14e958538fc68dc4bf25b47ad11c4f3f90035873aa96616925e5cea0af242fb8","https://stat.link/mrq53f"
"Ukrainian regions (17 of 27)","reading",2022,426.71449,4.09324,"I.B1.2a.37","P97","Q97","14e958538fc68dc4bf25b47ad11c4f3f90035873aa96616925e5cea0af242fb8","https://stat.link/mrq53f"
"United Arab Emirates","reading",2022,417.34975,1.33564,"I.B1.2a.37","P98","Q98","14e958538fc68dc4bf25b47ad11c4f3f90035873aa96616925e5cea0af242fb8","https://stat.link/mrq53f"
"United Kingdom","reading",2022,494.40463,2.37125,"I.B1.2a.37","P99","Q99","14e958538fc68dc4bf25b47ad11c4f3f90035873aa96616925e5cea0af242fb8","https://stat.link/mrq53f"
"United States*","reading",2022,503.93757,4.32622,"I.B1.2a.37","P100","Q100","14e958538fc68dc4bf25b47ad11c4f3f90035873aa96616925e5cea0af242fb8","https://stat.link/mrq53f"
"Uruguay","reading",2022,430.35972,2.40509,"I.B1.2a.37","P101","Q101","14e958538fc68dc4bf25b47ad11c4f3f90035873aa96616925e5cea0af242fb8","https://stat.link/mrq53f"
"Uzbekistan","reading",2022,335.5049,2.00325,"I.B1.2a.37","P102","Q102","14e958538fc68dc4bf25b47ad11c4f3f90035873aa96616925e5cea0af242fb8","https://stat.link/mrq53f"
"Viet Nam","reading",2022,__R_MISSING_VALUE_7__,__R_MISSING_VALUE_7__,"I.B1.2a.37","P103","Q103","14e958538fc68dc4bf25b47ad11c4f3f90035873aa96616925e5cea0af242fb8","https://stat.link/mrq53f"
"Zambia","reading",2022,__R_MISSING_VALUE_7__,__R_MISSING_VALUE_7__,"I.B1.2a.37","P104","Q104","14e958538fc68dc4bf25b47ad11c4f3f90035873aa96616925e5cea0af242fb8","https://stat.link/mrq53f"
"Albania*","reading",2022,358.43476,1.93469,"I.B1.2a.37","P106","Q106","14e958538fc68dc4bf25b47ad11c4f3f90035873aa96616925e5cea0af242fb8","https://stat.link/mrq53f"
"OECD average-23","reading",2025,465.82952,0.56284,"I.B1.2a.37","R11","S11","14e958538fc68dc4bf25b47ad11c4f3f90035873aa96616925e5cea0af242fb8","https://stat.link/mrq53f"
"OECD average-35","reading",2025,463.00728,0.47403,"I.B1.2a.37","R12","S12","14e958538fc68dc4bf25b47ad11c4f3f90035873aa96616925e5cea0af242fb8","https://stat.link/mrq53f"
"OECD average","mathematics",2003,__R_MISSING_VALUE_7__,__R_MISSING_VALUE_7__,"I.B1.2a.38","B10","C10","14e958538fc68dc4bf25b47ad11c4f3f90035873aa96616925e5cea0af242fb8","https://stat.link/mrq53f"
"OECD average-23","mathematics",2003,502.12499,0.60686,"I.B1.2a.38","B11","C11","14e958538fc68dc4bf25b47ad11c4f3f90035873aa96616925e5cea0af242fb8","https://stat.link/mrq53f"
"OECD average-35","mathematics",2003,__R_MISSING_VALUE_7__,__R_MISSING_VALUE_7__,"I.B1.2a.38","B12","C12","14e958538fc68dc4bf25b47ad11c4f3f90035873aa96616925e5cea0af242fb8","https://stat.link/mrq53f"
"Argentina","mathematics",2003,__R_MISSING_VALUE_7__,__R_MISSING_VALUE_7__,"I.B1.2a.38","B15","C15","14e958538fc68dc4bf25b47ad11c4f3f90035873aa96616925e5cea0af242fb8","https://stat.link/mrq53f"
"Armenia","mathematics",2003,__R_MISSING_VALUE_7__,__R_MISSING_VALUE_7__,"I.B1.2a.38","B16","C16","14e958538fc68dc4bf25b47ad11c4f3f90035873aa96616925e5cea0af242fb8","https://stat.link/mrq53f"
"Australia","mathematics",2003,524.266,2.14845,"I.B1.2a.38","B17","C17","14e958538fc68dc4bf25b47ad11c4f3f90035873aa96616925e5cea0af242fb8","https://stat.link/mrq53f"
"Austria","mathematics",2003,505.61098,3.26619,"I.B1.2a.38","B18","C18","14e958538fc68dc4bf25b47ad11c4f3f90035873aa96616925e5cea0af242fb8","https://stat.link/mrq53f"
"Azerbaijan","mathematics",2003,__R_MISSING_VALUE_7__,__R_MISSING_VALUE_7__,"I.B1.2a.38","B19","C19","14e958538fc68dc4bf25b47ad11c4f3f90035873aa96616925e5cea0af242fb8","https://stat.link/mrq53f"
"Belgium","mathematics",2003,529.28641,2.28606,"I.B1.2a.38","B20","C20","14e958538fc68dc4bf25b47ad11c4f3f90035873aa96616925e5cea0af242fb8","https://stat.link/mrq53f"
"Brazil","mathematics",2003,356.01579,4.8323,"I.B1.2a.38","B21","C21","14e958538fc68dc4bf25b47ad11c4f3f90035873aa96616925e5cea0af242fb8","https://stat.link/mrq53f"
"Brunei Darussalam","mathematics",2003,__R_MISSING_VALUE_7__,__R_MISSING_VALUE_7__,"I.B1.2a.38","B22","C22","14e958538fc68dc4bf25b47ad11c4f3f90035873aa96616925e5cea0af242fb8","https://stat.link/mrq53f"
"B-S-J-Z (China)","mathematics",2003,__R_MISSING_VALUE_7__,__R_MISSING_VALUE_7__,"I.B1.2a.38","B23","C23","14e958538fc68dc4bf25b47ad11c4f3f90035873aa96616925e5cea0af242fb8","https://stat.link/mrq53f"
"Bulgaria","mathematics",2003,__R_MISSING_VALUE_7__,__R_MISSING_VALUE_7__,"I.B1.2a.38","B24","C24","14e958538fc68dc4bf25b47ad11c4f3f90035873aa96616925e5cea0af242fb8","https://stat.link/mrq53f"
"Cambodia","mathematics",2003,__R_MISSING_VALUE_7__,__R_MISSING_VALUE_7__,"I.B1.2a.38","B25","C25","14e958538fc68dc4bf25b47ad11c4f3f90035873aa96616925e5cea0af242fb8","https://stat.link/mrq53f"
"Canada*","mathematics",2003,532.48674,1.81792,"I.B1.2a.38","B26","C26","14e958538fc68dc4bf25b47ad11c4f3f90035873aa96616925e5cea0af242fb8","https://stat.link/mrq53f"
"Chile","mathematics",2003,__R_MISSING_VALUE_7__,__R_MISSING_VALUE_7__,"I.B1.2a.38","B27","C27","14e958538fc68dc4bf25b47ad11c4f3f90035873aa96616925e5cea0af242fb8","https://stat.link/mrq53f"
"Colombia","mathematics",2003,__R_MISSING_VALUE_7__,__R_MISSING_VALUE_7__,"I.B1.2a.38","B28","C28","14e958538fc68dc4bf25b47ad11c4f3f90035873aa96616925e5cea0af242fb8","https://stat.link/mrq53f"
"Costa Rica","mathematics",2003,__R_MISSING_VALUE_7__,__R_MISSING_VALUE_7__,"I.B1.2a.38","B29","C29","14e958538fc68dc4bf25b47ad11c4f3f90035873aa96616925e5cea0af242fb8","https://stat.link/mrq53f"
"Croatia","mathematics",2003,__R_MISSING_VALUE_7__,__R_MISSING_VALUE_7__,"I.B1.2a.38","B30","C30","14e958538fc68dc4bf25b47ad11c4f3f90035873aa96616925e5cea0af242fb8","https://stat.link/mrq53f"
"Cyprus","mathematics",2003,__R_MISSING_VALUE_7__,__R_MISSING_VALUE_7__,"I.B1.2a.38","B31","C31","14e958538fc68dc4bf25b47ad11c4f3f90035873aa96616925e5cea0af242fb8","https://stat.link/mrq53f"
"Czechia","mathematics",2003,516.455,3.54559,"I.B1.2a.38","B32","C32","14e958538fc68dc4bf25b47ad11c4f3f90035873aa96616925e5cea0af242fb8","https://stat.link/mrq53f"
"Denmark","mathematics",2003,514.28768,2.74373,"I.B1.2a.38","B33","C33","14e958538fc68dc4bf25b47ad11c4f3f90035873aa96616925e5cea0af242fb8","https://stat.link/mrq53f"
"Dominican Republic","mathematics",2003,__R_MISSING_VALUE_7__,__R_MISSING_VALUE_7__,"I.B1.2a.38","B34","C34","14e958538fc68dc4bf25b47ad11c4f3f90035873aa96616925e5cea0af242fb8","https://stat.link/mrq53f"
"Dushanbe (Tajikistan)","mathematics",2003,__R_MISSING_VALUE_7__,__R_MISSING_VALUE_7__,"I.B1.2a.38","B35","C35","14e958538fc68dc4bf25b47ad11c4f3f90035873aa96616925e5cea0af242fb8","https://stat.link/mrq53f"
"Ecuador","mathematics",2003,__R_MISSING_VALUE_7__,__R_MISSING_VALUE_7__,"I.B1.2a.38","B36","C36","14e958538fc68dc4bf25b47ad11c4f3f90035873aa96616925e5cea0af242fb8","https://stat.link/mrq53f"
"El Salvador","mathematics",2003,__R_MISSING_VALUE_7__,__R_MISSING_VALUE_7__,"I.B1.2a.38","B37","C37","14e958538fc68dc4bf25b47ad11c4f3f90035873aa96616925e5cea0af242fb8","https://stat.link/mrq53f"
"Estonia","mathematics",2003,__R_MISSING_VALUE_7__,__R_MISSING_VALUE_7__,"I.B1.2a.38","B38","C38","14e958538fc68dc4bf25b47ad11c4f3f90035873aa96616925e5cea0af242fb8","https://stat.link/mrq53f"
"Finland","mathematics",2003,544.28919,1.86627,"I.B1.2a.38","B39","C39","14e958538fc68dc4bf25b47ad11c4f3f90035873aa96616925e5cea0af242fb8","https://stat.link/mrq53f"
"France","mathematics",2003,510.79947,2.5035,"I.B1.2a.38","B40","C40","14e958538fc68dc4bf25b47ad11c4f3f90035873aa96616925e5cea0af242fb8","https://stat.link/mrq53f"
"Georgia","mathematics",2003,__R_MISSING_VALUE_7__,__R_MISSING_VALUE_7__,"I.B1.2a.38","B41","C41","14e958538fc68dc4bf25b47ad11c4f3f90035873aa96616925e5cea0af242fb8","https://stat.link/mrq53f"
"Germany","mathematics",2003,502.98553,3.31721,"I.B1.2a.38","B42","C42","14e958538fc68dc4bf25b47ad11c4f3f90035873aa96616925e5cea0af242fb8","https://stat.link/mrq53f"
"Greece","mathematics",2003,444.91186,3.90078,"I.B1.2a.38","B43","C43","14e958538fc68dc4bf25b47ad11c4f3f90035873aa96616925e5cea0af242fb8","https://stat.link/mrq53f"
"Guatemala","mathematics",2003,__R_MISSING_VALUE_7__,__R_MISSING_VALUE_7__,"I.B1.2a.38","B44","C44","14e958538fc68dc4bf25b47ad11c4f3f90035873aa96616925e5cea0af242fb8","https://stat.link/mrq53f"
"Hong Kong (China)","mathematics",2003,550.38324,4.53532,"I.B1.2a.38","B45","C45","14e958538fc68dc4bf25b47ad11c4f3f90035873aa96616925e5cea0af242fb8","https://stat.link/mrq53f"
"Hungary","mathematics",2003,490.01239,2.83759,"I.B1.2a.38","B46","C46","14e958538fc68dc4bf25b47ad11c4f3f90035873aa96616925e5cea0af242fb8","https://stat.link/mrq53f"
"Iceland","mathematics",2003,515.10865,1.42342,"I.B1.2a.38","B47","C47","14e958538fc68dc4bf25b47ad11c4f3f90035873aa96616925e5cea0af242fb8","https://stat.link/mrq53f"
"Indonesia","mathematics",2003,360.15883,3.90856,"I.B1.2a.38","B48","C48","14e958538fc68dc4bf25b47ad11c4f3f90035873aa96616925e5cea0af242fb8","https://stat.link/mrq53f"
"Ireland","mathematics",2003,502.83732,2.44812,"I.B1.2a.38","B49","C49","14e958538fc68dc4bf25b47ad11c4f3f90035873aa96616925e5cea0af242fb8","https://stat.link/mrq53f"
"Israel","mathematics",2003,__R_MISSING_VALUE_7__,__R_MISSING_VALUE_7__,"I.B1.2a.38","B50","C50","14e958538fc68dc4bf25b47ad11c4f3f90035873aa96616925e5cea0af242fb8","https://stat.link/mrq53f"
"Italy","mathematics",2003,465.66421,3.07503,"I.B1.2a.38","B51","C51","14e958538fc68dc4bf25b47ad11c4f3f90035873aa96616925e5cea0af242fb8","https://stat.link/mrq53f"
"Japan","mathematics",2003,534.1365,4.01572,"I.B1.2a.38","B52","C52","14e958538fc68dc4bf25b47ad11c4f3f90035873aa96616925e5cea0af242fb8","https://stat.link/mrq53f"
"Jordan","mathematics",2003,__R_MISSING_VALUE_7__,__R_MISSING_VALUE_7__,"I.B1.2a.38","B53","C53","14e958538fc68dc4bf25b47ad11c4f3f90035873aa96616925e5cea0af242fb8","https://stat.link/mrq53f"
"Kazakhstan","mathematics",2003,__R_MISSING_VALUE_7__,__R_MISSING_VALUE_7__,"I.B1.2a.38","B54","C54","14e958538fc68dc4bf25b47ad11c4f3f90035873aa96616925e5cea0af242fb8","https://stat.link/mrq53f"
"Kenya","mathematics",2003,__R_MISSING_VALUE_7__,__R_MISSING_VALUE_7__,"I.B1.2a.38","B55","C55","14e958538fc68dc4bf25b47ad11c4f3f90035873aa96616925e5cea0af242fb8","https://stat.link/mrq53f"
"Korea","mathematics",2003,542.22737,3.23825,"I.B1.2a.38","B56","C56","14e958538fc68dc4bf25b47ad11c4f3f90035873aa96616925e5cea0af242fb8","https://stat.link/mrq53f"
"Kosovo","mathematics",2003,__R_MISSING_VALUE_7__,__R_MISSING_VALUE_7__,"I.B1.2a.38","B57","C57","14e958538fc68dc4bf25b47ad11c4f3f90035873aa96616925e5cea0af242fb8","https://stat.link/mrq53f"
"Kurdistan Region (Iraq)","mathematics",2003,__R_MISSING_VALUE_7__,__R_MISSING_VALUE_7__,"I.B1.2a.38","B58","C58","14e958538fc68dc4bf25b47ad11c4f3f90035873aa96616925e5cea0af242fb8","https://stat.link/mrq53f"
"Kyrgyzstan","mathematics",2003,__R_MISSING_VALUE_7__,__R_MISSING_VALUE_7__,"I.B1.2a.38","B59","C59","14e958538fc68dc4bf25b47ad11c4f3f90035873aa96616925e5cea0af242fb8","https://stat.link/mrq53f"
"Latvia","mathematics",2003,483.37495,3.68735,"I.B1.2a.38","B60","C60","14e958538fc68dc4bf25b47ad11c4f3f90035873aa96616925e5cea0af242fb8","https://stat.link/mrq53f"
"Lebanon","mathematics",2003,__R_MISSING_VALUE_7__,__R_MISSING_VALUE_7__,"I.B1.2a.38","B61","C61","14e958538fc68dc4bf25b47ad11c4f3f90035873aa96616925e5cea0af242fb8","https://stat.link/mrq53f"
"Lithuania","mathematics",2003,__R_MISSING_VALUE_7__,__R_MISSING_VALUE_7__,"I.B1.2a.38","B62","C62","14e958538fc68dc4bf25b47ad11c4f3f90035873aa96616925e5cea0af242fb8","https://stat.link/mrq53f"
"Luxembourg","mathematics",2003,493.20856,0.97164,"I.B1.2a.38","B63","C63","14e958538fc68dc4bf25b47ad11c4f3f90035873aa96616925e5cea0af242fb8","https://stat.link/mrq53f"
"Macao (China)","mathematics",2003,527.27028,2.88515,"I.B1.2a.38","B64","C64","14e958538fc68dc4bf25b47ad11c4f3f90035873aa96616925e5cea0af242fb8","https://stat.link/mrq53f"
"Malaysia","mathematics",2003,__R_MISSING_VALUE_7__,__R_MISSING_VALUE_7__,"I.B1.2a.38","B65","C65","14e958538fc68dc4bf25b47ad11c4f3f90035873aa96616925e5cea0af242fb8","https://stat.link/mrq53f"
"Malta","mathematics",2003,__R_MISSING_VALUE_7__,__R_MISSING_VALUE_7__,"I.B1.2a.38","B66","C66","14e958538fc68dc4bf25b47ad11c4f3f90035873aa96616925e5cea0af242fb8","https://stat.link/mrq53f"
"Mauritius","mathematics",2003,__R_MISSING_VALUE_7__,__R_MISSING_VALUE_7__,"I.B1.2a.38","B67","C67","14e958538fc68dc4bf25b47ad11c4f3f90035873aa96616925e5cea0af242fb8","https://stat.link/mrq53f"
"Mexico","mathematics",2003,385.21834,3.64333,"I.B1.2a.38","B68","C68","14e958538fc68dc4bf25b47ad11c4f3f90035873aa96616925e5cea0af242fb8","https://stat.link/mrq53f"
"Moldova","mathematics",2003,__R_MISSING_VALUE_7__,__R_MISSING_VALUE_7__,"I.B1.2a.38","B69","C69","14e958538fc68dc4bf25b47ad11c4f3f90035873aa96616925e5cea0af242fb8","https://stat.link/mrq53f"
"Mongolia","mathematics",2003,__R_MISSING_VALUE_7__,__R_MISSING_VALUE_7__,"I.B1.2a.38","B70","C70","14e958538fc68dc4bf25b47ad11c4f3f90035873aa96616925e5cea0af242fb8","https://stat.link/mrq53f"
"Montenegro","mathematics",2003,__R_MISSING_VALUE_7__,__R_MISSING_VALUE_7__,"I.B1.2a.38","B71","C71","14e958538fc68dc4bf25b47ad11c4f3f90035873aa96616925e5cea0af242fb8","https://stat.link/mrq53f"
"Morocco","mathematics",2003,__R_MISSING_VALUE_7__,__R_MISSING_VALUE_7__,"I.B1.2a.38","B72","C72","14e958538fc68dc4bf25b47ad11c4f3f90035873aa96616925e5cea0af242fb8","https://stat.link/mrq53f"
"Netherlands*","mathematics",2003,537.82328,3.13017,"I.B1.2a.38","B73","C73","14e958538fc68dc4bf25b47ad11c4f3f90035873aa96616925e5cea0af242fb8","https://stat.link/mrq53f"
"New Zealand*","mathematics",2003,523.48658,2.25688,"I.B1.2a.38","B74","C74","14e958538fc68dc4bf25b47ad11c4f3f90035873aa96616925e5cea0af242fb8","https://stat.link/mrq53f"
"North Macedonia","mathematics",2003,__R_MISSING_VALUE_7__,__R_MISSING_VALUE_7__,"I.B1.2a.38","B75","C75","14e958538fc68dc4bf25b47ad11c4f3f90035873aa96616925e5cea0af242fb8","https://stat.link/mrq53f"
"Norway*","mathematics",2003,495.18539,2.37644,"I.B1.2a.38","B76","C76","14e958538fc68dc4bf25b47ad11c4f3f90035873aa96616925e5cea0af242fb8","https://stat.link/mrq53f"
"Palestinian Authority","mathematics",2003,__R_MISSING_VALUE_7__,__R_MISSING_VALUE_7__,"I.B1.2a.38","B77","C77","14e958538fc68dc4bf25b47ad11c4f3f90035873aa96616925e5cea0af242fb8","https://stat.link/mrq53f"
"Paraguay","mathematics",2003,__R_MISSING_VALUE_7__,__R_MISSING_VALUE_7__,"I.B1.2a.38","B78","C78","14e958538fc68dc4bf25b47ad11c4f3f90035873aa96616925e5cea0af242fb8","https://stat.link/mrq53f"
"Peru","mathematics",2003,__R_MISSING_VALUE_7__,__R_MISSING_VALUE_7__,"I.B1.2a.38","B79","C79","14e958538fc68dc4bf25b47ad11c4f3f90035873aa96616925e5cea0af242fb8","https://stat.link/mrq53f"
"Philippines","mathematics",2003,__R_MISSING_VALUE_7__,__R_MISSING_VALUE_7__,"I.B1.2a.38","B80","C80","14e958538fc68dc4bf25b47ad11c4f3f90035873aa96616925e5cea0af242fb8","https://stat.link/mrq53f"
"Poland","mathematics",2003,490.23878,2.50411,"I.B1.2a.38","B81","C81","14e958538fc68dc4bf25b47ad11c4f3f90035873aa96616925e5cea0af242fb8","https://stat.link/mrq53f"
"Portugal","mathematics",2003,466.01669,3.40464,"I.B1.2a.38","B82","C82","14e958538fc68dc4bf25b47ad11c4f3f90035873aa96616925e5cea0af242fb8","https://stat.link/mrq53f"
"Qatar","mathematics",2003,__R_MISSING_VALUE_7__,__R_MISSING_VALUE_7__,"I.B1.2a.38","B83","C83","14e958538fc68dc4bf25b47ad11c4f3f90035873aa96616925e5cea0af242fb8","https://stat.link/mrq53f"
"Romania","mathematics",2003,__R_MISSING_VALUE_7__,__R_MISSING_VALUE_7__,"I.B1.2a.38","B84","C84","14e958538fc68dc4bf25b47ad11c4f3f90035873aa96616925e5cea0af242fb8","https://stat.link/mrq53f"
"Rwanda","mathematics",2003,__R_MISSING_VALUE_7__,__R_MISSING_VALUE_7__,"I.B1.2a.38","B85","C85","14e958538fc68dc4bf25b47ad11c4f3f90035873aa96616925e5cea0af242fb8","https://stat.link/mrq53f"
"Saudi Arabia","mathematics",2003,__R_MISSING_VALUE_7__,__R_MISSING_VALUE_7__,"I.B1.2a.38","B86","C86","14e958538fc68dc4bf25b47ad11c4f3f90035873aa96616925e5cea0af242fb8","https://stat.link/mrq53f"
"Serbia","mathematics",2003,__R_MISSING_VALUE_7__,__R_MISSING_VALUE_7__,"I.B1.2a.38","B87","C87","14e958538fc68dc4bf25b47ad11c4f3f90035873aa96616925e5cea0af242fb8","https://stat.link/mrq53f"
"Singapore","mathematics",2003,__R_MISSING_VALUE_7__,__R_MISSING_VALUE_7__,"I.B1.2a.38","B88","C88","14e958538fc68dc4bf25b47ad11c4f3f90035873aa96616925e5cea0af242fb8","https://stat.link/mrq53f"
"Slovak Republic","mathematics",2003,498.18346,3.34753,"I.B1.2a.38","B89","C89","14e958538fc68dc4bf25b47ad11c4f3f90035873aa96616925e5cea0af242fb8","https://stat.link/mrq53f"
"Slovenia","mathematics",2003,__R_MISSING_VALUE_7__,__R_MISSING_VALUE_7__,"I.B1.2a.38","B90","C90","14e958538fc68dc4bf25b47ad11c4f3f90035873aa96616925e5cea0af242fb8","https://stat.link/mrq53f"
"Spain","mathematics",2003,485.10806,2.4093,"I.B1.2a.38","B91","C91","14e958538fc68dc4bf25b47ad11c4f3f90035873aa96616925e5cea0af242fb8","https://stat.link/mrq53f"
"Sweden","mathematics",2003,509.04645,2.55879,"I.B1.2a.38","B92","C92","14e958538fc68dc4bf25b47ad11c4f3f90035873aa96616925e5cea0af242fb8","https://stat.link/mrq53f"
"Switzerland","mathematics",2003,526.55315,3.38304,"I.B1.2a.38","B93","C93","14e958538fc68dc4bf25b47ad11c4f3f90035873aa96616925e5cea0af242fb8","https://stat.link/mrq53f"
"Chinese Taipei","mathematics",2003,__R_MISSING_VALUE_7__,__R_MISSING_VALUE_7__,"I.B1.2a.38","B94","C94","14e958538fc68dc4bf25b47ad11c4f3f90035873aa96616925e5cea0af242fb8","https://stat.link/mrq53f"
"Thailand","mathematics",2003,416.97796,2.99826,"I.B1.2a.38","B95","C95","14e958538fc68dc4bf25b47ad11c4f3f90035873aa96616925e5cea0af242fb8","https://stat.link/mrq53f"
"Türkiye","mathematics",2003,423.41941,6.73623,"I.B1.2a.38","B96","C96","14e958538fc68dc4bf25b47ad11c4f3f90035873aa96616925e5cea0af242fb8","https://stat.link/mrq53f"
"Ukrainian regions (17 of 27)","mathematics",2003,__R_MISSING_VALUE_7__,__R_MISSING_VALUE_7__,"I.B1.2a.38","B97","C97","14e958538fc68dc4bf25b47ad11c4f3f90035873aa96616925e5cea0af242fb8","https://stat.link/mrq53f"
"United Arab Emirates","mathematics",2003,__R_MISSING_VALUE_7__,__R_MISSING_VALUE_7__,"I.B1.2a.38","B98","C98","14e958538fc68dc4bf25b47ad11c4f3f90035873aa96616925e5cea0af242fb8","https://stat.link/mrq53f"
"United Kingdom","mathematics",2003,__R_MISSING_VALUE_7__,__R_MISSING_VALUE_7__,"I.B1.2a.38","B99","C99","14e958538fc68dc4bf25b47ad11c4f3f90035873aa96616925e5cea0af242fb8","https://stat.link/mrq53f"
"United States*","mathematics",2003,482.88279,2.94895,"I.B1.2a.38","B100","C100","14e958538fc68dc4bf25b47ad11c4f3f90035873aa96616925e5cea0af242fb8","https://stat.link/mrq53f"
"Uruguay","mathematics",2003,422.19988,3.28542,"I.B1.2a.38","B101","C101","14e958538fc68dc4bf25b47ad11c4f3f90035873aa96616925e5cea0af242fb8","https://stat.link/mrq53f"
"Uzbekistan","mathematics",2003,__R_MISSING_VALUE_7__,__R_MISSING_VALUE_7__,"I.B1.2a.38","B102","C102","14e958538fc68dc4bf25b47ad11c4f3f90035873aa96616925e5cea0af242fb8","https://stat.link/mrq53f"
"Viet Nam","mathematics",2003,__R_MISSING_VALUE_7__,__R_MISSING_VALUE_7__,"I.B1.2a.38","B103","C103","14e958538fc68dc4bf25b47ad11c4f3f90035873aa96616925e5cea0af242fb8","https://stat.link/mrq53f"
"Zambia","mathematics",2003,__R_MISSING_VALUE_7__,__R_MISSING_VALUE_7__,"I.B1.2a.38","B104","C104","14e958538fc68dc4bf25b47ad11c4f3f90035873aa96616925e5cea0af242fb8","https://stat.link/mrq53f"
"Albania*","mathematics",2003,__R_MISSING_VALUE_7__,__R_MISSING_VALUE_7__,"I.B1.2a.38","B106","C106","14e958538fc68dc4bf25b47ad11c4f3f90035873aa96616925e5cea0af242fb8","https://stat.link/mrq53f"
"OECD average","mathematics",2006,__R_MISSING_VALUE_7__,__R_MISSING_VALUE_7__,"I.B1.2a.38","D10","E10","14e958538fc68dc4bf25b47ad11c4f3f90035873aa96616925e5cea0af242fb8","https://stat.link/mrq53f"
"OECD average-23","mathematics",2006,501.06524,0.59546,"I.B1.2a.38","D11","E11","14e958538fc68dc4bf25b47ad11c4f3f90035873aa96616925e5cea0af242fb8","https://stat.link/mrq53f"
"OECD average-35","mathematics",2006,490.71778,0.52087,"I.B1.2a.38","D12","E12","14e958538fc68dc4bf25b47ad11c4f3f90035873aa96616925e5cea0af242fb8","https://stat.link/mrq53f"
"Argentina","mathematics",2006,381.25391,6.24363,"I.B1.2a.38","D15","E15","14e958538fc68dc4bf25b47ad11c4f3f90035873aa96616925e5cea0af242fb8","https://stat.link/mrq53f"
"Armenia","mathematics",2006,__R_MISSING_VALUE_7__,__R_MISSING_VALUE_7__,"I.B1.2a.38","D16","E16","14e958538fc68dc4bf25b47ad11c4f3f90035873aa96616925e5cea0af242fb8","https://stat.link/mrq53f"
"Australia","mathematics",2006,519.90775,2.24062,"I.B1.2a.38","D17","E17","14e958538fc68dc4bf25b47ad11c4f3f90035873aa96616925e5cea0af242fb8","https://stat.link/mrq53f"
"Austria","mathematics",2006,505.4836,3.73776,"I.B1.2a.38","D18","E18","14e958538fc68dc4bf25b47ad11c4f3f90035873aa96616925e5cea0af242fb8","https://stat.link/mrq53f"
"Azerbaijan","mathematics",2006,475.99522,2.25951,"I.B1.2a.38","D19","E19","14e958538fc68dc4bf25b47ad11c4f3f90035873aa96616925e5cea0af242fb8","https://stat.link/mrq53f"
"Belgium","mathematics",2006,520.34897,2.95463,"I.B1.2a.38","D20","E20","14e958538fc68dc4bf25b47ad11c4f3f90035873aa96616925e5cea0af242fb8","https://stat.link/mrq53f"
"Brazil","mathematics",2006,369.51505,2.93341,"I.B1.2a.38","D21","E21","14e958538fc68dc4bf25b47ad11c4f3f90035873aa96616925e5cea0af242fb8","https://stat.link/mrq53f"
"Brunei Darussalam","mathematics",2006,__R_MISSING_VALUE_7__,__R_MISSING_VALUE_7__,"I.B1.2a.38","D22","E22","14e958538fc68dc4bf25b47ad11c4f3f90035873aa96616925e5cea0af242fb8","https://stat.link/mrq53f"
"B-S-J-Z (China)","mathematics",2006,__R_MISSING_VALUE_7__,__R_MISSING_VALUE_7__,"I.B1.2a.38","D23","E23","14e958538fc68dc4bf25b47ad11c4f3f90035873aa96616925e5cea0af242fb8","https://stat.link/mrq53f"
"Bulgaria","mathematics",2006,413.44917,6.13323,"I.B1.2a.38","D24","E24","14e958538fc68dc4bf25b47ad11c4f3f90035873aa96616925e5cea0af242fb8","https://stat.link/mrq53f"
"Cambodia","mathematics",2006,__R_MISSING_VALUE_7__,__R_MISSING_VALUE_7__,"I.B1.2a.38","D25","E25","14e958538fc68dc4bf25b47ad11c4f3f90035873aa96616925e5cea0af242fb8","https://stat.link/mrq53f"
"Canada*","mathematics",2006,527.00718,1.9669,"I.B1.2a.38","D26","E26","14e958538fc68dc4bf25b47ad11c4f3f90035873aa96616925e5cea0af242fb8","https://stat.link/mrq53f"
"Chile","mathematics",2006,411.35034,4.58136,"I.B1.2a.38","D27","E27","14e958538fc68dc4bf25b47ad11c4f3f90035873aa96616925e5cea0af242fb8","https://stat.link/mrq53f"
"Colombia","mathematics",2006,369.97851,3.78337,"I.B1.2a.38","D28","E28","14e958538fc68dc4bf25b47ad11c4f3f90035873aa96616925e5cea0af242fb8","https://stat.link/mrq53f"
"Costa Rica","mathematics",2006,__R_MISSING_VALUE_7__,__R_MISSING_VALUE_7__,"I.B1.2a.38","D29","E29","14e958538fc68dc4bf25b47ad11c4f3f90035873aa96616925e5cea0af242fb8","https://stat.link/mrq53f"
"Croatia","mathematics",2006,467.24671,2.3658,"I.B1.2a.38","D30","E30","14e958538fc68dc4bf25b47ad11c4f3f90035873aa96616925e5cea0af242fb8","https://stat.link/mrq53f"
"Cyprus","mathematics",2006,__R_MISSING_VALUE_7__,__R_MISSING_VALUE_7__,"I.B1.2a.38","D31","E31","14e958538fc68dc4bf25b47ad11c4f3f90035873aa96616925e5cea0af242fb8","https://stat.link/mrq53f"
"Czechia","mathematics",2006,509.85936,3.55109,"I.B1.2a.38","D32","E32","14e958538fc68dc4bf25b47ad11c4f3f90035873aa96616925e5cea0af242fb8","https://stat.link/mrq53f"
"Denmark","mathematics",2006,513.02595,2.61696,"I.B1.2a.38","D33","E33","14e958538fc68dc4bf25b47ad11c4f3f90035873aa96616925e5cea0af242fb8","https://stat.link/mrq53f"
"Dominican Republic","mathematics",2006,__R_MISSING_VALUE_7__,__R_MISSING_VALUE_7__,"I.B1.2a.38","D34","E34","14e958538fc68dc4bf25b47ad11c4f3f90035873aa96616925e5cea0af242fb8","https://stat.link/mrq53f"
"Dushanbe (Tajikistan)","mathematics",2006,__R_MISSING_VALUE_7__,__R_MISSING_VALUE_7__,"I.B1.2a.38","D35","E35","14e958538fc68dc4bf25b47ad11c4f3f90035873aa96616925e5cea0af242fb8","https://stat.link/mrq53f"
"Ecuador","mathematics",2006,__R_MISSING_VALUE_7__,__R_MISSING_VALUE_7__,"I.B1.2a.38","D36","E36","14e958538fc68dc4bf25b47ad11c4f3f90035873aa96616925e5cea0af242fb8","https://stat.link/mrq53f"
"El Salvador","mathematics",2006,__R_MISSING_VALUE_7__,__R_MISSING_VALUE_7__,"I.B1.2a.38","D37","E37","14e958538fc68dc4bf25b47ad11c4f3f90035873aa96616925e5cea0af242fb8","https://stat.link/mrq53f"
"Estonia","mathematics",2006,514.57546,2.74523,"I.B1.2a.38","D38","E38","14e958538fc68dc4bf25b47ad11c4f3f90035873aa96616925e5cea0af242fb8","https://stat.link/mrq53f"
"Finland","mathematics",2006,548.35839,2.29556,"I.B1.2a.38","D39","E39","14e958538fc68dc4bf25b47ad11c4f3f90035873aa96616925e5cea0af242fb8","https://stat.link/mrq53f"
"France","mathematics",2006,495.53833,3.17083,"I.B1.2a.38","D40","E40","14e958538fc68dc4bf25b47ad11c4f3f90035873aa96616925e5cea0af242fb8","https://stat.link/mrq53f"
"Georgia","mathematics",2006,__R_MISSING_VALUE_7__,__R_MISSING_VALUE_7__,"I.B1.2a.38","D41","E41","14e958538fc68dc4bf25b47ad11c4f3f90035873aa96616925e5cea0af242fb8","https://stat.link/mrq53f"
"Germany","mathematics",2006,503.79086,3.86824,"I.B1.2a.38","D42","E42","14e958538fc68dc4bf25b47ad11c4f3f90035873aa96616925e5cea0af242fb8","https://stat.link/mrq53f"
"Greece","mathematics",2006,459.20199,2.9682,"I.B1.2a.38","D43","E43","14e958538fc68dc4bf25b47ad11c4f3f90035873aa96616925e5cea0af242fb8","https://stat.link/mrq53f"
"Guatemala","mathematics",2006,__R_MISSING_VALUE_7__,__R_MISSING_VALUE_7__,"I.B1.2a.38","D44","E44","14e958538fc68dc4bf25b47ad11c4f3f90035873aa96616925e5cea0af242fb8","https://stat.link/mrq53f"
"Hong Kong (China)","mathematics",2006,547.46068,2.66962,"I.B1.2a.38","D45","E45","14e958538fc68dc4bf25b47ad11c4f3f90035873aa96616925e5cea0af242fb8","https://stat.link/mrq53f"
"Hungary","mathematics",2006,490.93738,2.88521,"I.B1.2a.38","D46","E46","14e958538fc68dc4bf25b47ad11c4f3f90035873aa96616925e5cea0af242fb8","https://stat.link/mrq53f"
"Iceland","mathematics",2006,505.54483,1.80666,"I.B1.2a.38","D47","E47","14e958538fc68dc4bf25b47ad11c4f3f90035873aa96616925e5cea0af242fb8","https://stat.link/mrq53f"
"Indonesia","mathematics",2006,391.00681,5.62605,"I.B1.2a.38","D48","E48","14e958538fc68dc4bf25b47ad11c4f3f90035873aa96616925e5cea0af242fb8","https://stat.link/mrq53f"
"Ireland","mathematics",2006,501.47177,2.78522,"I.B1.2a.38","D49","E49","14e958538fc68dc4bf25b47ad11c4f3f90035873aa96616925e5cea0af242fb8","https://stat.link/mrq53f"
"Israel","mathematics",2006,441.85873,4.34573,"I.B1.2a.38","D50","E50","14e958538fc68dc4bf25b47ad11c4f3f90035873aa96616925e5cea0af242fb8","https://stat.link/mrq53f"
"Italy","mathematics",2006,461.68872,2.28246,"I.B1.2a.38","D51","E51","14e958538fc68dc4bf25b47ad11c4f3f90035873aa96616925e5cea0af242fb8","https://stat.link/mrq53f"
"Japan","mathematics",2006,523.10251,3.34151,"I.B1.2a.38","D52","E52","14e958538fc68dc4bf25b47ad11c4f3f90035873aa96616925e5cea0af242fb8","https://stat.link/mrq53f"
"Jordan","mathematics",2006,384.03605,3.30432,"I.B1.2a.38","D53","E53","14e958538fc68dc4bf25b47ad11c4f3f90035873aa96616925e5cea0af242fb8","https://stat.link/mrq53f"
"Kazakhstan","mathematics",2006,__R_MISSING_VALUE_7__,__R_MISSING_VALUE_7__,"I.B1.2a.38","D54","E54","14e958538fc68dc4bf25b47ad11c4f3f90035873aa96616925e5cea0af242fb8","https://stat.link/mrq53f"
"Kenya","mathematics",2006,__R_MISSING_VALUE_7__,__R_MISSING_VALUE_7__,"I.B1.2a.38","D55","E55","14e958538fc68dc4bf25b47ad11c4f3f90035873aa96616925e5cea0af242fb8","https://stat.link/mrq53f"
"Korea","mathematics",2006,547.45848,3.76115,"I.B1.2a.38","D56","E56","14e958538fc68dc4bf25b47ad11c4f3f90035873aa96616925e5cea0af242fb8","https://stat.link/mrq53f"
"Kosovo","mathematics",2006,__R_MISSING_VALUE_7__,__R_MISSING_VALUE_7__,"I.B1.2a.38","D57","E57","14e958538fc68dc4bf25b47ad11c4f3f90035873aa96616925e5cea0af242fb8","https://stat.link/mrq53f"
"Kurdistan Region (Iraq)","mathematics",2006,__R_MISSING_VALUE_7__,__R_MISSING_VALUE_7__,"I.B1.2a.38","D58","E58","14e958538fc68dc4bf25b47ad11c4f3f90035873aa96616925e5cea0af242fb8","https://stat.link/mrq53f"
"Kyrgyzstan","mathematics",2006,310.58383,3.40948,"I.B1.2a.38","D59","E59","14e958538fc68dc4bf25b47ad11c4f3f90035873aa96616925e5cea0af242fb8","https://stat.link/mrq53f"
"Latvia","mathematics",2006,486.16608,3.02711,"I.B1.2a.38","D60","E60","14e958538fc68dc4bf25b47ad11c4f3f90035873aa96616925e5cea0af242fb8","https://stat.link/mrq53f"
"Lebanon","mathematics",2006,__R_MISSING_VALUE_7__,__R_MISSING_VALUE_7__,"I.B1.2a.38","D61","E61","14e958538fc68dc4bf25b47ad11c4f3f90035873aa96616925e5cea0af242fb8","https://stat.link/mrq53f"
"Lithuania","mathematics",2006,486.42133,2.92527,"I.B1.2a.38","D62","E62","14e958538fc68dc4bf25b47ad11c4f3f90035873aa96616925e5cea0af242fb8","https://stat.link/mrq53f"
"Luxembourg","mathematics",2006,490.00184,1.06557,"I.B1.2a.38","D63","E63","14e958538fc68dc4bf25b47ad11c4f3f90035873aa96616925e5cea0af242fb8","https://stat.link/mrq53f"
"Macao (China)","mathematics",2006,525.00251,1.30363,"I.B1.2a.38","D64","E64","14e958538fc68dc4bf25b47ad11c4f3f90035873aa96616925e5cea0af242fb8","https://stat.link/mrq53f"
"Malaysia","mathematics",2006,__R_MISSING_VALUE_7__,__R_MISSING_VALUE_7__,"I.B1.2a.38","D65","E65","14e958538fc68dc4bf25b47ad11c4f3f90035873aa96616925e5cea0af242fb8","https://stat.link/mrq53f"
"Malta","mathematics",2006,__R_MISSING_VALUE_7__,__R_MISSING_VALUE_7__,"I.B1.2a.38","D66","E66","14e958538fc68dc4bf25b47ad11c4f3f90035873aa96616925e5cea0af242fb8","https://stat.link/mrq53f"
"Mauritius","mathematics",2006,__R_MISSING_VALUE_7__,__R_MISSING_VALUE_7__,"I.B1.2a.38","D67","E67","14e958538fc68dc4bf25b47ad11c4f3f90035873aa96616925e5cea0af242fb8","https://stat.link/mrq53f"
"Mexico","mathematics",2006,405.65464,2.92604,"I.B1.2a.38","D68","E68","14e958538fc68dc4bf25b47ad11c4f3f90035873aa96616925e5cea0af242fb8","https://stat.link/mrq53f"
"Moldova","mathematics",2006,__R_MISSING_VALUE_7__,__R_MISSING_VALUE_7__,"I.B1.2a.38","D69","E69","14e958538fc68dc4bf25b47ad11c4f3f90035873aa96616925e5cea0af242fb8","https://stat.link/mrq53f"
"Mongolia","mathematics",2006,__R_MISSING_VALUE_7__,__R_MISSING_VALUE_7__,"I.B1.2a.38","D70","E70","14e958538fc68dc4bf25b47ad11c4f3f90035873aa96616925e5cea0af242fb8","https://stat.link/mrq53f"
"Montenegro","mathematics",2006,399.30769,1.36623,"I.B1.2a.38","D71","E71","14e958538fc68dc4bf25b47ad11c4f3f90035873aa96616925e5cea0af242fb8","https://stat.link/mrq53f"
"Morocco","mathematics",2006,__R_MISSING_VALUE_7__,__R_MISSING_VALUE_7__,"I.B1.2a.38","D72","E72","14e958538fc68dc4bf25b47ad11c4f3f90035873aa96616925e5cea0af242fb8","https://stat.link/mrq53f"
"Netherlands*","mathematics",2006,530.65405,2.58567,"I.B1.2a.38","D73","E73","14e958538fc68dc4bf25b47ad11c4f3f90035873aa96616925e5cea0af242fb8","https://stat.link/mrq53f"
"New Zealand*","mathematics",2006,521.98885,2.38956,"I.B1.2a.38","D74","E74","14e958538fc68dc4bf25b47ad11c4f3f90035873aa96616925e5cea0af242fb8","https://stat.link/mrq53f"
"North Macedonia","mathematics",2006,__R_MISSING_VALUE_7__,__R_MISSING_VALUE_7__,"I.B1.2a.38","D75","E75","14e958538fc68dc4bf25b47ad11c4f3f90035873aa96616925e5cea0af242fb8","https://stat.link/mrq53f"
"Norway*","mathematics",2006,489.84635,2.64076,"I.B1.2a.38","D76","E76","14e958538fc68dc4bf25b47ad11c4f3f90035873aa96616925e5cea0af242fb8","https://stat.link/mrq53f"
"Palestinian Authority","mathematics",2006,__R_MISSING_VALUE_7__,__R_MISSING_VALUE_7__,"I.B1.2a.38","D77","E77","14e958538fc68dc4bf25b47ad11c4f3f90035873aa96616925e5cea0af242fb8","https://stat.link/mrq53f"
"Paraguay","mathematics",2006,__R_MISSING_VALUE_7__,__R_MISSING_VALUE_7__,"I.B1.2a.38","D78","E78","14e958538fc68dc4bf25b47ad11c4f3f90035873aa96616925e5cea0af242fb8","https://stat.link/mrq53f"
"Peru","mathematics",2006,__R_MISSING_VALUE_7__,__R_MISSING_VALUE_7__,"I.B1.2a.38","D79","E79","14e958538fc68dc4bf25b47ad11c4f3f90035873aa96616925e5cea0af242fb8","https://stat.link/mrq53f"
"Philippines","mathematics",2006,__R_MISSING_VALUE_7__,__R_MISSING_VALUE_7__,"I.B1.2a.38","D80","E80","14e958538fc68dc4bf25b47ad11c4f3f90035873aa96616925e5cea0af242fb8","https://stat.link/mrq53f"
"Poland","mathematics",2006,495.4285,2.44173,"I.B1.2a.38","D81","E81","14e958538fc68dc4bf25b47ad11c4f3f90035873aa96616925e5cea0af242fb8","https://stat.link/mrq53f"
"Portugal","mathematics",2006,466.16099,3.06854,"I.B1.2a.38","D82","E82","14e958538fc68dc4bf25b47ad11c4f3f90035873aa96616925e5cea0af242fb8","https://stat.link/mrq53f"
"Qatar","mathematics",2006,317.95565,1.02291,"I.B1.2a.38","D83","E83","14e958538fc68dc4bf25b47ad11c4f3f90035873aa96616925e5cea0af242fb8","https://stat.link/mrq53f"
"Romania","mathematics",2006,414.79595,4.20881,"I.B1.2a.38","D84","E84","14e958538fc68dc4bf25b47ad11c4f3f90035873aa96616925e5cea0af242fb8","https://stat.link/mrq53f"
"Rwanda","mathematics",2006,__R_MISSING_VALUE_7__,__R_MISSING_VALUE_7__,"I.B1.2a.38","D85","E85","14e958538fc68dc4bf25b47ad11c4f3f90035873aa96616925e5cea0af242fb8","https://stat.link/mrq53f"
"Saudi Arabia","mathematics",2006,__R_MISSING_VALUE_7__,__R_MISSING_VALUE_7__,"I.B1.2a.38","D86","E86","14e958538fc68dc4bf25b47ad11c4f3f90035873aa96616925e5cea0af242fb8","https://stat.link/mrq53f"
"Serbia","mathematics",2006,435.37533,3.51026,"I.B1.2a.38","D87","E87","14e958538fc68dc4bf25b47ad11c4f3f90035873aa96616925e5cea0af242fb8","https://stat.link/mrq53f"
"Singapore","mathematics",2006,__R_MISSING_VALUE_7__,__R_MISSING_VALUE_7__,"I.B1.2a.38","D88","E88","14e958538fc68dc4bf25b47ad11c4f3f90035873aa96616925e5cea0af242fb8","https://stat.link/mrq53f"
"Slovak Republic","mathematics",2006,492.10624,2.82351,"I.B1.2a.38","D89","E89","14e958538fc68dc4bf25b47ad11c4f3f90035873aa96616925e5cea0af242fb8","https://stat.link/mrq53f"
"Slovenia","mathematics",2006,504.45596,1.04279,"I.B1.2a.38","D90","E90","14e958538fc68dc4bf25b47ad11c4f3f90035873aa96616925e5cea0af242fb8","https://stat.link/mrq53f"
"Spain","mathematics",2006,479.95751,2.33443,"I.B1.2a.38","D91","E91","14e958538fc68dc4bf25b47ad11c4f3f90035873aa96616925e5cea0af242fb8","https://stat.link/mrq53f"
"Sweden","mathematics",2006,502.3564,2.40767,"I.B1.2a.38","D92","E92","14e958538fc68dc4bf25b47ad11c4f3f90035873aa96616925e5cea0af242fb8","https://stat.link/mrq53f"
"Switzerland","mathematics",2006,529.65615,3.15344,"I.B1.2a.38","D93","E93","14e958538fc68dc4bf25b47ad11c4f3f90035873aa96616925e5cea0af242fb8","https://stat.link/mrq53f"
"Chinese Taipei","mathematics",2006,549.35727,4.10274,"I.B1.2a.38","D94","E94","14e958538fc68dc4bf25b47ad11c4f3f90035873aa96616925e5cea0af242fb8","https://stat.link/mrq53f"
"Thailand","mathematics",2006,417.07261,2.33581,"I.B1.2a.38","D95","E95","14e958538fc68dc4bf25b47ad11c4f3f90035873aa96616925e5cea0af242fb8","https://stat.link/mrq53f"
"Türkiye","mathematics",2006,423.94119,4.90105,"I.B1.2a.38","D96","E96","14e958538fc68dc4bf25b47ad11c4f3f90035873aa96616925e5cea0af242fb8","https://stat.link/mrq53f"
"Ukrainian regions (17 of 27)","mathematics",2006,__R_MISSING_VALUE_7__,__R_MISSING_VALUE_7__,"I.B1.2a.38","D97","E97","14e958538fc68dc4bf25b47ad11c4f3f90035873aa96616925e5cea0af242fb8","https://stat.link/mrq53f"
"United Arab Emirates","mathematics",2006,__R_MISSING_VALUE_7__,__R_MISSING_VALUE_7__,"I.B1.2a.38","D98","E98","14e958538fc68dc4bf25b47ad11c4f3f90035873aa96616925e5cea0af242fb8","https://stat.link/mrq53f"
"United Kingdom","mathematics",2006,495.44416,2.14273,"I.B1.2a.38","D99","E99","14e958538fc68dc4bf25b47ad11c4f3f90035873aa96616925e5cea0af242fb8","https://stat.link/mrq53f"
"United States*","mathematics",2006,474.35216,4.02051,"I.B1.2a.38","D100","E100","14e958538fc68dc4bf25b47ad11c4f3f90035873aa96616925e5cea0af242fb8","https://stat.link/mrq53f"
"Uruguay","mathematics",2006,426.79904,2.6051,"I.B1.2a.38","D101","E101","14e958538fc68dc4bf25b47ad11c4f3f90035873aa96616925e5cea0af242fb8","https://stat.link/mrq53f"
"Uzbekistan","mathematics",2006,__R_MISSING_VALUE_7__,__R_MISSING_VALUE_7__,"I.B1.2a.38","D102","E102","14e958538fc68dc4bf25b47ad11c4f3f90035873aa96616925e5cea0af242fb8","https://stat.link/mrq53f"
"Viet Nam","mathematics",2006,__R_MISSING_VALUE_7__,__R_MISSING_VALUE_7__,"I.B1.2a.38","D103","E103","14e958538fc68dc4bf25b47ad11c4f3f90035873aa96616925e5cea0af242fb8","https://stat.link/mrq53f"
"Zambia","mathematics",2006,__R_MISSING_VALUE_7__,__R_MISSING_VALUE_7__,"I.B1.2a.38","D104","E104","14e958538fc68dc4bf25b47ad11c4f3f90035873aa96616925e5cea0af242fb8","https://stat.link/mrq53f"
"Albania*","mathematics",2006,__R_MISSING_VALUE_7__,__R_MISSING_VALUE_7__,"I.B1.2a.38","D106","E106","14e958538fc68dc4bf25b47ad11c4f3f90035873aa96616925e5cea0af242fb8","https://stat.link/mrq53f"
"OECD average","mathematics",2009,__R_MISSING_VALUE_7__,__R_MISSING_VALUE_7__,"I.B1.2a.38","F10","G10","14e958538fc68dc4bf25b47ad11c4f3f90035873aa96616925e5cea0af242fb8","https://stat.link/mrq53f"
"OECD average-23","mathematics",2009,501.66896,0.57843,"I.B1.2a.38","F11","G11","14e958538fc68dc4bf25b47ad11c4f3f90035873aa96616925e5cea0af242fb8","https://stat.link/mrq53f"
"OECD average-35","mathematics",2009,__R_MISSING_VALUE_7__,__R_MISSING_VALUE_7__,"I.B1.2a.38","F12","G12","14e958538fc68dc4bf25b47ad11c4f3f90035873aa96616925e5cea0af242fb8","https://stat.link/mrq53f"
"Argentina","mathematics",2009,388.06813,4.09092,"I.B1.2a.38","F15","G15","14e958538fc68dc4bf25b47ad11c4f3f90035873aa96616925e5cea0af242fb8","https://stat.link/mrq53f"
"Armenia","mathematics",2009,__R_MISSING_VALUE_7__,__R_MISSING_VALUE_7__,"I.B1.2a.38","F16","G16","14e958538fc68dc4bf25b47ad11c4f3f90035873aa96616925e5cea0af242fb8","https://stat.link/mrq53f"
"Australia","mathematics",2009,514.34046,2.52826,"I.B1.2a.38","F17","G17","14e958538fc68dc4bf25b47ad11c4f3f90035873aa96616925e5cea0af242fb8","https://stat.link/mrq53f"
"Austria","mathematics",2009,__R_MISSING_VALUE_7__,__R_MISSING_VALUE_7__,"I.B1.2a.38","F18","G18","14e958538fc68dc4bf25b47ad11c4f3f90035873aa96616925e5cea0af242fb8","https://stat.link/mrq53f"
"Azerbaijan","mathematics",2009,430.9753,2.76499,"I.B1.2a.38","F19","G19","14e958538fc68dc4bf25b47ad11c4f3f90035873aa96616925e5cea0af242fb8","https://stat.link/mrq53f"
"Belgium","mathematics",2009,515.27228,2.25432,"I.B1.2a.38","F20","G20","14e958538fc68dc4bf25b47ad11c4f3f90035873aa96616925e5cea0af242fb8","https://stat.link/mrq53f"
"Brazil","mathematics",2009,385.81411,2.38857,"I.B1.2a.38","F21","G21","14e958538fc68dc4bf25b47ad11c4f3f90035873aa96616925e5cea0af242fb8","https://stat.link/mrq53f"
"Brunei Darussalam","mathematics",2009,__R_MISSING_VALUE_7__,__R_MISSING_VALUE_7__,"I.B1.2a.38","F22","G22","14e958538fc68dc4bf25b47ad11c4f3f90035873aa96616925e5cea0af242fb8","https://stat.link/mrq53f"
"B-S-J-Z (China)","mathematics",2009,__R_MISSING_VALUE_7__,__R_MISSING_VALUE_7__,"I.B1.2a.38","F23","G23","14e958538fc68dc4bf25b47ad11c4f3f90035873aa96616925e5cea0af242fb8","https://stat.link/mrq53f"
"Bulgaria","mathematics",2009,428.06614,5.85966,"I.B1.2a.38","F24","G24","14e958538fc68dc4bf25b47ad11c4f3f90035873aa96616925e5cea0af242fb8","https://stat.link/mrq53f"
"Cambodia","mathematics",2009,__R_MISSING_VALUE_7__,__R_MISSING_VALUE_7__,"I.B1.2a.38","F25","G25","14e958538fc68dc4bf25b47ad11c4f3f90035873aa96616925e5cea0af242fb8","https://stat.link/mrq53f"
"Canada*","mathematics",2009,526.80515,1.61357,"I.B1.2a.38","F26","G26","14e958538fc68dc4bf25b47ad11c4f3f90035873aa96616925e5cea0af242fb8","https://stat.link/mrq53f"
"Chile","mathematics",2009,421.06047,3.05939,"I.B1.2a.38","F27","G27","14e958538fc68dc4bf25b47ad11c4f3f90035873aa96616925e5cea0af242fb8","https://stat.link/mrq53f"
"Colombia","mathematics",2009,380.84821,3.24089,"I.B1.2a.38","F28","G28","14e958538fc68dc4bf25b47ad11c4f3f90035873aa96616925e5cea0af242fb8","https://stat.link/mrq53f"
"Costa Rica","mathematics",2009,409.38538,2.98101,"I.B1.2a.38","F29","G29","14e958538fc68dc4bf25b47ad11c4f3f90035873aa96616925e5cea0af242fb8","https://stat.link/mrq53f"
"Croatia","mathematics",2009,459.93892,3.09089,"I.B1.2a.38","F30","G30","14e958538fc68dc4bf25b47ad11c4f3f90035873aa96616925e5cea0af242fb8","https://stat.link/mrq53f"
"Cyprus","mathematics",2009,__R_MISSING_VALUE_7__,__R_MISSING_VALUE_7__,"I.B1.2a.38","F31","G31","14e958538fc68dc4bf25b47ad11c4f3f90035873aa96616925e5cea0af242fb8","https://stat.link/mrq53f"
"Czechia","mathematics",2009,492.81409,2.83013,"I.B1.2a.38","F32","G32","14e958538fc68dc4bf25b47ad11c4f3f90035873aa96616925e5cea0af242fb8","https://stat.link/mrq53f"
"Denmark","mathematics",2009,503.27815,2.60272,"I.B1.2a.38","F33","G33","14e958538fc68dc4bf25b47ad11c4f3f90035873aa96616925e5cea0af242fb8","https://stat.link/mrq53f"
"Dominican Republic","mathematics",2009,__R_MISSING_VALUE_7__,__R_MISSING_VALUE_7__,"I.B1.2a.38","F34","G34","14e958538fc68dc4bf25b47ad11c4f3f90035873aa96616925e5cea0af242fb8","https://stat.link/mrq53f"
"Dushanbe (Tajikistan)","mathematics",2009,__R_MISSING_VALUE_7__,__R_MISSING_VALUE_7__,"I.B1.2a.38","F35","G35","14e958538fc68dc4bf25b47ad11c4f3f90035873aa96616925e5cea0af242fb8","https://stat.link/mrq53f"
"Ecuador","mathematics",2009,__R_MISSING_VALUE_7__,__R_MISSING_VALUE_7__,"I.B1.2a.38","F36","G36","14e958538fc68dc4bf25b47ad11c4f3f90035873aa96616925e5cea0af242fb8","https://stat.link/mrq53f"
"El Salvador","mathematics",2009,__R_MISSING_VALUE_7__,__R_MISSING_VALUE_7__,"I.B1.2a.38","F37","G37","14e958538fc68dc4bf25b47ad11c4f3f90035873aa96616925e5cea0af242fb8","https://stat.link/mrq53f"
"Estonia","mathematics",2009,512.1042,2.5656,"I.B1.2a.38","F38","G38","14e958538fc68dc4bf25b47ad11c4f3f90035873aa96616925e5cea0af242fb8","https://stat.link/mrq53f"
"Finland","mathematics",2009,540.50435,2.16654,"I.B1.2a.38","F39","G39","14e958538fc68dc4bf25b47ad11c4f3f90035873aa96616925e5cea0af242fb8","https://stat.link/mrq53f"
"France","mathematics",2009,496.78231,3.09357,"I.B1.2a.38","F40","G40","14e958538fc68dc4bf25b47ad11c4f3f90035873aa96616925e5cea0af242fb8","https://stat.link/mrq53f"
"Georgia","mathematics",2009,379.49093,2.793,"I.B1.2a.38","F41","G41","14e958538fc68dc4bf25b47ad11c4f3f90035873aa96616925e5cea0af242fb8","https://stat.link/mrq53f"
"Germany","mathematics",2009,512.77764,2.86306,"I.B1.2a.38","F42","G42","14e958538fc68dc4bf25b47ad11c4f3f90035873aa96616925e5cea0af242fb8","https://stat.link/mrq53f"
"Greece","mathematics",2009,466.09637,3.8797,"I.B1.2a.38","F43","G43","14e958538fc68dc4bf25b47ad11c4f3f90035873aa96616925e5cea0af242fb8","https://stat.link/mrq53f"
"Guatemala","mathematics",2009,__R_MISSING_VALUE_7__,__R_MISSING_VALUE_7__,"I.B1.2a.38","F44","G44","14e958538fc68dc4bf25b47ad11c4f3f90035873aa96616925e5cea0af242fb8","https://stat.link/mrq53f"
"Hong Kong (China)","mathematics",2009,554.52751,2.72816,"I.B1.2a.38","F45","G45","14e958538fc68dc4bf25b47ad11c4f3f90035873aa96616925e5cea0af242fb8","https://stat.link/mrq53f"
"Hungary","mathematics",2009,490.17003,3.45104,"I.B1.2a.38","F46","G46","14e958538fc68dc4bf25b47ad11c4f3f90035873aa96616925e5cea0af242fb8","https://stat.link/mrq53f"
"Iceland","mathematics",2009,506.66916,1.38979,"I.B1.2a.38","F47","G47","14e958538fc68dc4bf25b47ad11c4f3f90035873aa96616925e5cea0af242fb8","https://stat.link/mrq53f"
"Indonesia","mathematics",2009,371.30093,3.72079,"I.B1.2a.38","F48","G48","14e958538fc68dc4bf25b47ad11c4f3f90035873aa96616925e5cea0af242fb8","https://stat.link/mrq53f"
"Ireland","mathematics",2009,487.13638,2.54407,"I.B1.2a.38","F49","G49","14e958538fc68dc4bf25b47ad11c4f3f90035873aa96616925e5cea0af242fb8","https://stat.link/mrq53f"
"Israel","mathematics",2009,446.86376,3.27822,"I.B1.2a.38","F50","G50","14e958538fc68dc4bf25b47ad11c4f3f90035873aa96616925e5cea0af242fb8","https://stat.link/mrq53f"
"Italy","mathematics",2009,482.90848,1.85586,"I.B1.2a.38","F51","G51","14e958538fc68dc4bf25b47ad11c4f3f90035873aa96616925e5cea0af242fb8","https://stat.link/mrq53f"
"Japan","mathematics",2009,528.99309,3.32821,"I.B1.2a.38","F52","G52","14e958538fc68dc4bf25b47ad11c4f3f90035873aa96616925e5cea0af242fb8","https://stat.link/mrq53f"
"Jordan","mathematics",2009,386.66381,3.7119,"I.B1.2a.38","F53","G53","14e958538fc68dc4bf25b47ad11c4f3f90035873aa96616925e5cea0af242fb8","https://stat.link/mrq53f"
"Kazakhstan","mathematics",2009,404.88469,3.03792,"I.B1.2a.38","F54","G54","14e958538fc68dc4bf25b47ad11c4f3f90035873aa96616925e5cea0af242fb8","https://stat.link/mrq53f"
"Kenya","mathematics",2009,__R_MISSING_VALUE_7__,__R_MISSING_VALUE_7__,"I.B1.2a.38","F55","G55","14e958538fc68dc4bf25b47ad11c4f3f90035873aa96616925e5cea0af242fb8","https://stat.link/mrq53f"
"Korea","mathematics",2009,546.22853,4.01536,"I.B1.2a.38","F56","G56","14e958538fc68dc4bf25b47ad11c4f3f90035873aa96616925e5cea0af242fb8","https://stat.link/mrq53f"
"Kosovo","mathematics",2009,__R_MISSING_VALUE_7__,__R_MISSING_VALUE_7__,"I.B1.2a.38","F57","G57","14e958538fc68dc4bf25b47ad11c4f3f90035873aa96616925e5cea0af242fb8","https://stat.link/mrq53f"
"Kurdistan Region (Iraq)","mathematics",2009,__R_MISSING_VALUE_7__,__R_MISSING_VALUE_7__,"I.B1.2a.38","F58","G58","14e958538fc68dc4bf25b47ad11c4f3f90035873aa96616925e5cea0af242fb8","https://stat.link/mrq53f"
"Kyrgyzstan","mathematics",2009,331.15551,2.87344,"I.B1.2a.38","F59","G59","14e958538fc68dc4bf25b47ad11c4f3f90035873aa96616925e5cea0af242fb8","https://stat.link/mrq53f"
"Latvia","mathematics",2009,481.95382,3.06715,"I.B1.2a.38","F60","G60","14e958538fc68dc4bf25b47ad11c4f3f90035873aa96616925e5cea0af242fb8","https://stat.link/mrq53f"
"Lebanon","mathematics",2009,__R_MISSING_VALUE_7__,__R_MISSING_VALUE_7__,"I.B1.2a.38","F61","G61","14e958538fc68dc4bf25b47ad11c4f3f90035873aa96616925e5cea0af242fb8","https://stat.link/mrq53f"
"Lithuania","mathematics",2009,476.6023,2.61665,"I.B1.2a.38","F62","G62","14e958538fc68dc4bf25b47ad11c4f3f90035873aa96616925e5cea0af242fb8","https://stat.link/mrq53f"
"Luxembourg","mathematics",2009,489.06726,1.17935,"I.B1.2a.38","F63","G63","14e958538fc68dc4bf25b47ad11c4f3f90035873aa96616925e5cea0af242fb8","https://stat.link/mrq53f"
"Macao (China)","mathematics",2009,525.28302,0.9151,"I.B1.2a.38","F64","G64","14e958538fc68dc4bf25b47ad11c4f3f90035873aa96616925e5cea0af242fb8","https://stat.link/mrq53f"
"Malaysia","mathematics",2009,404.25812,2.71324,"I.B1.2a.38","F65","G65","14e958538fc68dc4bf25b47ad11c4f3f90035873aa96616925e5cea0af242fb8","https://stat.link/mrq53f"
"Malta","mathematics",2009,462.87598,1.43056,"I.B1.2a.38","F66","G66","14e958538fc68dc4bf25b47ad11c4f3f90035873aa96616925e5cea0af242fb8","https://stat.link/mrq53f"
"Mauritius","mathematics",2009,419.99719,0.96793,"I.B1.2a.38","F67","G67","14e958538fc68dc4bf25b47ad11c4f3f90035873aa96616925e5cea0af242fb8","https://stat.link/mrq53f"
"Mexico","mathematics",2009,418.50909,1.82591,"I.B1.2a.38","F68","G68","14e958538fc68dc4bf25b47ad11c4f3f90035873aa96616925e5cea0af242fb8","https://stat.link/mrq53f"
"Moldova","mathematics",2009,397.49201,3.12817,"I.B1.2a.38","F69","G69","14e958538fc68dc4bf25b47ad11c4f3f90035873aa96616925e5cea0af242fb8","https://stat.link/mrq53f"
"Mongolia","mathematics",2009,__R_MISSING_VALUE_7__,__R_MISSING_VALUE_7__,"I.B1.2a.38","F70","G70","14e958538fc68dc4bf25b47ad11c4f3f90035873aa96616925e5cea0af242fb8","https://stat.link/mrq53f"
"Montenegro","mathematics",2009,402.51536,2.03159,"I.B1.2a.38","F71","G71","14e958538fc68dc4bf25b47ad11c4f3f90035873aa96616925e5cea0af242fb8","https://stat.link/mrq53f"
"Morocco","mathematics",2009,__R_MISSING_VALUE_7__,__R_MISSING_VALUE_7__,"I.B1.2a.38","F72","G72","14e958538fc68dc4bf25b47ad11c4f3f90035873aa96616925e5cea0af242fb8","https://stat.link/mrq53f"
"Netherlands*","mathematics",2009,525.83569,4.74536,"I.B1.2a.38","F73","G73","14e958538fc68dc4bf25b47ad11c4f3f90035873aa96616925e5cea0af242fb8","https://stat.link/mrq53f"
"New Zealand*","mathematics",2009,519.30087,2.31199,"I.B1.2a.38","F74","G74","14e958538fc68dc4bf25b47ad11c4f3f90035873aa96616925e5cea0af242fb8","https://stat.link/mrq53f"
"North Macedonia","mathematics",2009,__R_MISSING_VALUE_7__,__R_MISSING_VALUE_7__,"I.B1.2a.38","F75","G75","14e958538fc68dc4bf25b47ad11c4f3f90035873aa96616925e5cea0af242fb8","https://stat.link/mrq53f"
"Norway*","mathematics",2009,497.95569,2.39725,"I.B1.2a.38","F76","G76","14e958538fc68dc4bf25b47ad11c4f3f90035873aa96616925e5cea0af242fb8","https://stat.link/mrq53f"
"Palestinian Authority","mathematics",2009,__R_MISSING_VALUE_7__,__R_MISSING_VALUE_7__,"I.B1.2a.38","F77","G77","14e958538fc68dc4bf25b47ad11c4f3f90035873aa96616925e5cea0af242fb8","https://stat.link/mrq53f"
"Paraguay","mathematics",2009,__R_MISSING_VALUE_7__,__R_MISSING_VALUE_7__,"I.B1.2a.38","F78","G78","14e958538fc68dc4bf25b47ad11c4f3f90035873aa96616925e5cea0af242fb8","https://stat.link/mrq53f"
"Peru","mathematics",2009,365.10727,3.99818,"I.B1.2a.38","F79","G79","14e958538fc68dc4bf25b47ad11c4f3f90035873aa96616925e5cea0af242fb8","https://stat.link/mrq53f"
"Philippines","mathematics",2009,__R_MISSING_VALUE_7__,__R_MISSING_VALUE_7__,"I.B1.2a.38","F80","G80","14e958538fc68dc4bf25b47ad11c4f3f90035873aa96616925e5cea0af242fb8","https://stat.link/mrq53f"
"Poland","mathematics",2009,494.80292,2.83824,"I.B1.2a.38","F81","G81","14e958538fc68dc4bf25b47ad11c4f3f90035873aa96616925e5cea0af242fb8","https://stat.link/mrq53f"
"Portugal","mathematics",2009,486.88831,2.9149,"I.B1.2a.38","F82","G82","14e958538fc68dc4bf25b47ad11c4f3f90035873aa96616925e5cea0af242fb8","https://stat.link/mrq53f"
"Qatar","mathematics",2009,368.11249,0.70388,"I.B1.2a.38","F83","G83","14e958538fc68dc4bf25b47ad11c4f3f90035873aa96616925e5cea0af242fb8","https://stat.link/mrq53f"
"Romania","mathematics",2009,427.07918,3.40562,"I.B1.2a.38","F84","G84","14e958538fc68dc4bf25b47ad11c4f3f90035873aa96616925e5cea0af242fb8","https://stat.link/mrq53f"
"Rwanda","mathematics",2009,__R_MISSING_VALUE_7__,__R_MISSING_VALUE_7__,"I.B1.2a.38","F85","G85","14e958538fc68dc4bf25b47ad11c4f3f90035873aa96616925e5cea0af242fb8","https://stat.link/mrq53f"
"Saudi Arabia","mathematics",2009,__R_MISSING_VALUE_7__,__R_MISSING_VALUE_7__,"I.B1.2a.38","F86","G86","14e958538fc68dc4bf25b47ad11c4f3f90035873aa96616925e5cea0af242fb8","https://stat.link/mrq53f"
"Serbia","mathematics",2009,442.38189,2.92314,"I.B1.2a.38","F87","G87","14e958538fc68dc4bf25b47ad11c4f3f90035873aa96616925e5cea0af242fb8","https://stat.link/mrq53f"
"Singapore","mathematics",2009,562.01874,1.43993,"I.B1.2a.38","F88","G88","14e958538fc68dc4bf25b47ad11c4f3f90035873aa96616925e5cea0af242fb8","https://stat.link/mrq53f"
"Slovak Republic","mathematics",2009,496.68342,3.08246,"I.B1.2a.38","F89","G89","14e958538fc68dc4bf25b47ad11c4f3f90035873aa96616925e5cea0af242fb8","https://stat.link/mrq53f"
"Slovenia","mathematics",2009,501.47239,1.22507,"I.B1.2a.38","F90","G90","14e958538fc68dc4bf25b47ad11c4f3f90035873aa96616925e5cea0af242fb8","https://stat.link/mrq53f"
"Spain","mathematics",2009,483.49314,2.10851,"I.B1.2a.38","F91","G91","14e958538fc68dc4bf25b47ad11c4f3f90035873aa96616925e5cea0af242fb8","https://stat.link/mrq53f"
"Sweden","mathematics",2009,494.23818,2.89887,"I.B1.2a.38","F92","G92","14e958538fc68dc4bf25b47ad11c4f3f90035873aa96616925e5cea0af242fb8","https://stat.link/mrq53f"
"Switzerland","mathematics",2009,533.96064,3.29768,"I.B1.2a.38","F93","G93","14e958538fc68dc4bf25b47ad11c4f3f90035873aa96616925e5cea0af242fb8","https://stat.link/mrq53f"
"Chinese Taipei","mathematics",2009,543.18242,3.39539,"I.B1.2a.38","F94","G94","14e958538fc68dc4bf25b47ad11c4f3f90035873aa96616925e5cea0af242fb8","https://stat.link/mrq53f"
"Thailand","mathematics",2009,418.58393,3.22832,"I.B1.2a.38","F95","G95","14e958538fc68dc4bf25b47ad11c4f3f90035873aa96616925e5cea0af242fb8","https://stat.link/mrq53f"
"Türkiye","mathematics",2009,445.45134,4.44126,"I.B1.2a.38","F96","G96","14e958538fc68dc4bf25b47ad11c4f3f90035873aa96616925e5cea0af242fb8","https://stat.link/mrq53f"
"Ukrainian regions (17 of 27)","mathematics",2009,__R_MISSING_VALUE_7__,__R_MISSING_VALUE_7__,"I.B1.2a.38","F97","G97","14e958538fc68dc4bf25b47ad11c4f3f90035873aa96616925e5cea0af242fb8","https://stat.link/mrq53f"
"United Arab Emirates","mathematics",2009,421.14983,2.46179,"I.B1.2a.38","F98","G98","14e958538fc68dc4bf25b47ad11c4f3f90035873aa96616925e5cea0af242fb8","https://stat.link/mrq53f"
"United Kingdom","mathematics",2009,492.41408,2.42044,"I.B1.2a.38","F99","G99","14e958538fc68dc4bf25b47ad11c4f3f90035873aa96616925e5cea0af242fb8","https://stat.link/mrq53f"
"United States*","mathematics",2009,487.39652,3.57407,"I.B1.2a.38","F100","G100","14e958538fc68dc4bf25b47ad11c4f3f90035873aa96616925e5cea0af242fb8","https://stat.link/mrq53f"
"Uruguay","mathematics",2009,426.72377,2.58753,"I.B1.2a.38","F101","G101","14e958538fc68dc4bf25b47ad11c4f3f90035873aa96616925e5cea0af242fb8","https://stat.link/mrq53f"
"Uzbekistan","mathematics",2009,__R_MISSING_VALUE_7__,__R_MISSING_VALUE_7__,"I.B1.2a.38","F102","G102","14e958538fc68dc4bf25b47ad11c4f3f90035873aa96616925e5cea0af242fb8","https://stat.link/mrq53f"
"Viet Nam","mathematics",2009,__R_MISSING_VALUE_7__,__R_MISSING_VALUE_7__,"I.B1.2a.38","F103","G103","14e958538fc68dc4bf25b47ad11c4f3f90035873aa96616925e5cea0af242fb8","https://stat.link/mrq53f"
"Zambia","mathematics",2009,__R_MISSING_VALUE_7__,__R_MISSING_VALUE_7__,"I.B1.2a.38","F104","G104","14e958538fc68dc4bf25b47ad11c4f3f90035873aa96616925e5cea0af242fb8","https://stat.link/mrq53f"
"Albania*","mathematics",2009,377.46106,3.97975,"I.B1.2a.38","F106","G106","14e958538fc68dc4bf25b47ad11c4f3f90035873aa96616925e5cea0af242fb8","https://stat.link/mrq53f"
"OECD average","mathematics",2012,488.16415,0.46522,"I.B1.2a.38","H10","I10","14e958538fc68dc4bf25b47ad11c4f3f90035873aa96616925e5cea0af242fb8","https://stat.link/mrq53f"
"OECD average-23","mathematics",2012,498.67532,0.56387,"I.B1.2a.38","H11","I11","14e958538fc68dc4bf25b47ad11c4f3f90035873aa96616925e5cea0af242fb8","https://stat.link/mrq53f"
"OECD average-35","mathematics",2012,490.54496,0.49362,"I.B1.2a.38","H12","I12","14e958538fc68dc4bf25b47ad11c4f3f90035873aa96616925e5cea0af242fb8","https://stat.link/mrq53f"
"Argentina","mathematics",2012,388.43171,3.52972,"I.B1.2a.38","H15","I15","14e958538fc68dc4bf25b47ad11c4f3f90035873aa96616925e5cea0af242fb8","https://stat.link/mrq53f"
"Armenia","mathematics",2012,__R_MISSING_VALUE_7__,__R_MISSING_VALUE_7__,"I.B1.2a.38","H16","I16","14e958538fc68dc4bf25b47ad11c4f3f90035873aa96616925e5cea0af242fb8","https://stat.link/mrq53f"
"Australia","mathematics",2012,504.15077,1.64308,"I.B1.2a.38","H17","I17","14e958538fc68dc4bf25b47ad11c4f3f90035873aa96616925e5cea0af242fb8","https://stat.link/mrq53f"
"Austria","mathematics",2012,505.54074,2.66806,"I.B1.2a.38","H18","I18","14e958538fc68dc4bf25b47ad11c4f3f90035873aa96616925e5cea0af242fb8","https://stat.link/mrq53f"
"Azerbaijan","mathematics",2012,__R_MISSING_VALUE_7__,__R_MISSING_VALUE_7__,"I.B1.2a.38","H19","I19","14e958538fc68dc4bf25b47ad11c4f3f90035873aa96616925e5cea0af242fb8","https://stat.link/mrq53f"
"Belgium","mathematics",2012,514.52924,2.14489,"I.B1.2a.38","H20","I20","14e958538fc68dc4bf25b47ad11c4f3f90035873aa96616925e5cea0af242fb8","https://stat.link/mrq53f"
"Brazil","mathematics",2012,388.50896,1.93653,"I.B1.2a.38","H21","I21","14e958538fc68dc4bf25b47ad11c4f3f90035873aa96616925e5cea0af242fb8","https://stat.link/mrq53f"
"Brunei Darussalam","mathematics",2012,__R_MISSING_VALUE_7__,__R_MISSING_VALUE_7__,"I.B1.2a.38","H22","I22","14e958538fc68dc4bf25b47ad11c4f3f90035873aa96616925e5cea0af242fb8","https://stat.link/mrq53f"
"B-S-J-Z (China)","mathematics",2012,__R_MISSING_VALUE_7__,__R_MISSING_VALUE_7__,"I.B1.2a.38","H23","I23","14e958538fc68dc4bf25b47ad11c4f3f90035873aa96616925e5cea0af242fb8","https://stat.link/mrq53f"
"Bulgaria","mathematics",2012,438.73826,3.98842,"I.B1.2a.38","H24","I24","14e958538fc68dc4bf25b47ad11c4f3f90035873aa96616925e5cea0af242fb8","https://stat.link/mrq53f"
"Cambodia","mathematics",2012,__R_MISSING_VALUE_7__,__R_MISSING_VALUE_7__,"I.B1.2a.38","H25","I25","14e958538fc68dc4bf25b47ad11c4f3f90035873aa96616925e5cea0af242fb8","https://stat.link/mrq53f"
"Canada*","mathematics",2012,518.0704,1.84136,"I.B1.2a.38","H26","I26","14e958538fc68dc4bf25b47ad11c4f3f90035873aa96616925e5cea0af242fb8","https://stat.link/mrq53f"
"Chile","mathematics",2012,422.63236,3.06726,"I.B1.2a.38","H27","I27","14e958538fc68dc4bf25b47ad11c4f3f90035873aa96616925e5cea0af242fb8","https://stat.link/mrq53f"
"Colombia","mathematics",2012,376.4886,2.88674,"I.B1.2a.38","H28","I28","14e958538fc68dc4bf25b47ad11c4f3f90035873aa96616925e5cea0af242fb8","https://stat.link/mrq53f"
"Costa Rica","mathematics",2012,406.99987,3.04153,"I.B1.2a.38","H29","I29","14e958538fc68dc4bf25b47ad11c4f3f90035873aa96616925e5cea0af242fb8","https://stat.link/mrq53f"
"Croatia","mathematics",2012,471.13146,3.5393,"I.B1.2a.38","H30","I30","14e958538fc68dc4bf25b47ad11c4f3f90035873aa96616925e5cea0af242fb8","https://stat.link/mrq53f"
"Cyprus","mathematics",2012,439.69638,1.07487,"I.B1.2a.38","H31","I31","14e958538fc68dc4bf25b47ad11c4f3f90035873aa96616925e5cea0af242fb8","https://stat.link/mrq53f"
"Czechia","mathematics",2012,498.95788,2.85247,"I.B1.2a.38","H32","I32","14e958538fc68dc4bf25b47ad11c4f3f90035873aa96616925e5cea0af242fb8","https://stat.link/mrq53f"
"Denmark","mathematics",2012,500.02676,2.29465,"I.B1.2a.38","H33","I33","14e958538fc68dc4bf25b47ad11c4f3f90035873aa96616925e5cea0af242fb8","https://stat.link/mrq53f"
"Dominican Republic","mathematics",2012,__R_MISSING_VALUE_7__,__R_MISSING_VALUE_7__,"I.B1.2a.38","H34","I34","14e958538fc68dc4bf25b47ad11c4f3f90035873aa96616925e5cea0af242fb8","https://stat.link/mrq53f"
"Dushanbe (Tajikistan)","mathematics",2012,__R_MISSING_VALUE_7__,__R_MISSING_VALUE_7__,"I.B1.2a.38","H35","I35","14e958538fc68dc4bf25b47ad11c4f3f90035873aa96616925e5cea0af242fb8","https://stat.link/mrq53f"
"Ecuador","mathematics",2012,__R_MISSING_VALUE_7__,__R_MISSING_VALUE_7__,"I.B1.2a.38","H36","I36","14e958538fc68dc4bf25b47ad11c4f3f90035873aa96616925e5cea0af242fb8","https://stat.link/mrq53f"
"El Salvador","mathematics",2012,__R_MISSING_VALUE_7__,__R_MISSING_VALUE_7__,"I.B1.2a.38","H37","I37","14e958538fc68dc4bf25b47ad11c4f3f90035873aa96616925e5cea0af242fb8","https://stat.link/mrq53f"
"Estonia","mathematics",2012,520.54552,2.02117,"I.B1.2a.38","H38","I38","14e958538fc68dc4bf25b47ad11c4f3f90035873aa96616925e5cea0af242fb8","https://stat.link/mrq53f"
"Finland","mathematics",2012,518.75034,1.94075,"I.B1.2a.38","H39","I39","14e958538fc68dc4bf25b47ad11c4f3f90035873aa96616925e5cea0af242fb8","https://stat.link/mrq53f"
"France","mathematics",2012,494.98467,2.45481,"I.B1.2a.38","H40","I40","14e958538fc68dc4bf25b47ad11c4f3f90035873aa96616925e5cea0af242fb8","https://stat.link/mrq53f"
"Georgia","mathematics",2012,__R_MISSING_VALUE_7__,__R_MISSING_VALUE_7__,"I.B1.2a.38","H41","I41","14e958538fc68dc4bf25b47ad11c4f3f90035873aa96616925e5cea0af242fb8","https://stat.link/mrq53f"
"Germany","mathematics",2012,513.52506,2.87653,"I.B1.2a.38","H42","I42","14e958538fc68dc4bf25b47ad11c4f3f90035873aa96616925e5cea0af242fb8","https://stat.link/mrq53f"
"Greece","mathematics",2012,452.97343,2.50205,"I.B1.2a.38","H43","I43","14e958538fc68dc4bf25b47ad11c4f3f90035873aa96616925e5cea0af242fb8","https://stat.link/mrq53f"
"Guatemala","mathematics",2012,__R_MISSING_VALUE_7__,__R_MISSING_VALUE_7__,"I.B1.2a.38","H44","I44","14e958538fc68dc4bf25b47ad11c4f3f90035873aa96616925e5cea0af242fb8","https://stat.link/mrq53f"
"Hong Kong (China)","mathematics",2012,561.2411,3.21678,"I.B1.2a.38","H45","I45","14e958538fc68dc4bf25b47ad11c4f3f90035873aa96616925e5cea0af242fb8","https://stat.link/mrq53f"
"Hungary","mathematics",2012,477.04446,3.19286,"I.B1.2a.38","H46","I46","14e958538fc68dc4bf25b47ad11c4f3f90035873aa96616925e5cea0af242fb8","https://stat.link/mrq53f"
"Iceland","mathematics",2012,492.7957,1.70238,"I.B1.2a.38","H47","I47","14e958538fc68dc4bf25b47ad11c4f3f90035873aa96616925e5cea0af242fb8","https://stat.link/mrq53f"
"Indonesia","mathematics",2012,375.11445,4.03633,"I.B1.2a.38","H48","I48","14e958538fc68dc4bf25b47ad11c4f3f90035873aa96616925e5cea0af242fb8","https://stat.link/mrq53f"
"Ireland","mathematics",2012,501.49746,2.2476,"I.B1.2a.38","H49","I49","14e958538fc68dc4bf25b47ad11c4f3f90035873aa96616925e5cea0af242fb8","https://stat.link/mrq53f"
"Israel","mathematics",2012,466.48143,4.68211,"I.B1.2a.38","H50","I50","14e958538fc68dc4bf25b47ad11c4f3f90035873aa96616925e5cea0af242fb8","https://stat.link/mrq53f"
"Italy","mathematics",2012,485.32118,2.02522,"I.B1.2a.38","H51","I51","14e958538fc68dc4bf25b47ad11c4f3f90035873aa96616925e5cea0af242fb8","https://stat.link/mrq53f"
"Japan","mathematics",2012,536.40692,3.58715,"I.B1.2a.38","H52","I52","14e958538fc68dc4bf25b47ad11c4f3f90035873aa96616925e5cea0af242fb8","https://stat.link/mrq53f"
"Jordan","mathematics",2012,385.59556,3.1162,"I.B1.2a.38","H53","I53","14e958538fc68dc4bf25b47ad11c4f3f90035873aa96616925e5cea0af242fb8","https://stat.link/mrq53f"
"Kazakhstan","mathematics",2012,431.79841,3.02561,"I.B1.2a.38","H54","I54","14e958538fc68dc4bf25b47ad11c4f3f90035873aa96616925e5cea0af242fb8","https://stat.link/mrq53f"
"Kenya","mathematics",2012,__R_MISSING_VALUE_7__,__R_MISSING_VALUE_7__,"I.B1.2a.38","H55","I55","14e958538fc68dc4bf25b47ad11c4f3f90035873aa96616925e5cea0af242fb8","https://stat.link/mrq53f"
"Korea","mathematics",2012,553.76666,4.57916,"I.B1.2a.38","H56","I56","14e958538fc68dc4bf25b47ad11c4f3f90035873aa96616925e5cea0af242fb8","https://stat.link/mrq53f"
"Kosovo","mathematics",2012,__R_MISSING_VALUE_7__,__R_MISSING_VALUE_7__,"I.B1.2a.38","H57","I57","14e958538fc68dc4bf25b47ad11c4f3f90035873aa96616925e5cea0af242fb8","https://stat.link/mrq53f"
"Kurdistan Region (Iraq)","mathematics",2012,__R_MISSING_VALUE_7__,__R_MISSING_VALUE_7__,"I.B1.2a.38","H58","I58","14e958538fc68dc4bf25b47ad11c4f3f90035873aa96616925e5cea0af242fb8","https://stat.link/mrq53f"
"Kyrgyzstan","mathematics",2012,__R_MISSING_VALUE_7__,__R_MISSING_VALUE_7__,"I.B1.2a.38","H59","I59","14e958538fc68dc4bf25b47ad11c4f3f90035873aa96616925e5cea0af242fb8","https://stat.link/mrq53f"
"Latvia","mathematics",2012,490.57102,2.75223,"I.B1.2a.38","H60","I60","14e958538fc68dc4bf25b47ad11c4f3f90035873aa96616925e5cea0af242fb8","https://stat.link/mrq53f"
"Lebanon","mathematics",2012,__R_MISSING_VALUE_7__,__R_MISSING_VALUE_7__,"I.B1.2a.38","H61","I61","14e958538fc68dc4bf25b47ad11c4f3f90035873aa96616925e5cea0af242fb8","https://stat.link/mrq53f"
"Lithuania","mathematics",2012,478.82328,2.64095,"I.B1.2a.38","H62","I62","14e958538fc68dc4bf25b47ad11c4f3f90035873aa96616925e5cea0af242fb8","https://stat.link/mrq53f"
"Luxembourg","mathematics",2012,489.8451,1.09455,"I.B1.2a.38","H63","I63","14e958538fc68dc4bf25b47ad11c4f3f90035873aa96616925e5cea0af242fb8","https://stat.link/mrq53f"
"Macao (China)","mathematics",2012,538.13449,0.9647,"I.B1.2a.38","H64","I64","14e958538fc68dc4bf25b47ad11c4f3f90035873aa96616925e5cea0af242fb8","https://stat.link/mrq53f"
"Malaysia","mathematics",2012,420.51297,3.17945,"I.B1.2a.38","H65","I65","14e958538fc68dc4bf25b47ad11c4f3f90035873aa96616925e5cea0af242fb8","https://stat.link/mrq53f"
"Malta","mathematics",2012,__R_MISSING_VALUE_7__,__R_MISSING_VALUE_7__,"I.B1.2a.38","H66","I66","14e958538fc68dc4bf25b47ad11c4f3f90035873aa96616925e5cea0af242fb8","https://stat.link/mrq53f"
"Mauritius","mathematics",2012,__R_MISSING_VALUE_7__,__R_MISSING_VALUE_7__,"I.B1.2a.38","H67","I67","14e958538fc68dc4bf25b47ad11c4f3f90035873aa96616925e5cea0af242fb8","https://stat.link/mrq53f"
"Mexico","mathematics",2012,413.28147,1.35281,"I.B1.2a.38","H68","I68","14e958538fc68dc4bf25b47ad11c4f3f90035873aa96616925e5cea0af242fb8","https://stat.link/mrq53f"
"Moldova","mathematics",2012,__R_MISSING_VALUE_7__,__R_MISSING_VALUE_7__,"I.B1.2a.38","H69","I69","14e958538fc68dc4bf25b47ad11c4f3f90035873aa96616925e5cea0af242fb8","https://stat.link/mrq53f"
"Mongolia","mathematics",2012,__R_MISSING_VALUE_7__,__R_MISSING_VALUE_7__,"I.B1.2a.38","H70","I70","14e958538fc68dc4bf25b47ad11c4f3f90035873aa96616925e5cea0af242fb8","https://stat.link/mrq53f"
"Montenegro","mathematics",2012,409.62661,1.05417,"I.B1.2a.38","H71","I71","14e958538fc68dc4bf25b47ad11c4f3f90035873aa96616925e5cea0af242fb8","https://stat.link/mrq53f"
"Morocco","mathematics",2012,__R_MISSING_VALUE_7__,__R_MISSING_VALUE_7__,"I.B1.2a.38","H72","I72","14e958538fc68dc4bf25b47ad11c4f3f90035873aa96616925e5cea0af242fb8","https://stat.link/mrq53f"
"Netherlands*","mathematics",2012,522.97176,3.47198,"I.B1.2a.38","H73","I73","14e958538fc68dc4bf25b47ad11c4f3f90035873aa96616925e5cea0af242fb8","https://stat.link/mrq53f"
"New Zealand*","mathematics",2012,499.7499,2.20538,"I.B1.2a.38","H74","I74","14e958538fc68dc4bf25b47ad11c4f3f90035873aa96616925e5cea0af242fb8","https://stat.link/mrq53f"
"North Macedonia","mathematics",2012,__R_MISSING_VALUE_7__,__R_MISSING_VALUE_7__,"I.B1.2a.38","H75","I75","14e958538fc68dc4bf25b47ad11c4f3f90035873aa96616925e5cea0af242fb8","https://stat.link/mrq53f"
"Norway*","mathematics",2012,489.37307,2.73385,"I.B1.2a.38","H76","I76","14e958538fc68dc4bf25b47ad11c4f3f90035873aa96616925e5cea0af242fb8","https://stat.link/mrq53f"
"Palestinian Authority","mathematics",2012,__R_MISSING_VALUE_7__,__R_MISSING_VALUE_7__,"I.B1.2a.38","H77","I77","14e958538fc68dc4bf25b47ad11c4f3f90035873aa96616925e5cea0af242fb8","https://stat.link/mrq53f"
"Paraguay","mathematics",2012,__R_MISSING_VALUE_7__,__R_MISSING_VALUE_7__,"I.B1.2a.38","H78","I78","14e958538fc68dc4bf25b47ad11c4f3f90035873aa96616925e5cea0af242fb8","https://stat.link/mrq53f"
"Peru","mathematics",2012,368.10255,3.69015,"I.B1.2a.38","H79","I79","14e958538fc68dc4bf25b47ad11c4f3f90035873aa96616925e5cea0af242fb8","https://stat.link/mrq53f"
"Philippines","mathematics",2012,__R_MISSING_VALUE_7__,__R_MISSING_VALUE_7__,"I.B1.2a.38","H80","I80","14e958538fc68dc4bf25b47ad11c4f3f90035873aa96616925e5cea0af242fb8","https://stat.link/mrq53f"
"Poland","mathematics",2012,517.5011,3.61732,"I.B1.2a.38","H81","I81","14e958538fc68dc4bf25b47ad11c4f3f90035873aa96616925e5cea0af242fb8","https://stat.link/mrq53f"
"Portugal","mathematics",2012,487.06318,3.81248,"I.B1.2a.38","H82","I82","14e958538fc68dc4bf25b47ad11c4f3f90035873aa96616925e5cea0af242fb8","https://stat.link/mrq53f"
"Qatar","mathematics",2012,376.4484,0.75574,"I.B1.2a.38","H83","I83","14e958538fc68dc4bf25b47ad11c4f3f90035873aa96616925e5cea0af242fb8","https://stat.link/mrq53f"
"Romania","mathematics",2012,444.55424,3.76057,"I.B1.2a.38","H84","I84","14e958538fc68dc4bf25b47ad11c4f3f90035873aa96616925e5cea0af242fb8","https://stat.link/mrq53f"
"Rwanda","mathematics",2012,__R_MISSING_VALUE_7__,__R_MISSING_VALUE_7__,"I.B1.2a.38","H85","I85","14e958538fc68dc4bf25b47ad11c4f3f90035873aa96616925e5cea0af242fb8","https://stat.link/mrq53f"
"Saudi Arabia","mathematics",2012,__R_MISSING_VALUE_7__,__R_MISSING_VALUE_7__,"I.B1.2a.38","H86","I86","14e958538fc68dc4bf25b47ad11c4f3f90035873aa96616925e5cea0af242fb8","https://stat.link/mrq53f"
"Serbia","mathematics",2012,448.85913,3.38859,"I.B1.2a.38","H87","I87","14e958538fc68dc4bf25b47ad11c4f3f90035873aa96616925e5cea0af242fb8","https://stat.link/mrq53f"
"Singapore","mathematics",2012,573.46831,1.32257,"I.B1.2a.38","H88","I88","14e958538fc68dc4bf25b47ad11c4f3f90035873aa96616925e5cea0af242fb8","https://stat.link/mrq53f"
"Slovak Republic","mathematics",2012,481.64474,3.42606,"I.B1.2a.38","H89","I89","14e958538fc68dc4bf25b47ad11c4f3f90035873aa96616925e5cea0af242fb8","https://stat.link/mrq53f"
"Slovenia","mathematics",2012,501.12742,1.23297,"I.B1.2a.38","H90","I90","14e958538fc68dc4bf25b47ad11c4f3f90035873aa96616925e5cea0af242fb8","https://stat.link/mrq53f"
"Spain","mathematics",2012,484.3193,1.89605,"I.B1.2a.38","H91","I91","14e958538fc68dc4bf25b47ad11c4f3f90035873aa96616925e5cea0af242fb8","https://stat.link/mrq53f"
"Sweden","mathematics",2012,478.26064,2.25546,"I.B1.2a.38","H92","I92","14e958538fc68dc4bf25b47ad11c4f3f90035873aa96616925e5cea0af242fb8","https://stat.link/mrq53f"
"Switzerland","mathematics",2012,530.931,3.04056,"I.B1.2a.38","H93","I93","14e958538fc68dc4bf25b47ad11c4f3f90035873aa96616925e5cea0af242fb8","https://stat.link/mrq53f"
"Chinese Taipei","mathematics",2012,559.8248,3.29763,"I.B1.2a.38","H94","I94","14e958538fc68dc4bf25b47ad11c4f3f90035873aa96616925e5cea0af242fb8","https://stat.link/mrq53f"
"Thailand","mathematics",2012,426.73749,3.44811,"I.B1.2a.38","H95","I95","14e958538fc68dc4bf25b47ad11c4f3f90035873aa96616925e5cea0af242fb8","https://stat.link/mrq53f"
"Türkiye","mathematics",2012,447.98441,4.82966,"I.B1.2a.38","H96","I96","14e958538fc68dc4bf25b47ad11c4f3f90035873aa96616925e5cea0af242fb8","https://stat.link/mrq53f"
"Ukrainian regions (17 of 27)","mathematics",2012,__R_MISSING_VALUE_7__,__R_MISSING_VALUE_7__,"I.B1.2a.38","H97","I97","14e958538fc68dc4bf25b47ad11c4f3f90035873aa96616925e5cea0af242fb8","https://stat.link/mrq53f"
"United Arab Emirates","mathematics",2012,434.00716,2.4256,"I.B1.2a.38","H98","I98","14e958538fc68dc4bf25b47ad11c4f3f90035873aa96616925e5cea0af242fb8","https://stat.link/mrq53f"
"United Kingdom","mathematics",2012,493.93423,3.29648,"I.B1.2a.38","H99","I99","14e958538fc68dc4bf25b47ad11c4f3f90035873aa96616925e5cea0af242fb8","https://stat.link/mrq53f"
"United States*","mathematics",2012,481.36679,3.59709,"I.B1.2a.38","H100","I100","14e958538fc68dc4bf25b47ad11c4f3f90035873aa96616925e5cea0af242fb8","https://stat.link/mrq53f"
"Uruguay","mathematics",2012,409.29157,2.76376,"I.B1.2a.38","H101","I101","14e958538fc68dc4bf25b47ad11c4f3f90035873aa96616925e5cea0af242fb8","https://stat.link/mrq53f"
"Uzbekistan","mathematics",2012,__R_MISSING_VALUE_7__,__R_MISSING_VALUE_7__,"I.B1.2a.38","H102","I102","14e958538fc68dc4bf25b47ad11c4f3f90035873aa96616925e5cea0af242fb8","https://stat.link/mrq53f"
"Viet Nam","mathematics",2012,__R_MISSING_VALUE_7__,__R_MISSING_VALUE_7__,"I.B1.2a.38","H103","I103","14e958538fc68dc4bf25b47ad11c4f3f90035873aa96616925e5cea0af242fb8","https://stat.link/mrq53f"
"Zambia","mathematics",2012,__R_MISSING_VALUE_7__,__R_MISSING_VALUE_7__,"I.B1.2a.38","H104","I104","14e958538fc68dc4bf25b47ad11c4f3f90035873aa96616925e5cea0af242fb8","https://stat.link/mrq53f"
"Albania*","mathematics",2012,394.32933,2.00162,"I.B1.2a.38","H106","I106","14e958538fc68dc4bf25b47ad11c4f3f90035873aa96616925e5cea0af242fb8","https://stat.link/mrq53f"
"OECD average","mathematics",2015,484.8794,0.41811,"I.B1.2a.38","J10","K10","14e958538fc68dc4bf25b47ad11c4f3f90035873aa96616925e5cea0af242fb8","https://stat.link/mrq53f"
"OECD average-23","mathematics",2015,495.51943,0.53366,"I.B1.2a.38","J11","K11","14e958538fc68dc4bf25b47ad11c4f3f90035873aa96616925e5cea0af242fb8","https://stat.link/mrq53f"
"OECD average-35","mathematics",2015,487.24428,0.44274,"I.B1.2a.38","J12","K12","14e958538fc68dc4bf25b47ad11c4f3f90035873aa96616925e5cea0af242fb8","https://stat.link/mrq53f"
"Argentina","mathematics",2015,__R_MISSING_VALUE_7__,__R_MISSING_VALUE_7__,"I.B1.2a.38","J15","K15","14e958538fc68dc4bf25b47ad11c4f3f90035873aa96616925e5cea0af242fb8","https://stat.link/mrq53f"
"Armenia","mathematics",2015,__R_MISSING_VALUE_7__,__R_MISSING_VALUE_7__,"I.B1.2a.38","J16","K16","14e958538fc68dc4bf25b47ad11c4f3f90035873aa96616925e5cea0af242fb8","https://stat.link/mrq53f"
"Australia","mathematics",2015,493.89623,1.60535,"I.B1.2a.38","J17","K17","14e958538fc68dc4bf25b47ad11c4f3f90035873aa96616925e5cea0af242fb8","https://stat.link/mrq53f"
"Austria","mathematics",2015,496.74227,2.86086,"I.B1.2a.38","J18","K18","14e958538fc68dc4bf25b47ad11c4f3f90035873aa96616925e5cea0af242fb8","https://stat.link/mrq53f"
"Azerbaijan","mathematics",2015,__R_MISSING_VALUE_7__,__R_MISSING_VALUE_7__,"I.B1.2a.38","J19","K19","14e958538fc68dc4bf25b47ad11c4f3f90035873aa96616925e5cea0af242fb8","https://stat.link/mrq53f"
"Belgium","mathematics",2015,506.98436,2.35034,"I.B1.2a.38","J20","K20","14e958538fc68dc4bf25b47ad11c4f3f90035873aa96616925e5cea0af242fb8","https://stat.link/mrq53f"
"Brazil","mathematics",2015,377.06952,2.86336,"I.B1.2a.38","J21","K21","14e958538fc68dc4bf25b47ad11c4f3f90035873aa96616925e5cea0af242fb8","https://stat.link/mrq53f"
"Brunei Darussalam","mathematics",2015,__R_MISSING_VALUE_7__,__R_MISSING_VALUE_7__,"I.B1.2a.38","J22","K22","14e958538fc68dc4bf25b47ad11c4f3f90035873aa96616925e5cea0af242fb8","https://stat.link/mrq53f"
"B-S-J-Z (China)","mathematics",2015,__R_MISSING_VALUE_7__,__R_MISSING_VALUE_7__,"I.B1.2a.38","J23","K23","14e958538fc68dc4bf25b47ad11c4f3f90035873aa96616925e5cea0af242fb8","https://stat.link/mrq53f"
"Bulgaria","mathematics",2015,441.18992,3.95489,"I.B1.2a.38","J24","K24","14e958538fc68dc4bf25b47ad11c4f3f90035873aa96616925e5cea0af242fb8","https://stat.link/mrq53f"
"Cambodia","mathematics",2015,__R_MISSING_VALUE_7__,__R_MISSING_VALUE_7__,"I.B1.2a.38","J25","K25","14e958538fc68dc4bf25b47ad11c4f3f90035873aa96616925e5cea0af242fb8","https://stat.link/mrq53f"
"Canada*","mathematics",2015,515.64743,2.31309,"I.B1.2a.38","J26","K26","14e958538fc68dc4bf25b47ad11c4f3f90035873aa96616925e5cea0af242fb8","https://stat.link/mrq53f"
"Chile","mathematics",2015,422.67136,2.53946,"I.B1.2a.38","J27","K27","14e958538fc68dc4bf25b47ad11c4f3f90035873aa96616925e5cea0af242fb8","https://stat.link/mrq53f"
"Colombia","mathematics",2015,389.64383,2.28613,"I.B1.2a.38","J28","K28","14e958538fc68dc4bf25b47ad11c4f3f90035873aa96616925e5cea0af242fb8","https://stat.link/mrq53f"
"Costa Rica","mathematics",2015,400.25337,2.46525,"I.B1.2a.38","J29","K29","14e958538fc68dc4bf25b47ad11c4f3f90035873aa96616925e5cea0af242fb8","https://stat.link/mrq53f"
"Croatia","mathematics",2015,464.0401,2.7711,"I.B1.2a.38","J30","K30","14e958538fc68dc4bf25b47ad11c4f3f90035873aa96616925e5cea0af242fb8","https://stat.link/mrq53f"
"Cyprus","mathematics",2015,437.12852,1.71825,"I.B1.2a.38","J31","K31","14e958538fc68dc4bf25b47ad11c4f3f90035873aa96616925e5cea0af242fb8","https://stat.link/mrq53f"
"Czechia","mathematics",2015,492.32544,2.39606,"I.B1.2a.38","J32","K32","14e958538fc68dc4bf25b47ad11c4f3f90035873aa96616925e5cea0af242fb8","https://stat.link/mrq53f"
"Denmark","mathematics",2015,511.08763,2.17418,"I.B1.2a.38","J33","K33","14e958538fc68dc4bf25b47ad11c4f3f90035873aa96616925e5cea0af242fb8","https://stat.link/mrq53f"
"Dominican Republic","mathematics",2015,327.70203,2.68594,"I.B1.2a.38","J34","K34","14e958538fc68dc4bf25b47ad11c4f3f90035873aa96616925e5cea0af242fb8","https://stat.link/mrq53f"
"Dushanbe (Tajikistan)","mathematics",2015,__R_MISSING_VALUE_7__,__R_MISSING_VALUE_7__,"I.B1.2a.38","J35","K35","14e958538fc68dc4bf25b47ad11c4f3f90035873aa96616925e5cea0af242fb8","https://stat.link/mrq53f"
"Ecuador","mathematics",2015,__R_MISSING_VALUE_7__,__R_MISSING_VALUE_7__,"I.B1.2a.38","J36","K36","14e958538fc68dc4bf25b47ad11c4f3f90035873aa96616925e5cea0af242fb8","https://stat.link/mrq53f"
"El Salvador","mathematics",2015,__R_MISSING_VALUE_7__,__R_MISSING_VALUE_7__,"I.B1.2a.38","J37","K37","14e958538fc68dc4bf25b47ad11c4f3f90035873aa96616925e5cea0af242fb8","https://stat.link/mrq53f"
"Estonia","mathematics",2015,519.52913,2.04255,"I.B1.2a.38","J38","K38","14e958538fc68dc4bf25b47ad11c4f3f90035873aa96616925e5cea0af242fb8","https://stat.link/mrq53f"
"Finland","mathematics",2015,511.07685,2.30925,"I.B1.2a.38","J39","K39","14e958538fc68dc4bf25b47ad11c4f3f90035873aa96616925e5cea0af242fb8","https://stat.link/mrq53f"
"France","mathematics",2015,492.9204,2.09886,"I.B1.2a.38","J40","K40","14e958538fc68dc4bf25b47ad11c4f3f90035873aa96616925e5cea0af242fb8","https://stat.link/mrq53f"
"Georgia","mathematics",2015,403.83323,2.78194,"I.B1.2a.38","J41","K41","14e958538fc68dc4bf25b47ad11c4f3f90035873aa96616925e5cea0af242fb8","https://stat.link/mrq53f"
"Germany","mathematics",2015,505.97128,2.88789,"I.B1.2a.38","J42","K42","14e958538fc68dc4bf25b47ad11c4f3f90035873aa96616925e5cea0af242fb8","https://stat.link/mrq53f"
"Greece","mathematics",2015,453.62985,3.75359,"I.B1.2a.38","J43","K43","14e958538fc68dc4bf25b47ad11c4f3f90035873aa96616925e5cea0af242fb8","https://stat.link/mrq53f"
"Guatemala","mathematics",2015,__R_MISSING_VALUE_7__,__R_MISSING_VALUE_7__,"I.B1.2a.38","J44","K44","14e958538fc68dc4bf25b47ad11c4f3f90035873aa96616925e5cea0af242fb8","https://stat.link/mrq53f"
"Hong Kong (China)","mathematics",2015,547.93105,2.98001,"I.B1.2a.38","J45","K45","14e958538fc68dc4bf25b47ad11c4f3f90035873aa96616925e5cea0af242fb8","https://stat.link/mrq53f"
"Hungary","mathematics",2015,476.83088,2.52696,"I.B1.2a.38","J46","K46","14e958538fc68dc4bf25b47ad11c4f3f90035873aa96616925e5cea0af242fb8","https://stat.link/mrq53f"
"Iceland","mathematics",2015,488.03318,1.98868,"I.B1.2a.38","J47","K47","14e958538fc68dc4bf25b47ad11c4f3f90035873aa96616925e5cea0af242fb8","https://stat.link/mrq53f"
"Indonesia","mathematics",2015,386.10959,3.08446,"I.B1.2a.38","J48","K48","14e958538fc68dc4bf25b47ad11c4f3f90035873aa96616925e5cea0af242fb8","https://stat.link/mrq53f"
"Ireland","mathematics",2015,503.722,2.05314,"I.B1.2a.38","J49","K49","14e958538fc68dc4bf25b47ad11c4f3f90035873aa96616925e5cea0af242fb8","https://stat.link/mrq53f"
"Israel","mathematics",2015,469.66945,3.6292,"I.B1.2a.38","J50","K50","14e958538fc68dc4bf25b47ad11c4f3f90035873aa96616925e5cea0af242fb8","https://stat.link/mrq53f"
"Italy","mathematics",2015,489.72873,2.84542,"I.B1.2a.38","J51","K51","14e958538fc68dc4bf25b47ad11c4f3f90035873aa96616925e5cea0af242fb8","https://stat.link/mrq53f"
"Japan","mathematics",2015,532.43987,3.00001,"I.B1.2a.38","J52","K52","14e958538fc68dc4bf25b47ad11c4f3f90035873aa96616925e5cea0af242fb8","https://stat.link/mrq53f"
"Jordan","mathematics",2015,380.25901,2.65181,"I.B1.2a.38","J53","K53","14e958538fc68dc4bf25b47ad11c4f3f90035873aa96616925e5cea0af242fb8","https://stat.link/mrq53f"
"Kazakhstan","mathematics",2015,__R_MISSING_VALUE_7__,__R_MISSING_VALUE_7__,"I.B1.2a.38","J54","K54","14e958538fc68dc4bf25b47ad11c4f3f90035873aa96616925e5cea0af242fb8","https://stat.link/mrq53f"
"Kenya","mathematics",2015,__R_MISSING_VALUE_7__,__R_MISSING_VALUE_7__,"I.B1.2a.38","J55","K55","14e958538fc68dc4bf25b47ad11c4f3f90035873aa96616925e5cea0af242fb8","https://stat.link/mrq53f"
"Korea","mathematics",2015,524.10622,3.71233,"I.B1.2a.38","J56","K56","14e958538fc68dc4bf25b47ad11c4f3f90035873aa96616925e5cea0af242fb8","https://stat.link/mrq53f"
"Kosovo","mathematics",2015,361.53398,1.62529,"I.B1.2a.38","J57","K57","14e958538fc68dc4bf25b47ad11c4f3f90035873aa96616925e5cea0af242fb8","https://stat.link/mrq53f"
"Kurdistan Region (Iraq)","mathematics",2015,__R_MISSING_VALUE_7__,__R_MISSING_VALUE_7__,"I.B1.2a.38","J58","K58","14e958538fc68dc4bf25b47ad11c4f3f90035873aa96616925e5cea0af242fb8","https://stat.link/mrq53f"
"Kyrgyzstan","mathematics",2015,__R_MISSING_VALUE_7__,__R_MISSING_VALUE_7__,"I.B1.2a.38","J59","K59","14e958538fc68dc4bf25b47ad11c4f3f90035873aa96616925e5cea0af242fb8","https://stat.link/mrq53f"
"Latvia","mathematics",2015,482.30507,1.86874,"I.B1.2a.38","J60","K60","14e958538fc68dc4bf25b47ad11c4f3f90035873aa96616925e5cea0af242fb8","https://stat.link/mrq53f"
"Lebanon","mathematics",2015,396.24965,3.69198,"I.B1.2a.38","J61","K61","14e958538fc68dc4bf25b47ad11c4f3f90035873aa96616925e5cea0af242fb8","https://stat.link/mrq53f"
"Lithuania","mathematics",2015,478.38338,2.32929,"I.B1.2a.38","J62","K62","14e958538fc68dc4bf25b47ad11c4f3f90035873aa96616925e5cea0af242fb8","https://stat.link/mrq53f"
"Luxembourg","mathematics",2015,485.77063,1.26781,"I.B1.2a.38","J63","K63","14e958538fc68dc4bf25b47ad11c4f3f90035873aa96616925e5cea0af242fb8","https://stat.link/mrq53f"
"Macao (China)","mathematics",2015,543.80778,1.1077,"I.B1.2a.38","J64","K64","14e958538fc68dc4bf25b47ad11c4f3f90035873aa96616925e5cea0af242fb8","https://stat.link/mrq53f"
"Malaysia","mathematics",2015,__R_MISSING_VALUE_7__,__R_MISSING_VALUE_7__,"I.B1.2a.38","J65","K65","14e958538fc68dc4bf25b47ad11c4f3f90035873aa96616925e5cea0af242fb8","https://stat.link/mrq53f"
"Malta","mathematics",2015,478.64479,1.71584,"I.B1.2a.38","J66","K66","14e958538fc68dc4bf25b47ad11c4f3f90035873aa96616925e5cea0af242fb8","https://stat.link/mrq53f"
"Mauritius","mathematics",2015,__R_MISSING_VALUE_7__,__R_MISSING_VALUE_7__,"I.B1.2a.38","J67","K67","14e958538fc68dc4bf25b47ad11c4f3f90035873aa96616925e5cea0af242fb8","https://stat.link/mrq53f"
"Mexico","mathematics",2015,408.02348,2.24086,"I.B1.2a.38","J68","K68","14e958538fc68dc4bf25b47ad11c4f3f90035873aa96616925e5cea0af242fb8","https://stat.link/mrq53f"
"Moldova","mathematics",2015,419.66352,2.46552,"I.B1.2a.38","J69","K69","14e958538fc68dc4bf25b47ad11c4f3f90035873aa96616925e5cea0af242fb8","https://stat.link/mrq53f"
"Mongolia","mathematics",2015,__R_MISSING_VALUE_7__,__R_MISSING_VALUE_7__,"I.B1.2a.38","J70","K70","14e958538fc68dc4bf25b47ad11c4f3f90035873aa96616925e5cea0af242fb8","https://stat.link/mrq53f"
"Montenegro","mathematics",2015,417.93412,1.46239,"I.B1.2a.38","J71","K71","14e958538fc68dc4bf25b47ad11c4f3f90035873aa96616925e5cea0af242fb8","https://stat.link/mrq53f"
"Morocco","mathematics",2015,__R_MISSING_VALUE_7__,__R_MISSING_VALUE_7__,"I.B1.2a.38","J72","K72","14e958538fc68dc4bf25b47ad11c4f3f90035873aa96616925e5cea0af242fb8","https://stat.link/mrq53f"
"Netherlands*","mathematics",2015,512.25279,2.21159,"I.B1.2a.38","J73","K73","14e958538fc68dc4bf25b47ad11c4f3f90035873aa96616925e5cea0af242fb8","https://stat.link/mrq53f"
"New Zealand*","mathematics",2015,495.22326,2.26538,"I.B1.2a.38","J74","K74","14e958538fc68dc4bf25b47ad11c4f3f90035873aa96616925e5cea0af242fb8","https://stat.link/mrq53f"
"North Macedonia","mathematics",2015,371.31143,1.28308,"I.B1.2a.38","J75","K75","14e958538fc68dc4bf25b47ad11c4f3f90035873aa96616925e5cea0af242fb8","https://stat.link/mrq53f"
"Norway*","mathematics",2015,501.72982,2.23164,"I.B1.2a.38","J76","K76","14e958538fc68dc4bf25b47ad11c4f3f90035873aa96616925e5cea0af242fb8","https://stat.link/mrq53f"
"Palestinian Authority","mathematics",2015,__R_MISSING_VALUE_7__,__R_MISSING_VALUE_7__,"I.B1.2a.38","J77","K77","14e958538fc68dc4bf25b47ad11c4f3f90035873aa96616925e5cea0af242fb8","https://stat.link/mrq53f"
"Paraguay","mathematics",2015,__R_MISSING_VALUE_7__,__R_MISSING_VALUE_7__,"I.B1.2a.38","J78","K78","14e958538fc68dc4bf25b47ad11c4f3f90035873aa96616925e5cea0af242fb8","https://stat.link/mrq53f"
"Peru","mathematics",2015,386.56059,2.7142,"I.B1.2a.38","J79","K79","14e958538fc68dc4bf25b47ad11c4f3f90035873aa96616925e5cea0af242fb8","https://stat.link/mrq53f"
"Philippines","mathematics",2015,__R_MISSING_VALUE_7__,__R_MISSING_VALUE_7__,"I.B1.2a.38","J80","K80","14e958538fc68dc4bf25b47ad11c4f3f90035873aa96616925e5cea0af242fb8","https://stat.link/mrq53f"
"Poland","mathematics",2015,504.46925,2.38982,"I.B1.2a.38","J81","K81","14e958538fc68dc4bf25b47ad11c4f3f90035873aa96616925e5cea0af242fb8","https://stat.link/mrq53f"
"Portugal","mathematics",2015,491.62697,2.49086,"I.B1.2a.38","J82","K82","14e958538fc68dc4bf25b47ad11c4f3f90035873aa96616925e5cea0af242fb8","https://stat.link/mrq53f"
"Qatar","mathematics",2015,402.40064,1.27354,"I.B1.2a.38","J83","K83","14e958538fc68dc4bf25b47ad11c4f3f90035873aa96616925e5cea0af242fb8","https://stat.link/mrq53f"
"Romania","mathematics",2015,443.95432,3.785,"I.B1.2a.38","J84","K84","14e958538fc68dc4bf25b47ad11c4f3f90035873aa96616925e5cea0af242fb8","https://stat.link/mrq53f"
"Rwanda","mathematics",2015,__R_MISSING_VALUE_7__,__R_MISSING_VALUE_7__,"I.B1.2a.38","J85","K85","14e958538fc68dc4bf25b47ad11c4f3f90035873aa96616925e5cea0af242fb8","https://stat.link/mrq53f"
"Saudi Arabia","mathematics",2015,__R_MISSING_VALUE_7__,__R_MISSING_VALUE_7__,"I.B1.2a.38","J86","K86","14e958538fc68dc4bf25b47ad11c4f3f90035873aa96616925e5cea0af242fb8","https://stat.link/mrq53f"
"Serbia","mathematics",2015,__R_MISSING_VALUE_7__,__R_MISSING_VALUE_7__,"I.B1.2a.38","J87","K87","14e958538fc68dc4bf25b47ad11c4f3f90035873aa96616925e5cea0af242fb8","https://stat.link/mrq53f"
"Singapore","mathematics",2015,564.18968,1.46627,"I.B1.2a.38","J88","K88","14e958538fc68dc4bf25b47ad11c4f3f90035873aa96616925e5cea0af242fb8","https://stat.link/mrq53f"
"Slovak Republic","mathematics",2015,475.23011,2.6584,"I.B1.2a.38","J89","K89","14e958538fc68dc4bf25b47ad11c4f3f90035873aa96616925e5cea0af242fb8","https://stat.link/mrq53f"
"Slovenia","mathematics",2015,509.91963,1.25634,"I.B1.2a.38","J90","K90","14e958538fc68dc4bf25b47ad11c4f3f90035873aa96616925e5cea0af242fb8","https://stat.link/mrq53f"
"Spain","mathematics",2015,485.84322,2.15123,"I.B1.2a.38","J91","K91","14e958538fc68dc4bf25b47ad11c4f3f90035873aa96616925e5cea0af242fb8","https://stat.link/mrq53f"
"Sweden","mathematics",2015,493.91812,3.17234,"I.B1.2a.38","J92","K92","14e958538fc68dc4bf25b47ad11c4f3f90035873aa96616925e5cea0af242fb8","https://stat.link/mrq53f"
"Switzerland","mathematics",2015,521.25058,2.92033,"I.B1.2a.38","J93","K93","14e958538fc68dc4bf25b47ad11c4f3f90035873aa96616925e5cea0af242fb8","https://stat.link/mrq53f"
"Chinese Taipei","mathematics",2015,542.32147,3.03044,"I.B1.2a.38","J94","K94","14e958538fc68dc4bf25b47ad11c4f3f90035873aa96616925e5cea0af242fb8","https://stat.link/mrq53f"
"Thailand","mathematics",2015,415.4638,3.03425,"I.B1.2a.38","J95","K95","14e958538fc68dc4bf25b47ad11c4f3f90035873aa96616925e5cea0af242fb8","https://stat.link/mrq53f"
"Türkiye","mathematics",2015,420.45398,4.12888,"I.B1.2a.38","J96","K96","14e958538fc68dc4bf25b47ad11c4f3f90035873aa96616925e5cea0af242fb8","https://stat.link/mrq53f"
"Ukrainian regions (17 of 27)","mathematics",2015,__R_MISSING_VALUE_7__,__R_MISSING_VALUE_7__,"I.B1.2a.38","J97","K97","14e958538fc68dc4bf25b47ad11c4f3f90035873aa96616925e5cea0af242fb8","https://stat.link/mrq53f"
"United Arab Emirates","mathematics",2015,427.48274,2.40767,"I.B1.2a.38","J98","K98","14e958538fc68dc4bf25b47ad11c4f3f90035873aa96616925e5cea0af242fb8","https://stat.link/mrq53f"
"United Kingdom","mathematics",2015,492.47853,2.49652,"I.B1.2a.38","J99","K99","14e958538fc68dc4bf25b47ad11c4f3f90035873aa96616925e5cea0af242fb8","https://stat.link/mrq53f"
"United States*","mathematics",2015,469.62849,3.16639,"I.B1.2a.38","J100","K100","14e958538fc68dc4bf25b47ad11c4f3f90035873aa96616925e5cea0af242fb8","https://stat.link/mrq53f"
"Uruguay","mathematics",2015,417.99188,2.49597,"I.B1.2a.38","J101","K101","14e958538fc68dc4bf25b47ad11c4f3f90035873aa96616925e5cea0af242fb8","https://stat.link/mrq53f"
"Uzbekistan","mathematics",2015,__R_MISSING_VALUE_7__,__R_MISSING_VALUE_7__,"I.B1.2a.38","J102","K102","14e958538fc68dc4bf25b47ad11c4f3f90035873aa96616925e5cea0af242fb8","https://stat.link/mrq53f"
"Viet Nam","mathematics",2015,__R_MISSING_VALUE_7__,__R_MISSING_VALUE_7__,"I.B1.2a.38","J103","K103","14e958538fc68dc4bf25b47ad11c4f3f90035873aa96616925e5cea0af242fb8","https://stat.link/mrq53f"
"Zambia","mathematics",2015,__R_MISSING_VALUE_7__,__R_MISSING_VALUE_7__,"I.B1.2a.38","J104","K104","14e958538fc68dc4bf25b47ad11c4f3f90035873aa96616925e5cea0af242fb8","https://stat.link/mrq53f"
"Albania*","mathematics",2015,413.15702,3.44787,"I.B1.2a.38","J106","K106","14e958538fc68dc4bf25b47ad11c4f3f90035873aa96616925e5cea0af242fb8","https://stat.link/mrq53f"
"OECD average","mathematics",2018,__R_MISSING_VALUE_7__,__R_MISSING_VALUE_7__,"I.B1.2a.38","L10","M10","14e958538fc68dc4bf25b47ad11c4f3f90035873aa96616925e5cea0af242fb8","https://stat.link/mrq53f"
"OECD average-23","mathematics",2018,496.35019,0.50389,"I.B1.2a.38","L11","M11","14e958538fc68dc4bf25b47ad11c4f3f90035873aa96616925e5cea0af242fb8","https://stat.link/mrq53f"
"OECD average-35","mathematics",2018,489.67976,0.41844,"I.B1.2a.38","L12","M12","14e958538fc68dc4bf25b47ad11c4f3f90035873aa96616925e5cea0af242fb8","https://stat.link/mrq53f"
"Argentina","mathematics",2018,379.45382,2.77111,"I.B1.2a.38","L15","M15","14e958538fc68dc4bf25b47ad11c4f3f90035873aa96616925e5cea0af242fb8","https://stat.link/mrq53f"
"Armenia","mathematics",2018,__R_MISSING_VALUE_7__,__R_MISSING_VALUE_7__,"I.B1.2a.38","L16","M16","14e958538fc68dc4bf25b47ad11c4f3f90035873aa96616925e5cea0af242fb8","https://stat.link/mrq53f"
"Australia","mathematics",2018,491.36003,1.93983,"I.B1.2a.38","L17","M17","14e958538fc68dc4bf25b47ad11c4f3f90035873aa96616925e5cea0af242fb8","https://stat.link/mrq53f"
"Austria","mathematics",2018,498.94231,2.971,"I.B1.2a.38","L18","M18","14e958538fc68dc4bf25b47ad11c4f3f90035873aa96616925e5cea0af242fb8","https://stat.link/mrq53f"
"Azerbaijan","mathematics",2018,__R_MISSING_VALUE_7__,__R_MISSING_VALUE_7__,"I.B1.2a.38","L19","M19","14e958538fc68dc4bf25b47ad11c4f3f90035873aa96616925e5cea0af242fb8","https://stat.link/mrq53f"
"Belgium","mathematics",2018,508.07031,2.26266,"I.B1.2a.38","L20","M20","14e958538fc68dc4bf25b47ad11c4f3f90035873aa96616925e5cea0af242fb8","https://stat.link/mrq53f"
"Brazil","mathematics",2018,383.56912,2.03237,"I.B1.2a.38","L21","M21","14e958538fc68dc4bf25b47ad11c4f3f90035873aa96616925e5cea0af242fb8","https://stat.link/mrq53f"
"Brunei Darussalam","mathematics",2018,430.11296,1.15897,"I.B1.2a.38","L22","M22","14e958538fc68dc4bf25b47ad11c4f3f90035873aa96616925e5cea0af242fb8","https://stat.link/mrq53f"
"B-S-J-Z (China)","mathematics",2018,591.3936,2.51717,"I.B1.2a.38","L23","M23","14e958538fc68dc4bf25b47ad11c4f3f90035873aa96616925e5cea0af242fb8","https://stat.link/mrq53f"
"Bulgaria","mathematics",2018,436.04057,3.81724,"I.B1.2a.38","L24","M24","14e958538fc68dc4bf25b47ad11c4f3f90035873aa96616925e5cea0af242fb8","https://stat.link/mrq53f"
"Cambodia","mathematics",2018,324.68655,2.67415,"I.B1.2a.38","L25","M25","14e958538fc68dc4bf25b47ad11c4f3f90035873aa96616925e5cea0af242fb8","https://stat.link/mrq53f"
"Canada*","mathematics",2018,512.01694,2.35748,"I.B1.2a.38","L26","M26","14e958538fc68dc4bf25b47ad11c4f3f90035873aa96616925e5cea0af242fb8","https://stat.link/mrq53f"
"Chile","mathematics",2018,417.40656,2.41589,"I.B1.2a.38","L27","M27","14e958538fc68dc4bf25b47ad11c4f3f90035873aa96616925e5cea0af242fb8","https://stat.link/mrq53f"
"Colombia","mathematics",2018,390.93227,2.98956,"I.B1.2a.38","L28","M28","14e958538fc68dc4bf25b47ad11c4f3f90035873aa96616925e5cea0af242fb8","https://stat.link/mrq53f"
"Costa Rica","mathematics",2018,402.33056,3.2888,"I.B1.2a.38","L29","M29","14e958538fc68dc4bf25b47ad11c4f3f90035873aa96616925e5cea0af242fb8","https://stat.link/mrq53f"
"Croatia","mathematics",2018,464.20427,2.54857,"I.B1.2a.38","L30","M30","14e958538fc68dc4bf25b47ad11c4f3f90035873aa96616925e5cea0af242fb8","https://stat.link/mrq53f"
"Cyprus","mathematics",2018,450.68299,1.41021,"I.B1.2a.38","L31","M31","14e958538fc68dc4bf25b47ad11c4f3f90035873aa96616925e5cea0af242fb8","https://stat.link/mrq53f"
"Czechia","mathematics",2018,499.46765,2.46066,"I.B1.2a.38","L32","M32","14e958538fc68dc4bf25b47ad11c4f3f90035873aa96616925e5cea0af242fb8","https://stat.link/mrq53f"
"Denmark","mathematics",2018,509.39837,1.735,"I.B1.2a.38","L33","M33","14e958538fc68dc4bf25b47ad11c4f3f90035873aa96616925e5cea0af242fb8","https://stat.link/mrq53f"
"Dominican Republic","mathematics",2018,325.10055,2.61878,"I.B1.2a.38","L34","M34","14e958538fc68dc4bf25b47ad11c4f3f90035873aa96616925e5cea0af242fb8","https://stat.link/mrq53f"
"Dushanbe (Tajikistan)","mathematics",2018,__R_MISSING_VALUE_7__,__R_MISSING_VALUE_7__,"I.B1.2a.38","L35","M35","14e958538fc68dc4bf25b47ad11c4f3f90035873aa96616925e5cea0af242fb8","https://stat.link/mrq53f"
"Ecuador","mathematics",2018,377.48745,3.05286,"I.B1.2a.38","L36","M36","14e958538fc68dc4bf25b47ad11c4f3f90035873aa96616925e5cea0af242fb8","https://stat.link/mrq53f"
"El Salvador","mathematics",2018,__R_MISSING_VALUE_7__,__R_MISSING_VALUE_7__,"I.B1.2a.38","L37","M37","14e958538fc68dc4bf25b47ad11c4f3f90035873aa96616925e5cea0af242fb8","https://stat.link/mrq53f"
"Estonia","mathematics",2018,523.41458,1.7436,"I.B1.2a.38","L38","M38","14e958538fc68dc4bf25b47ad11c4f3f90035873aa96616925e5cea0af242fb8","https://stat.link/mrq53f"
"Finland","mathematics",2018,507.30136,1.96792,"I.B1.2a.38","L39","M39","14e958538fc68dc4bf25b47ad11c4f3f90035873aa96616925e5cea0af242fb8","https://stat.link/mrq53f"
"France","mathematics",2018,495.40758,2.32021,"I.B1.2a.38","L40","M40","14e958538fc68dc4bf25b47ad11c4f3f90035873aa96616925e5cea0af242fb8","https://stat.link/mrq53f"
"Georgia","mathematics",2018,397.58636,2.60272,"I.B1.2a.38","L41","M41","14e958538fc68dc4bf25b47ad11c4f3f90035873aa96616925e5cea0af242fb8","https://stat.link/mrq53f"
"Germany","mathematics",2018,500.04378,2.64708,"I.B1.2a.38","L42","M42","14e958538fc68dc4bf25b47ad11c4f3f90035873aa96616925e5cea0af242fb8","https://stat.link/mrq53f"
"Greece","mathematics",2018,451.37034,3.09123,"I.B1.2a.38","L43","M43","14e958538fc68dc4bf25b47ad11c4f3f90035873aa96616925e5cea0af242fb8","https://stat.link/mrq53f"
"Guatemala","mathematics",2018,334.31006,3.24945,"I.B1.2a.38","L44","M44","14e958538fc68dc4bf25b47ad11c4f3f90035873aa96616925e5cea0af242fb8","https://stat.link/mrq53f"
"Hong Kong (China)","mathematics",2018,551.15427,2.99514,"I.B1.2a.38","L45","M45","14e958538fc68dc4bf25b47ad11c4f3f90035873aa96616925e5cea0af242fb8","https://stat.link/mrq53f"
"Hungary","mathematics",2018,481.08264,2.3196,"I.B1.2a.38","L46","M46","14e958538fc68dc4bf25b47ad11c4f3f90035873aa96616925e5cea0af242fb8","https://stat.link/mrq53f"
"Iceland","mathematics",2018,495.18738,1.95308,"I.B1.2a.38","L47","M47","14e958538fc68dc4bf25b47ad11c4f3f90035873aa96616925e5cea0af242fb8","https://stat.link/mrq53f"
"Indonesia","mathematics",2018,378.66813,3.11959,"I.B1.2a.38","L48","M48","14e958538fc68dc4bf25b47ad11c4f3f90035873aa96616925e5cea0af242fb8","https://stat.link/mrq53f"
"Ireland","mathematics",2018,499.63289,2.19862,"I.B1.2a.38","L49","M49","14e958538fc68dc4bf25b47ad11c4f3f90035873aa96616925e5cea0af242fb8","https://stat.link/mrq53f"
"Israel","mathematics",2018,463.03455,3.49856,"I.B1.2a.38","L50","M50","14e958538fc68dc4bf25b47ad11c4f3f90035873aa96616925e5cea0af242fb8","https://stat.link/mrq53f"
"Italy","mathematics",2018,486.58986,2.78005,"I.B1.2a.38","L51","M51","14e958538fc68dc4bf25b47ad11c4f3f90035873aa96616925e5cea0af242fb8","https://stat.link/mrq53f"
"Japan","mathematics",2018,526.97325,2.47148,"I.B1.2a.38","L52","M52","14e958538fc68dc4bf25b47ad11c4f3f90035873aa96616925e5cea0af242fb8","https://stat.link/mrq53f"
"Jordan","mathematics",2018,399.76191,3.31224,"I.B1.2a.38","L53","M53","14e958538fc68dc4bf25b47ad11c4f3f90035873aa96616925e5cea0af242fb8","https://stat.link/mrq53f"
"Kazakhstan","mathematics",2018,423.14613,1.91284,"I.B1.2a.38","L54","M54","14e958538fc68dc4bf25b47ad11c4f3f90035873aa96616925e5cea0af242fb8","https://stat.link/mrq53f"
"Kenya","mathematics",2018,__R_MISSING_VALUE_7__,__R_MISSING_VALUE_7__,"I.B1.2a.38","L55","M55","14e958538fc68dc4bf25b47ad11c4f3f90035873aa96616925e5cea0af242fb8","https://stat.link/mrq53f"
"Korea","mathematics",2018,525.933,3.12139,"I.B1.2a.38","L56","M56","14e958538fc68dc4bf25b47ad11c4f3f90035873aa96616925e5cea0af242fb8","https://stat.link/mrq53f"
"Kosovo","mathematics",2018,365.88495,1.49139,"I.B1.2a.38","L57","M57","14e958538fc68dc4bf25b47ad11c4f3f90035873aa96616925e5cea0af242fb8","https://stat.link/mrq53f"
"Kurdistan Region (Iraq)","mathematics",2018,__R_MISSING_VALUE_7__,__R_MISSING_VALUE_7__,"I.B1.2a.38","L58","M58","14e958538fc68dc4bf25b47ad11c4f3f90035873aa96616925e5cea0af242fb8","https://stat.link/mrq53f"
"Kyrgyzstan","mathematics",2018,__R_MISSING_VALUE_7__,__R_MISSING_VALUE_7__,"I.B1.2a.38","L59","M59","14e958538fc68dc4bf25b47ad11c4f3f90035873aa96616925e5cea0af242fb8","https://stat.link/mrq53f"
"Latvia","mathematics",2018,496.12633,1.96277,"I.B1.2a.38","L60","M60","14e958538fc68dc4bf25b47ad11c4f3f90035873aa96616925e5cea0af242fb8","https://stat.link/mrq53f"
"Lebanon","mathematics",2018,393.45005,4.04939,"I.B1.2a.38","L61","M61","14e958538fc68dc4bf25b47ad11c4f3f90035873aa96616925e5cea0af242fb8","https://stat.link/mrq53f"
"Lithuania","mathematics",2018,481.19119,1.95328,"I.B1.2a.38","L62","M62","14e958538fc68dc4bf25b47ad11c4f3f90035873aa96616925e5cea0af242fb8","https://stat.link/mrq53f"
"Luxembourg","mathematics",2018,483.42149,1.09763,"I.B1.2a.38","L63","M63","14e958538fc68dc4bf25b47ad11c4f3f90035873aa96616925e5cea0af242fb8","https://stat.link/mrq53f"
"Macao (China)","mathematics",2018,557.67023,1.53493,"I.B1.2a.38","L64","M64","14e958538fc68dc4bf25b47ad11c4f3f90035873aa96616925e5cea0af242fb8","https://stat.link/mrq53f"
"Malaysia","mathematics",2018,440.20754,2.87701,"I.B1.2a.38","L65","M65","14e958538fc68dc4bf25b47ad11c4f3f90035873aa96616925e5cea0af242fb8","https://stat.link/mrq53f"
"Malta","mathematics",2018,471.72442,1.90213,"I.B1.2a.38","L66","M66","14e958538fc68dc4bf25b47ad11c4f3f90035873aa96616925e5cea0af242fb8","https://stat.link/mrq53f"
"Mauritius","mathematics",2018,__R_MISSING_VALUE_7__,__R_MISSING_VALUE_7__,"I.B1.2a.38","L67","M67","14e958538fc68dc4bf25b47ad11c4f3f90035873aa96616925e5cea0af242fb8","https://stat.link/mrq53f"
"Mexico","mathematics",2018,408.80147,2.49323,"I.B1.2a.38","L68","M68","14e958538fc68dc4bf25b47ad11c4f3f90035873aa96616925e5cea0af242fb8","https://stat.link/mrq53f"
"Moldova","mathematics",2018,420.604,2.43499,"I.B1.2a.38","L69","M69","14e958538fc68dc4bf25b47ad11c4f3f90035873aa96616925e5cea0af242fb8","https://stat.link/mrq53f"
"Mongolia","mathematics",2018,__R_MISSING_VALUE_7__,__R_MISSING_VALUE_7__,"I.B1.2a.38","L70","M70","14e958538fc68dc4bf25b47ad11c4f3f90035873aa96616925e5cea0af242fb8","https://stat.link/mrq53f"
"Montenegro","mathematics",2018,429.61154,1.24328,"I.B1.2a.38","L71","M71","14e958538fc68dc4bf25b47ad11c4f3f90035873aa96616925e5cea0af242fb8","https://stat.link/mrq53f"
"Morocco","mathematics",2018,367.72735,3.33158,"I.B1.2a.38","L72","M72","14e958538fc68dc4bf25b47ad11c4f3f90035873aa96616925e5cea0af242fb8","https://stat.link/mrq53f"
"Netherlands*","mathematics",2018,519.23098,2.63228,"I.B1.2a.38","L73","M73","14e958538fc68dc4bf25b47ad11c4f3f90035873aa96616925e5cea0af242fb8","https://stat.link/mrq53f"
"New Zealand*","mathematics",2018,494.48968,1.70594,"I.B1.2a.38","L74","M74","14e958538fc68dc4bf25b47ad11c4f3f90035873aa96616925e5cea0af242fb8","https://stat.link/mrq53f"
"North Macedonia","mathematics",2018,394.44683,1.56078,"I.B1.2a.38","L75","M75","14e958538fc68dc4bf25b47ad11c4f3f90035873aa96616925e5cea0af242fb8","https://stat.link/mrq53f"
"Norway*","mathematics",2018,500.96379,2.21904,"I.B1.2a.38","L76","M76","14e958538fc68dc4bf25b47ad11c4f3f90035873aa96616925e5cea0af242fb8","https://stat.link/mrq53f"
"Palestinian Authority","mathematics",2018,__R_MISSING_VALUE_7__,__R_MISSING_VALUE_7__,"I.B1.2a.38","L77","M77","14e958538fc68dc4bf25b47ad11c4f3f90035873aa96616925e5cea0af242fb8","https://stat.link/mrq53f"
"Paraguay","mathematics",2018,326.1822,2.90743,"I.B1.2a.38","L78","M78","14e958538fc68dc4bf25b47ad11c4f3f90035873aa96616925e5cea0af242fb8","https://stat.link/mrq53f"
"Peru","mathematics",2018,399.83767,2.60669,"I.B1.2a.38","L79","M79","14e958538fc68dc4bf25b47ad11c4f3f90035873aa96616925e5cea0af242fb8","https://stat.link/mrq53f"
"Philippines","mathematics",2018,352.56707,3.4656,"I.B1.2a.38","L80","M80","14e958538fc68dc4bf25b47ad11c4f3f90035873aa96616925e5cea0af242fb8","https://stat.link/mrq53f"
"Poland","mathematics",2018,515.64787,2.60209,"I.B1.2a.38","L81","M81","14e958538fc68dc4bf25b47ad11c4f3f90035873aa96616925e5cea0af242fb8","https://stat.link/mrq53f"
"Portugal","mathematics",2018,492.48741,2.68457,"I.B1.2a.38","L82","M82","14e958538fc68dc4bf25b47ad11c4f3f90035873aa96616925e5cea0af242fb8","https://stat.link/mrq53f"
"Qatar","mathematics",2018,414.22872,1.23232,"I.B1.2a.38","L83","M83","14e958538fc68dc4bf25b47ad11c4f3f90035873aa96616925e5cea0af242fb8","https://stat.link/mrq53f"
"Romania","mathematics",2018,429.91683,4.90384,"I.B1.2a.38","L84","M84","14e958538fc68dc4bf25b47ad11c4f3f90035873aa96616925e5cea0af242fb8","https://stat.link/mrq53f"
"Rwanda","mathematics",2018,__R_MISSING_VALUE_7__,__R_MISSING_VALUE_7__,"I.B1.2a.38","L85","M85","14e958538fc68dc4bf25b47ad11c4f3f90035873aa96616925e5cea0af242fb8","https://stat.link/mrq53f"
"Saudi Arabia","mathematics",2018,373.23881,2.98929,"I.B1.2a.38","L86","M86","14e958538fc68dc4bf25b47ad11c4f3f90035873aa96616925e5cea0af242fb8","https://stat.link/mrq53f"
"Serbia","mathematics",2018,448.28306,3.15785,"I.B1.2a.38","L87","M87","14e958538fc68dc4bf25b47ad11c4f3f90035873aa96616925e5cea0af242fb8","https://stat.link/mrq53f"
"Singapore","mathematics",2018,569.00778,1.60296,"I.B1.2a.38","L88","M88","14e958538fc68dc4bf25b47ad11c4f3f90035873aa96616925e5cea0af242fb8","https://stat.link/mrq53f"
"Slovak Republic","mathematics",2018,486.16485,2.5556,"I.B1.2a.38","L89","M89","14e958538fc68dc4bf25b47ad11c4f3f90035873aa96616925e5cea0af242fb8","https://stat.link/mrq53f"
"Slovenia","mathematics",2018,508.89754,1.36388,"I.B1.2a.38","L90","M90","14e958538fc68dc4bf25b47ad11c4f3f90035873aa96616925e5cea0af242fb8","https://stat.link/mrq53f"
"Spain","mathematics",2018,__R_MISSING_VALUE_7__,__R_MISSING_VALUE_7__,"I.B1.2a.38","L91","M91","14e958538fc68dc4bf25b47ad11c4f3f90035873aa96616925e5cea0af242fb8","https://stat.link/mrq53f"
"Sweden","mathematics",2018,502.3877,2.65425,"I.B1.2a.38","L92","M92","14e958538fc68dc4bf25b47ad11c4f3f90035873aa96616925e5cea0af242fb8","https://stat.link/mrq53f"
"Switzerland","mathematics",2018,515.31471,2.908,"I.B1.2a.38","L93","M93","14e958538fc68dc4bf25b47ad11c4f3f90035873aa96616925e5cea0af242fb8","https://stat.link/mrq53f"
"Chinese Taipei","mathematics",2018,531.14354,2.89144,"I.B1.2a.38","L94","M94","14e958538fc68dc4bf25b47ad11c4f3f90035873aa96616925e5cea0af242fb8","https://stat.link/mrq53f"
"Thailand","mathematics",2018,418.5555,3.44567,"I.B1.2a.38","L95","M95","14e958538fc68dc4bf25b47ad11c4f3f90035873aa96616925e5cea0af242fb8","https://stat.link/mrq53f"
"Türkiye","mathematics",2018,453.50778,2.26041,"I.B1.2a.38","L96","M96","14e958538fc68dc4bf25b47ad11c4f3f90035873aa96616925e5cea0af242fb8","https://stat.link/mrq53f"
"Ukrainian regions (17 of 27)","mathematics",2018,__R_MISSING_VALUE_7__,__R_MISSING_VALUE_7__,"I.B1.2a.38","L97","M97","14e958538fc68dc4bf25b47ad11c4f3f90035873aa96616925e5cea0af242fb8","https://stat.link/mrq53f"
"United Arab Emirates","mathematics",2018,434.94725,2.14438,"I.B1.2a.38","L98","M98","14e958538fc68dc4bf25b47ad11c4f3f90035873aa96616925e5cea0af242fb8","https://stat.link/mrq53f"
"United Kingdom","mathematics",2018,501.7699,2.56443,"I.B1.2a.38","L99","M99","14e958538fc68dc4bf25b47ad11c4f3f90035873aa96616925e5cea0af242fb8","https://stat.link/mrq53f"
"United States*","mathematics",2018,478.24472,3.23544,"I.B1.2a.38","L100","M100","14e958538fc68dc4bf25b47ad11c4f3f90035873aa96616925e5cea0af242fb8","https://stat.link/mrq53f"
"Uruguay","mathematics",2018,417.66162,2.63239,"I.B1.2a.38","L101","M101","14e958538fc68dc4bf25b47ad11c4f3f90035873aa96616925e5cea0af242fb8","https://stat.link/mrq53f"
"Uzbekistan","mathematics",2018,__R_MISSING_VALUE_7__,__R_MISSING_VALUE_7__,"I.B1.2a.38","L102","M102","14e958538fc68dc4bf25b47ad11c4f3f90035873aa96616925e5cea0af242fb8","https://stat.link/mrq53f"
"Viet Nam","mathematics",2018,__R_MISSING_VALUE_7__,__R_MISSING_VALUE_7__,"I.B1.2a.38","L103","M103","14e958538fc68dc4bf25b47ad11c4f3f90035873aa96616925e5cea0af242fb8","https://stat.link/mrq53f"
"Zambia","mathematics",2018,258.47171,3.88258,"I.B1.2a.38","L104","M104","14e958538fc68dc4bf25b47ad11c4f3f90035873aa96616925e5cea0af242fb8","https://stat.link/mrq53f"
"Albania*","mathematics",2018,437.22199,2.42098,"I.B1.2a.38","L106","M106","14e958538fc68dc4bf25b47ad11c4f3f90035873aa96616925e5cea0af242fb8","https://stat.link/mrq53f"
"OECD average","mathematics",2022,__R_MISSING_VALUE_7__,__R_MISSING_VALUE_7__,"I.B1.2a.38","N10","O10","14e958538fc68dc4bf25b47ad11c4f3f90035873aa96616925e5cea0af242fb8","https://stat.link/mrq53f"
"OECD average-23","mathematics",2022,480.28995,0.48838,"I.B1.2a.38","N11","O11","14e958538fc68dc4bf25b47ad11c4f3f90035873aa96616925e5cea0af242fb8","https://stat.link/mrq53f"
"OECD average-35","mathematics",2022,474.84384,0.41479,"I.B1.2a.38","N12","O12","14e958538fc68dc4bf25b47ad11c4f3f90035873aa96616925e5cea0af242fb8","https://stat.link/mrq53f"
"Argentina","mathematics",2022,377.52903,2.25166,"I.B1.2a.38","N15","O15","14e958538fc68dc4bf25b47ad11c4f3f90035873aa96616925e5cea0af242fb8","https://stat.link/mrq53f"
"Armenia","mathematics",2022,__R_MISSING_VALUE_7__,__R_MISSING_VALUE_7__,"I.B1.2a.38","N16","O16","14e958538fc68dc4bf25b47ad11c4f3f90035873aa96616925e5cea0af242fb8","https://stat.link/mrq53f"
"Australia","mathematics",2022,487.08425,1.77961,"I.B1.2a.38","N17","O17","14e958538fc68dc4bf25b47ad11c4f3f90035873aa96616925e5cea0af242fb8","https://stat.link/mrq53f"
"Austria","mathematics",2022,487.2675,2.33779,"I.B1.2a.38","N18","O18","14e958538fc68dc4bf25b47ad11c4f3f90035873aa96616925e5cea0af242fb8","https://stat.link/mrq53f"
"Azerbaijan","mathematics",2022,__R_MISSING_VALUE_7__,__R_MISSING_VALUE_7__,"I.B1.2a.38","N19","O19","14e958538fc68dc4bf25b47ad11c4f3f90035873aa96616925e5cea0af242fb8","https://stat.link/mrq53f"
"Belgium","mathematics",2022,489.48682,2.20287,"I.B1.2a.38","N20","O20","14e958538fc68dc4bf25b47ad11c4f3f90035873aa96616925e5cea0af242fb8","https://stat.link/mrq53f"
"Brazil","mathematics",2022,378.69137,1.58142,"I.B1.2a.38","N21","O21","14e958538fc68dc4bf25b47ad11c4f3f90035873aa96616925e5cea0af242fb8","https://stat.link/mrq53f"
"Brunei Darussalam","mathematics",2022,442.0931,0.92599,"I.B1.2a.38","N22","O22","14e958538fc68dc4bf25b47ad11c4f3f90035873aa96616925e5cea0af242fb8","https://stat.link/mrq53f"
"B-S-J-Z (China)","mathematics",2022,__R_MISSING_VALUE_7__,__R_MISSING_VALUE_7__,"I.B1.2a.38","N23","O23","14e958538fc68dc4bf25b47ad11c4f3f90035873aa96616925e5cea0af242fb8","https://stat.link/mrq53f"
"Bulgaria","mathematics",2022,417.3039,3.30269,"I.B1.2a.38","N24","O24","14e958538fc68dc4bf25b47ad11c4f3f90035873aa96616925e5cea0af242fb8","https://stat.link/mrq53f"
"Cambodia","mathematics",2022,336.39604,2.69401,"I.B1.2a.38","N25","O25","14e958538fc68dc4bf25b47ad11c4f3f90035873aa96616925e5cea0af242fb8","https://stat.link/mrq53f"
"Canada*","mathematics",2022,496.94789,1.5618,"I.B1.2a.38","N26","O26","14e958538fc68dc4bf25b47ad11c4f3f90035873aa96616925e5cea0af242fb8","https://stat.link/mrq53f"
"Chile","mathematics",2022,411.69657,2.0779,"I.B1.2a.38","N27","O27","14e958538fc68dc4bf25b47ad11c4f3f90035873aa96616925e5cea0af242fb8","https://stat.link/mrq53f"
"Colombia","mathematics",2022,382.69684,3.03101,"I.B1.2a.38","N28","O28","14e958538fc68dc4bf25b47ad11c4f3f90035873aa96616925e5cea0af242fb8","https://stat.link/mrq53f"
"Costa Rica","mathematics",2022,384.57604,1.88771,"I.B1.2a.38","N29","O29","14e958538fc68dc4bf25b47ad11c4f3f90035873aa96616925e5cea0af242fb8","https://stat.link/mrq53f"
"Croatia","mathematics",2022,463.10519,2.37892,"I.B1.2a.38","N30","O30","14e958538fc68dc4bf25b47ad11c4f3f90035873aa96616925e5cea0af242fb8","https://stat.link/mrq53f"
"Cyprus","mathematics",2022,418.30668,1.17893,"I.B1.2a.38","N31","O31","14e958538fc68dc4bf25b47ad11c4f3f90035873aa96616925e5cea0af242fb8","https://stat.link/mrq53f"
"Czechia","mathematics",2022,486.99921,2.09364,"I.B1.2a.38","N32","O32","14e958538fc68dc4bf25b47ad11c4f3f90035873aa96616925e5cea0af242fb8","https://stat.link/mrq53f"
"Denmark","mathematics",2022,489.27388,1.94882,"I.B1.2a.38","N33","O33","14e958538fc68dc4bf25b47ad11c4f3f90035873aa96616925e5cea0af242fb8","https://stat.link/mrq53f"
"Dominican Republic","mathematics",2022,339.10725,1.62335,"I.B1.2a.38","N34","O34","14e958538fc68dc4bf25b47ad11c4f3f90035873aa96616925e5cea0af242fb8","https://stat.link/mrq53f"
"Dushanbe (Tajikistan)","mathematics",2022,__R_MISSING_VALUE_7__,__R_MISSING_VALUE_7__,"I.B1.2a.38","N35","O35","14e958538fc68dc4bf25b47ad11c4f3f90035873aa96616925e5cea0af242fb8","https://stat.link/mrq53f"
"Ecuador","mathematics",2022,__R_MISSING_VALUE_7__,__R_MISSING_VALUE_7__,"I.B1.2a.38","N36","O36","14e958538fc68dc4bf25b47ad11c4f3f90035873aa96616925e5cea0af242fb8","https://stat.link/mrq53f"
"El Salvador","mathematics",2022,343.4691,2.00241,"I.B1.2a.38","N37","O37","14e958538fc68dc4bf25b47ad11c4f3f90035873aa96616925e5cea0af242fb8","https://stat.link/mrq53f"
"Estonia","mathematics",2022,509.94695,1.98447,"I.B1.2a.38","N38","O38","14e958538fc68dc4bf25b47ad11c4f3f90035873aa96616925e5cea0af242fb8","https://stat.link/mrq53f"
"Finland","mathematics",2022,484.13923,1.85716,"I.B1.2a.38","N39","O39","14e958538fc68dc4bf25b47ad11c4f3f90035873aa96616925e5cea0af242fb8","https://stat.link/mrq53f"
"France","mathematics",2022,473.94442,2.48897,"I.B1.2a.38","N40","O40","14e958538fc68dc4bf25b47ad11c4f3f90035873aa96616925e5cea0af242fb8","https://stat.link/mrq53f"
"Georgia","mathematics",2022,390.02422,2.37358,"I.B1.2a.38","N41","O41","14e958538fc68dc4bf25b47ad11c4f3f90035873aa96616925e5cea0af242fb8","https://stat.link/mrq53f"
"Germany","mathematics",2022,474.82645,3.0648,"I.B1.2a.38","N42","O42","14e958538fc68dc4bf25b47ad11c4f3f90035873aa96616925e5cea0af242fb8","https://stat.link/mrq53f"
"Greece","mathematics",2022,430.14632,2.33502,"I.B1.2a.38","N43","O43","14e958538fc68dc4bf25b47ad11c4f3f90035873aa96616925e5cea0af242fb8","https://stat.link/mrq53f"
"Guatemala","mathematics",2022,344.19949,2.21077,"I.B1.2a.38","N44","O44","14e958538fc68dc4bf25b47ad11c4f3f90035873aa96616925e5cea0af242fb8","https://stat.link/mrq53f"
"Hong Kong (China)","mathematics",2022,540.3518,2.98754,"I.B1.2a.38","N45","O45","14e958538fc68dc4bf25b47ad11c4f3f90035873aa96616925e5cea0af242fb8","https://stat.link/mrq53f"
"Hungary","mathematics",2022,472.77612,2.51406,"I.B1.2a.38","N46","O46","14e958538fc68dc4bf25b47ad11c4f3f90035873aa96616925e5cea0af242fb8","https://stat.link/mrq53f"
"Iceland","mathematics",2022,458.91401,1.58098,"I.B1.2a.38","N47","O47","14e958538fc68dc4bf25b47ad11c4f3f90035873aa96616925e5cea0af242fb8","https://stat.link/mrq53f"
"Indonesia","mathematics",2022,365.52525,2.35115,"I.B1.2a.38","N48","O48","14e958538fc68dc4bf25b47ad11c4f3f90035873aa96616925e5cea0af242fb8","https://stat.link/mrq53f"
"Ireland","mathematics",2022,491.64828,2.02227,"I.B1.2a.38","N49","O49","14e958538fc68dc4bf25b47ad11c4f3f90035873aa96616925e5cea0af242fb8","https://stat.link/mrq53f"
"Israel","mathematics",2022,457.89667,3.26915,"I.B1.2a.38","N50","O50","14e958538fc68dc4bf25b47ad11c4f3f90035873aa96616925e5cea0af242fb8","https://stat.link/mrq53f"
"Italy","mathematics",2022,471.25948,3.09339,"I.B1.2a.38","N51","O51","14e958538fc68dc4bf25b47ad11c4f3f90035873aa96616925e5cea0af242fb8","https://stat.link/mrq53f"
"Japan","mathematics",2022,535.57931,2.93383,"I.B1.2a.38","N52","O52","14e958538fc68dc4bf25b47ad11c4f3f90035873aa96616925e5cea0af242fb8","https://stat.link/mrq53f"
"Jordan","mathematics",2022,361.22803,2.0331,"I.B1.2a.38","N53","O53","14e958538fc68dc4bf25b47ad11c4f3f90035873aa96616925e5cea0af242fb8","https://stat.link/mrq53f"
"Kazakhstan","mathematics",2022,425.43913,1.68822,"I.B1.2a.38","N54","O54","14e958538fc68dc4bf25b47ad11c4f3f90035873aa96616925e5cea0af242fb8","https://stat.link/mrq53f"
"Kenya","mathematics",2022,__R_MISSING_VALUE_7__,__R_MISSING_VALUE_7__,"I.B1.2a.38","N55","O55","14e958538fc68dc4bf25b47ad11c4f3f90035873aa96616925e5cea0af242fb8","https://stat.link/mrq53f"
"Korea","mathematics",2022,527.3025,3.86281,"I.B1.2a.38","N56","O56","14e958538fc68dc4bf25b47ad11c4f3f90035873aa96616925e5cea0af242fb8","https://stat.link/mrq53f"
"Kosovo","mathematics",2022,354.96244,1.01843,"I.B1.2a.38","N57","O57","14e958538fc68dc4bf25b47ad11c4f3f90035873aa96616925e5cea0af242fb8","https://stat.link/mrq53f"
"Kurdistan Region (Iraq)","mathematics",2022,__R_MISSING_VALUE_7__,__R_MISSING_VALUE_7__,"I.B1.2a.38","N58","O58","14e958538fc68dc4bf25b47ad11c4f3f90035873aa96616925e5cea0af242fb8","https://stat.link/mrq53f"
"Kyrgyzstan","mathematics",2022,__R_MISSING_VALUE_7__,__R_MISSING_VALUE_7__,"I.B1.2a.38","N59","O59","14e958538fc68dc4bf25b47ad11c4f3f90035873aa96616925e5cea0af242fb8","https://stat.link/mrq53f"
"Latvia","mathematics",2022,483.15946,2.03191,"I.B1.2a.38","N60","O60","14e958538fc68dc4bf25b47ad11c4f3f90035873aa96616925e5cea0af242fb8","https://stat.link/mrq53f"
"Lebanon","mathematics",2022,__R_MISSING_VALUE_7__,__R_MISSING_VALUE_7__,"I.B1.2a.38","N61","O61","14e958538fc68dc4bf25b47ad11c4f3f90035873aa96616925e5cea0af242fb8","https://stat.link/mrq53f"
"Lithuania","mathematics",2022,475.14676,1.84182,"I.B1.2a.38","N62","O62","14e958538fc68dc4bf25b47ad11c4f3f90035873aa96616925e5cea0af242fb8","https://stat.link/mrq53f"
"Luxembourg","mathematics",2022,__R_MISSING_VALUE_7__,__R_MISSING_VALUE_7__,"I.B1.2a.38","N63","O63","14e958538fc68dc4bf25b47ad11c4f3f90035873aa96616925e5cea0af242fb8","https://stat.link/mrq53f"
"Macao (China)","mathematics",2022,551.92315,1.09806,"I.B1.2a.38","N64","O64","14e958538fc68dc4bf25b47ad11c4f3f90035873aa96616925e5cea0af242fb8","https://stat.link/mrq53f"
"Malaysia","mathematics",2022,408.68743,2.39649,"I.B1.2a.38","N65","O65","14e958538fc68dc4bf25b47ad11c4f3f90035873aa96616925e5cea0af242fb8","https://stat.link/mrq53f"
"Malta","mathematics",2022,466.01611,1.57896,"I.B1.2a.38","N66","O66","14e958538fc68dc4bf25b47ad11c4f3f90035873aa96616925e5cea0af242fb8","https://stat.link/mrq53f"
"Mauritius","mathematics",2022,__R_MISSING_VALUE_7__,__R_MISSING_VALUE_7__,"I.B1.2a.38","N67","O67","14e958538fc68dc4bf25b47ad11c4f3f90035873aa96616925e5cea0af242fb8","https://stat.link/mrq53f"
"Mexico","mathematics",2022,395.02992,2.27059,"I.B1.2a.38","N68","O68","14e958538fc68dc4bf25b47ad11c4f3f90035873aa96616925e5cea0af242fb8","https://stat.link/mrq53f"
"Moldova","mathematics",2022,414.19806,2.30739,"I.B1.2a.38","N69","O69","14e958538fc68dc4bf25b47ad11c4f3f90035873aa96616925e5cea0af242fb8","https://stat.link/mrq53f"
"Mongolia","mathematics",2022,424.59313,2.57361,"I.B1.2a.38","N70","O70","14e958538fc68dc4bf25b47ad11c4f3f90035873aa96616925e5cea0af242fb8","https://stat.link/mrq53f"
"Montenegro","mathematics",2022,405.60117,1.11595,"I.B1.2a.38","N71","O71","14e958538fc68dc4bf25b47ad11c4f3f90035873aa96616925e5cea0af242fb8","https://stat.link/mrq53f"
"Morocco","mathematics",2022,364.76624,3.35031,"I.B1.2a.38","N72","O72","14e958538fc68dc4bf25b47ad11c4f3f90035873aa96616925e5cea0af242fb8","https://stat.link/mrq53f"
"Netherlands*","mathematics",2022,492.67564,3.76596,"I.B1.2a.38","N73","O73","14e958538fc68dc4bf25b47ad11c4f3f90035873aa96616925e5cea0af242fb8","https://stat.link/mrq53f"
"New Zealand*","mathematics",2022,479.07419,1.98702,"I.B1.2a.38","N74","O74","14e958538fc68dc4bf25b47ad11c4f3f90035873aa96616925e5cea0af242fb8","https://stat.link/mrq53f"
"North Macedonia","mathematics",2022,388.57551,0.86901,"I.B1.2a.38","N75","O75","14e958538fc68dc4bf25b47ad11c4f3f90035873aa96616925e5cea0af242fb8","https://stat.link/mrq53f"
"Norway*","mathematics",2022,468.44995,2.06242,"I.B1.2a.38","N76","O76","14e958538fc68dc4bf25b47ad11c4f3f90035873aa96616925e5cea0af242fb8","https://stat.link/mrq53f"
"Palestinian Authority","mathematics",2022,372.10175,2.51327,"I.B1.2a.38","N77","O77","14e958538fc68dc4bf25b47ad11c4f3f90035873aa96616925e5cea0af242fb8","https://stat.link/mrq53f"
"Paraguay","mathematics",2022,337.53975,2.15797,"I.B1.2a.38","N78","O78","14e958538fc68dc4bf25b47ad11c4f3f90035873aa96616925e5cea0af242fb8","https://stat.link/mrq53f"
"Peru","mathematics",2022,391.23578,2.34103,"I.B1.2a.38","N79","O79","14e958538fc68dc4bf25b47ad11c4f3f90035873aa96616925e5cea0af242fb8","https://stat.link/mrq53f"
"Philippines","mathematics",2022,354.71971,2.57996,"I.B1.2a.38","N80","O80","14e958538fc68dc4bf25b47ad11c4f3f90035873aa96616925e5cea0af242fb8","https://stat.link/mrq53f"
"Poland","mathematics",2022,488.96005,2.27485,"I.B1.2a.38","N81","O81","14e958538fc68dc4bf25b47ad11c4f3f90035873aa96616925e5cea0af242fb8","https://stat.link/mrq53f"
"Portugal","mathematics",2022,471.91052,2.35057,"I.B1.2a.38","N82","O82","14e958538fc68dc4bf25b47ad11c4f3f90035873aa96616925e5cea0af242fb8","https://stat.link/mrq53f"
"Qatar","mathematics",2022,414.10622,1.13913,"I.B1.2a.38","N83","O83","14e958538fc68dc4bf25b47ad11c4f3f90035873aa96616925e5cea0af242fb8","https://stat.link/mrq53f"
"Romania","mathematics",2022,427.76,3.99842,"I.B1.2a.38","N84","O84","14e958538fc68dc4bf25b47ad11c4f3f90035873aa96616925e5cea0af242fb8","https://stat.link/mrq53f"
"Rwanda","mathematics",2022,__R_MISSING_VALUE_7__,__R_MISSING_VALUE_7__,"I.B1.2a.38","N85","O85","14e958538fc68dc4bf25b47ad11c4f3f90035873aa96616925e5cea0af242fb8","https://stat.link/mrq53f"
"Saudi Arabia","mathematics",2022,388.78161,1.75818,"I.B1.2a.38","N86","O86","14e958538fc68dc4bf25b47ad11c4f3f90035873aa96616925e5cea0af242fb8","https://stat.link/mrq53f"
"Serbia","mathematics",2022,439.87667,2.97412,"I.B1.2a.38","N87","O87","14e958538fc68dc4bf25b47ad11c4f3f90035873aa96616925e5cea0af242fb8","https://stat.link/mrq53f"
"Singapore","mathematics",2022,574.66382,1.23282,"I.B1.2a.38","N88","O88","14e958538fc68dc4bf25b47ad11c4f3f90035873aa96616925e5cea0af242fb8","https://stat.link/mrq53f"
"Slovak Republic","mathematics",2022,463.99462,2.89293,"I.B1.2a.38","N89","O89","14e958538fc68dc4bf25b47ad11c4f3f90035873aa96616925e5cea0af242fb8","https://stat.link/mrq53f"
"Slovenia","mathematics",2022,484.52901,1.24406,"I.B1.2a.38","N90","O90","14e958538fc68dc4bf25b47ad11c4f3f90035873aa96616925e5cea0af242fb8","https://stat.link/mrq53f"
"Spain","mathematics",2022,473.14021,1.50438,"I.B1.2a.38","N91","O91","14e958538fc68dc4bf25b47ad11c4f3f90035873aa96616925e5cea0af242fb8","https://stat.link/mrq53f"
"Sweden","mathematics",2022,481.76607,2.06312,"I.B1.2a.38","N92","O92","14e958538fc68dc4bf25b47ad11c4f3f90035873aa96616925e5cea0af242fb8","https://stat.link/mrq53f"
"Switzerland","mathematics",2022,507.99059,2.1437,"I.B1.2a.38","N93","O93","14e958538fc68dc4bf25b47ad11c4f3f90035873aa96616925e5cea0af242fb8","https://stat.link/mrq53f"
"Chinese Taipei","mathematics",2022,547.09416,3.77763,"I.B1.2a.38","N94","O94","14e958538fc68dc4bf25b47ad11c4f3f90035873aa96616925e5cea0af242fb8","https://stat.link/mrq53f"
"Thailand","mathematics",2022,393.94536,2.67602,"I.B1.2a.38","N95","O95","14e958538fc68dc4bf25b47ad11c4f3f90035873aa96616925e5cea0af242fb8","https://stat.link/mrq53f"
"Türkiye","mathematics",2022,453.15177,1.58815,"I.B1.2a.38","N96","O96","14e958538fc68dc4bf25b47ad11c4f3f90035873aa96616925e5cea0af242fb8","https://stat.link/mrq53f"
"Ukrainian regions (17 of 27)","mathematics",2022,440.09887,4.12928,"I.B1.2a.38","N97","O97","14e958538fc68dc4bf25b47ad11c4f3f90035873aa96616925e5cea0af242fb8","https://stat.link/mrq53f"
"United Arab Emirates","mathematics",2022,431.11048,0.94931,"I.B1.2a.38","N98","O98","14e958538fc68dc4bf25b47ad11c4f3f90035873aa96616925e5cea0af242fb8","https://stat.link/mrq53f"
"United Kingdom","mathematics",2022,488.97509,2.21795,"I.B1.2a.38","N99","O99","14e958538fc68dc4bf25b47ad11c4f3f90035873aa96616925e5cea0af242fb8","https://stat.link/mrq53f"
"United States*","mathematics",2022,464.88804,4.00672,"I.B1.2a.38","N100","O100","14e958538fc68dc4bf25b47ad11c4f3f90035873aa96616925e5cea0af242fb8","https://stat.link/mrq53f"
"Uruguay","mathematics",2022,408.71207,2.02386,"I.B1.2a.38","N101","O101","14e958538fc68dc4bf25b47ad11c4f3f90035873aa96616925e5cea0af242fb8","https://stat.link/mrq53f"
"Uzbekistan","mathematics",2022,363.93537,2.01895,"I.B1.2a.38","N102","O102","14e958538fc68dc4bf25b47ad11c4f3f90035873aa96616925e5cea0af242fb8","https://stat.link/mrq53f"
"Viet Nam","mathematics",2022,__R_MISSING_VALUE_7__,__R_MISSING_VALUE_7__,"I.B1.2a.38","N103","O103","14e958538fc68dc4bf25b47ad11c4f3f90035873aa96616925e5cea0af242fb8","https://stat.link/mrq53f"
"Zambia","mathematics",2022,__R_MISSING_VALUE_7__,__R_MISSING_VALUE_7__,"I.B1.2a.38","N104","O104","14e958538fc68dc4bf25b47ad11c4f3f90035873aa96616925e5cea0af242fb8","https://stat.link/mrq53f"
"Albania*","mathematics",2022,368.22172,2.08625,"I.B1.2a.38","N106","O106","14e958538fc68dc4bf25b47ad11c4f3f90035873aa96616925e5cea0af242fb8","https://stat.link/mrq53f"
"OECD average-23","mathematics",2025,469.3828,0.54822,"I.B1.2a.38","P11","Q11","14e958538fc68dc4bf25b47ad11c4f3f90035873aa96616925e5cea0af242fb8","https://stat.link/mrq53f"
"OECD average-35","mathematics",2025,465.48876,0.45348,"I.B1.2a.38","P12","Q12","14e958538fc68dc4bf25b47ad11c4f3f90035873aa96616925e5cea0af242fb8","https://stat.link/mrq53f"
