survey,year,source_country_code,domain,task_status,reason
PISA,2003,AUS,mathematics,COMPUTED_PENDING_VALIDATION,
PISA,2003,AUS,reading,COMPUTED_PENDING_VALIDATION,
PISA,2003,AUT,mathematics,COMPUTED_PENDING_VALIDATION,
PISA,2003,AUT,reading,COMPUTED_PENDING_VALIDATION,
PISA,2003,BEL,mathematics,COMPUTED_PENDING_VALIDATION,
PISA,2003,BEL,reading,COMPUTED_PENDING_VALIDATION,
PISA,2003,BRA,mathematics,COMPUTED_PENDING_VALIDATION,
PISA,2003,BRA,reading,COMPUTED_PENDING_VALIDATION,
PISA,2003,CAN,mathematics,COMPUTED_PENDING_VALIDATION,
PISA,2003,CAN,reading,COMPUTED_PENDING_VALIDATION,
PISA,2003,CHE,mathematics,COMPUTED_PENDING_VALIDATION,
PISA,2003,CHE,reading,COMPUTED_PENDING_VALIDATION,
PISA,2003,CZE,mathematics,COMPUTED_PENDING_VALIDATION,
PISA,2003,CZE,reading,COMPUTED_PENDING_VALIDATION,
PISA,2003,DEU,mathematics,COMPUTED_PENDING_VALIDATION,
PISA,2003,DEU,reading,COMPUTED_PENDING_VALIDATION,
PISA,2003,DNK,mathematics,COMPUTED_PENDING_VALIDATION,
PISA,2003,DNK,reading,COMPUTED_PENDING_VALIDATION,
PISA,2003,ESP,mathematics,COMPUTED_PENDING_VALIDATION,
PISA,2003,ESP,reading,COMPUTED_PENDING_VALIDATION,
PISA,2003,FIN,mathematics,COMPUTED_PENDING_VALIDATION,
PISA,2003,FIN,reading,COMPUTED_PENDING_VALIDATION,
PISA,2003,FRA,mathematics,COMPUTED_PENDING_VALIDATION,
PISA,2003,FRA,reading,COMPUTED_PENDING_VALIDATION,
PISA,2003,GBR,mathematics,COMPUTED_PENDING_VALIDATION,
PISA,2003,GBR,reading,COMPUTED_PENDING_VALIDATION,
PISA,2003,GRC,mathematics,COMPUTED_PENDING_VALIDATION,
PISA,2003,GRC,reading,COMPUTED_PENDING_VALIDATION,
PISA,2003,HKG,mathematics,COMPUTED_PENDING_VALIDATION,
PISA,2003,HKG,reading,COMPUTED_PENDING_VALIDATION,
PISA,2003,HUN,mathematics,COMPUTED_PENDING_VALIDATION,
PISA,2003,HUN,reading,COMPUTED_PENDING_VALIDATION,
PISA,2003,IDN,mathematics,COMPUTED_PENDING_VALIDATION,
PISA,2003,IDN,reading,COMPUTED_PENDING_VALIDATION,
PISA,2003,IRL,mathematics,COMPUTED_PENDING_VALIDATION,
PISA,2003,IRL,reading,COMPUTED_PENDING_VALIDATION,
PISA,2003,ISL,mathematics,COMPUTED_PENDING_VALIDATION,
PISA,2003,ISL,reading,COMPUTED_PENDING_VALIDATION,
PISA,2003,ITA,mathematics,COMPUTED_PENDING_VALIDATION,
PISA,2003,ITA,reading,COMPUTED_PENDING_VALIDATION,
PISA,2003,JPN,mathematics,COMPUTED_PENDING_VALIDATION,
PISA,2003,JPN,reading,COMPUTED_PENDING_VALIDATION,
PISA,2003,KOR,mathematics,COMPUTED_PENDING_VALIDATION,
PISA,2003,KOR,reading,TASK_ERROR,PV integrity range failed; inspect missing-value coding
PISA,2003,LIE,mathematics,COMPUTED_PENDING_VALIDATION,
PISA,2003,LIE,reading,COMPUTED_PENDING_VALIDATION,
PISA,2003,LUX,mathematics,COMPUTED_PENDING_VALIDATION,
PISA,2003,LUX,reading,COMPUTED_PENDING_VALIDATION,
PISA,2003,LVA,mathematics,COMPUTED_PENDING_VALIDATION,
PISA,2003,LVA,reading,COMPUTED_PENDING_VALIDATION,
PISA,2003,MAC,mathematics,COMPUTED_PENDING_VALIDATION,
PISA,2003,MAC,reading,COMPUTED_PENDING_VALIDATION,
PISA,2003,MEX,mathematics,COMPUTED_PENDING_VALIDATION,
PISA,2003,MEX,reading,COMPUTED_PENDING_VALIDATION,
PISA,2003,NLD,mathematics,COMPUTED_PENDING_VALIDATION,
PISA,2003,NLD,reading,COMPUTED_PENDING_VALIDATION,
PISA,2003,NOR,mathematics,COMPUTED_PENDING_VALIDATION,
PISA,2003,NOR,reading,COMPUTED_PENDING_VALIDATION,
PISA,2003,NZL,mathematics,COMPUTED_PENDING_VALIDATION,
PISA,2003,NZL,reading,COMPUTED_PENDING_VALIDATION,
PISA,2003,POL,mathematics,COMPUTED_PENDING_VALIDATION,
PISA,2003,POL,reading,COMPUTED_PENDING_VALIDATION,
PISA,2003,PRT,mathematics,COMPUTED_PENDING_VALIDATION,
PISA,2003,PRT,reading,COMPUTED_PENDING_VALIDATION,
PISA,2003,RUS,mathematics,COMPUTED_PENDING_VALIDATION,
PISA,2003,RUS,reading,COMPUTED_PENDING_VALIDATION,
PISA,2003,SVK,mathematics,COMPUTED_PENDING_VALIDATION,
PISA,2003,SVK,reading,COMPUTED_PENDING_VALIDATION,
PISA,2003,SWE,mathematics,COMPUTED_PENDING_VALIDATION,
PISA,2003,SWE,reading,COMPUTED_PENDING_VALIDATION,
PISA,2003,THA,mathematics,COMPUTED_PENDING_VALIDATION,
PISA,2003,THA,reading,COMPUTED_PENDING_VALIDATION,
PISA,2003,TUN,mathematics,COMPUTED_PENDING_VALIDATION,
PISA,2003,TUN,reading,COMPUTED_PENDING_VALIDATION,
PISA,2003,TUR,mathematics,COMPUTED_PENDING_VALIDATION,
PISA,2003,TUR,reading,COMPUTED_PENDING_VALIDATION,
PISA,2003,URY,mathematics,COMPUTED_PENDING_VALIDATION,
PISA,2003,URY,reading,COMPUTED_PENDING_VALIDATION,
PISA,2003,USA,mathematics,COMPUTED_PENDING_VALIDATION,
PISA,2003,USA,reading,COMPUTED_PENDING_VALIDATION,
PISA,2003,YUG,mathematics,COMPUTED_PENDING_VALIDATION,
PISA,2003,YUG,reading,COMPUTED_PENDING_VALIDATION,
PISA,2006,ARG,mathematics,COMPUTED_PENDING_VALIDATION,
PISA,2006,ARG,science,COMPUTED_PENDING_VALIDATION,
PISA,2006,ARG,reading,COMPUTED_PENDING_VALIDATION,
PISA,2006,AUS,mathematics,COMPUTED_PENDING_VALIDATION,
PISA,2006,AUS,science,COMPUTED_PENDING_VALIDATION,
PISA,2006,AUS,reading,COMPUTED_PENDING_VALIDATION,
PISA,2006,AUT,mathematics,COMPUTED_PENDING_VALIDATION,
PISA,2006,AUT,science,COMPUTED_PENDING_VALIDATION,
PISA,2006,AUT,reading,COMPUTED_PENDING_VALIDATION,
PISA,2006,AZE,mathematics,COMPUTED_PENDING_VALIDATION,
PISA,2006,AZE,science,COMPUTED_PENDING_VALIDATION,
PISA,2006,AZE,reading,COMPUTED_PENDING_VALIDATION,
PISA,2006,BEL,mathematics,COMPUTED_PENDING_VALIDATION,
PISA,2006,BEL,science,COMPUTED_PENDING_VALIDATION,
PISA,2006,BEL,reading,COMPUTED_PENDING_VALIDATION,
PISA,2006,BGR,mathematics,COMPUTED_PENDING_VALIDATION,
PISA,2006,BGR,science,COMPUTED_PENDING_VALIDATION,
PISA,2006,BGR,reading,COMPUTED_PENDING_VALIDATION,
PISA,2006,BRA,mathematics,COMPUTED_PENDING_VALIDATION,
PISA,2006,BRA,science,COMPUTED_PENDING_VALIDATION,
PISA,2006,BRA,reading,COMPUTED_PENDING_VALIDATION,
PISA,2006,CAN,mathematics,COMPUTED_PENDING_VALIDATION,
PISA,2006,CAN,science,COMPUTED_PENDING_VALIDATION,
PISA,2006,CAN,reading,COMPUTED_PENDING_VALIDATION,
PISA,2006,CHE,mathematics,COMPUTED_PENDING_VALIDATION,
PISA,2006,CHE,science,COMPUTED_PENDING_VALIDATION,
PISA,2006,CHE,reading,COMPUTED_PENDING_VALIDATION,
PISA,2006,CHL,mathematics,COMPUTED_PENDING_VALIDATION,
PISA,2006,CHL,science,COMPUTED_PENDING_VALIDATION,
PISA,2006,CHL,reading,COMPUTED_PENDING_VALIDATION,
PISA,2006,COL,mathematics,COMPUTED_PENDING_VALIDATION,
PISA,2006,COL,science,COMPUTED_PENDING_VALIDATION,
PISA,2006,COL,reading,COMPUTED_PENDING_VALIDATION,
PISA,2006,CZE,mathematics,COMPUTED_PENDING_VALIDATION,
PISA,2006,CZE,science,COMPUTED_PENDING_VALIDATION,
PISA,2006,CZE,reading,COMPUTED_PENDING_VALIDATION,
PISA,2006,DEU,mathematics,COMPUTED_PENDING_VALIDATION,
PISA,2006,DEU,science,COMPUTED_PENDING_VALIDATION,
PISA,2006,DEU,reading,COMPUTED_PENDING_VALIDATION,
PISA,2006,DNK,mathematics,COMPUTED_PENDING_VALIDATION,
PISA,2006,DNK,science,COMPUTED_PENDING_VALIDATION,
PISA,2006,DNK,reading,COMPUTED_PENDING_VALIDATION,
PISA,2006,ESP,mathematics,COMPUTED_PENDING_VALIDATION,
PISA,2006,ESP,science,COMPUTED_PENDING_VALIDATION,
PISA,2006,ESP,reading,COMPUTED_PENDING_VALIDATION,
PISA,2006,EST,mathematics,COMPUTED_PENDING_VALIDATION,
PISA,2006,EST,science,COMPUTED_PENDING_VALIDATION,
PISA,2006,EST,reading,COMPUTED_PENDING_VALIDATION,
PISA,2006,FIN,mathematics,COMPUTED_PENDING_VALIDATION,
PISA,2006,FIN,science,COMPUTED_PENDING_VALIDATION,
PISA,2006,FIN,reading,COMPUTED_PENDING_VALIDATION,
PISA,2006,FRA,mathematics,COMPUTED_PENDING_VALIDATION,
PISA,2006,FRA,science,COMPUTED_PENDING_VALIDATION,
PISA,2006,FRA,reading,COMPUTED_PENDING_VALIDATION,
PISA,2006,GBR,mathematics,COMPUTED_PENDING_VALIDATION,
PISA,2006,GBR,science,COMPUTED_PENDING_VALIDATION,
PISA,2006,GBR,reading,COMPUTED_PENDING_VALIDATION,
PISA,2006,GRC,mathematics,COMPUTED_PENDING_VALIDATION,
PISA,2006,GRC,science,COMPUTED_PENDING_VALIDATION,
PISA,2006,GRC,reading,COMPUTED_PENDING_VALIDATION,
PISA,2006,HKG,mathematics,COMPUTED_PENDING_VALIDATION,
PISA,2006,HKG,science,COMPUTED_PENDING_VALIDATION,
PISA,2006,HKG,reading,COMPUTED_PENDING_VALIDATION,
PISA,2006,HRV,mathematics,COMPUTED_PENDING_VALIDATION,
PISA,2006,HRV,science,COMPUTED_PENDING_VALIDATION,
PISA,2006,HRV,reading,COMPUTED_PENDING_VALIDATION,
PISA,2006,HUN,mathematics,COMPUTED_PENDING_VALIDATION,
PISA,2006,HUN,science,COMPUTED_PENDING_VALIDATION,
PISA,2006,HUN,reading,COMPUTED_PENDING_VALIDATION,
PISA,2006,IDN,mathematics,COMPUTED_PENDING_VALIDATION,
PISA,2006,IDN,science,COMPUTED_PENDING_VALIDATION,
PISA,2006,IDN,reading,COMPUTED_PENDING_VALIDATION,
PISA,2006,IRL,mathematics,COMPUTED_PENDING_VALIDATION,
PISA,2006,IRL,science,COMPUTED_PENDING_VALIDATION,
PISA,2006,IRL,reading,COMPUTED_PENDING_VALIDATION,
PISA,2006,ISL,mathematics,COMPUTED_PENDING_VALIDATION,
PISA,2006,ISL,science,COMPUTED_PENDING_VALIDATION,
PISA,2006,ISL,reading,COMPUTED_PENDING_VALIDATION,
PISA,2006,ISR,mathematics,COMPUTED_PENDING_VALIDATION,
PISA,2006,ISR,science,COMPUTED_PENDING_VALIDATION,
PISA,2006,ISR,reading,COMPUTED_PENDING_VALIDATION,
PISA,2006,ITA,mathematics,COMPUTED_PENDING_VALIDATION,
PISA,2006,ITA,science,COMPUTED_PENDING_VALIDATION,
PISA,2006,ITA,reading,COMPUTED_PENDING_VALIDATION,
PISA,2006,JOR,mathematics,COMPUTED_PENDING_VALIDATION,
PISA,2006,JOR,science,COMPUTED_PENDING_VALIDATION,
PISA,2006,JOR,reading,COMPUTED_PENDING_VALIDATION,
PISA,2006,JPN,mathematics,COMPUTED_PENDING_VALIDATION,
PISA,2006,JPN,science,COMPUTED_PENDING_VALIDATION,
PISA,2006,JPN,reading,COMPUTED_PENDING_VALIDATION,
PISA,2006,KGZ,mathematics,COMPUTED_PENDING_VALIDATION,
PISA,2006,KGZ,science,COMPUTED_PENDING_VALIDATION,
PISA,2006,KGZ,reading,COMPUTED_PENDING_VALIDATION,
PISA,2006,KOR,mathematics,COMPUTED_PENDING_VALIDATION,
PISA,2006,KOR,science,COMPUTED_PENDING_VALIDATION,
PISA,2006,KOR,reading,COMPUTED_PENDING_VALIDATION,
PISA,2006,LIE,mathematics,COMPUTED_PENDING_VALIDATION,
PISA,2006,LIE,science,COMPUTED_PENDING_VALIDATION,
PISA,2006,LIE,reading,COMPUTED_PENDING_VALIDATION,
PISA,2006,LTU,mathematics,COMPUTED_PENDING_VALIDATION,
PISA,2006,LTU,science,COMPUTED_PENDING_VALIDATION,
PISA,2006,LTU,reading,COMPUTED_PENDING_VALIDATION,
PISA,2006,LUX,mathematics,COMPUTED_PENDING_VALIDATION,
PISA,2006,LUX,science,COMPUTED_PENDING_VALIDATION,
PISA,2006,LUX,reading,COMPUTED_PENDING_VALIDATION,
PISA,2006,LVA,mathematics,COMPUTED_PENDING_VALIDATION,
PISA,2006,LVA,science,COMPUTED_PENDING_VALIDATION,
PISA,2006,LVA,reading,COMPUTED_PENDING_VALIDATION,
PISA,2006,MAC,mathematics,COMPUTED_PENDING_VALIDATION,
PISA,2006,MAC,science,COMPUTED_PENDING_VALIDATION,
PISA,2006,MAC,reading,COMPUTED_PENDING_VALIDATION,
PISA,2006,MEX,mathematics,COMPUTED_PENDING_VALIDATION,
PISA,2006,MEX,science,COMPUTED_PENDING_VALIDATION,
PISA,2006,MEX,reading,COMPUTED_PENDING_VALIDATION,
PISA,2006,MNE,mathematics,COMPUTED_PENDING_VALIDATION,
PISA,2006,MNE,science,COMPUTED_PENDING_VALIDATION,
PISA,2006,MNE,reading,COMPUTED_PENDING_VALIDATION,
PISA,2006,NLD,mathematics,COMPUTED_PENDING_VALIDATION,
PISA,2006,NLD,science,COMPUTED_PENDING_VALIDATION,
PISA,2006,NLD,reading,COMPUTED_PENDING_VALIDATION,
PISA,2006,NOR,mathematics,COMPUTED_PENDING_VALIDATION,
PISA,2006,NOR,science,COMPUTED_PENDING_VALIDATION,
PISA,2006,NOR,reading,COMPUTED_PENDING_VALIDATION,
PISA,2006,NZL,mathematics,COMPUTED_PENDING_VALIDATION,
PISA,2006,NZL,science,COMPUTED_PENDING_VALIDATION,
PISA,2006,NZL,reading,COMPUTED_PENDING_VALIDATION,
PISA,2006,POL,mathematics,COMPUTED_PENDING_VALIDATION,
PISA,2006,POL,science,COMPUTED_PENDING_VALIDATION,
PISA,2006,POL,reading,COMPUTED_PENDING_VALIDATION,
PISA,2006,PRT,mathematics,COMPUTED_PENDING_VALIDATION,
PISA,2006,PRT,science,COMPUTED_PENDING_VALIDATION,
PISA,2006,PRT,reading,COMPUTED_PENDING_VALIDATION,
PISA,2006,QAT,mathematics,COMPUTED_PENDING_VALIDATION,
PISA,2006,QAT,science,COMPUTED_PENDING_VALIDATION,
PISA,2006,QAT,reading,COMPUTED_PENDING_VALIDATION,
PISA,2006,ROU,mathematics,COMPUTED_PENDING_VALIDATION,
PISA,2006,ROU,science,COMPUTED_PENDING_VALIDATION,
PISA,2006,ROU,reading,COMPUTED_PENDING_VALIDATION,
PISA,2006,RUS,mathematics,COMPUTED_PENDING_VALIDATION,
PISA,2006,RUS,science,COMPUTED_PENDING_VALIDATION,
PISA,2006,RUS,reading,COMPUTED_PENDING_VALIDATION,
PISA,2006,SRB,mathematics,COMPUTED_PENDING_VALIDATION,
PISA,2006,SRB,science,COMPUTED_PENDING_VALIDATION,
PISA,2006,SRB,reading,COMPUTED_PENDING_VALIDATION,
PISA,2006,SVK,mathematics,COMPUTED_PENDING_VALIDATION,
PISA,2006,SVK,science,COMPUTED_PENDING_VALIDATION,
PISA,2006,SVK,reading,COMPUTED_PENDING_VALIDATION,
PISA,2006,SVN,mathematics,COMPUTED_PENDING_VALIDATION,
PISA,2006,SVN,science,COMPUTED_PENDING_VALIDATION,
PISA,2006,SVN,reading,COMPUTED_PENDING_VALIDATION,
PISA,2006,SWE,mathematics,COMPUTED_PENDING_VALIDATION,
PISA,2006,SWE,science,COMPUTED_PENDING_VALIDATION,
PISA,2006,SWE,reading,COMPUTED_PENDING_VALIDATION,
PISA,2006,TAP,mathematics,COMPUTED_PENDING_VALIDATION,
PISA,2006,TAP,science,COMPUTED_PENDING_VALIDATION,
PISA,2006,TAP,reading,COMPUTED_PENDING_VALIDATION,
PISA,2006,THA,mathematics,COMPUTED_PENDING_VALIDATION,
PISA,2006,THA,science,COMPUTED_PENDING_VALIDATION,
PISA,2006,THA,reading,COMPUTED_PENDING_VALIDATION,
PISA,2006,TUN,mathematics,COMPUTED_PENDING_VALIDATION,
PISA,2006,TUN,science,COMPUTED_PENDING_VALIDATION,
PISA,2006,TUN,reading,COMPUTED_PENDING_VALIDATION,
PISA,2006,TUR,mathematics,COMPUTED_PENDING_VALIDATION,
PISA,2006,TUR,science,COMPUTED_PENDING_VALIDATION,
PISA,2006,TUR,reading,COMPUTED_PENDING_VALIDATION,
PISA,2006,URY,mathematics,COMPUTED_PENDING_VALIDATION,
PISA,2006,URY,science,COMPUTED_PENDING_VALIDATION,
PISA,2006,URY,reading,COMPUTED_PENDING_VALIDATION,
PISA,2006,USA,mathematics,COMPUTED_PENDING_VALIDATION,
PISA,2006,USA,science,COMPUTED_PENDING_VALIDATION,
PISA,2006,USA,reading,COMPUTED_PENDING_VALIDATION,
PISA,2009,ALB,mathematics,COMPUTED_PENDING_VALIDATION,
PISA,2009,ALB,science,COMPUTED_PENDING_VALIDATION,
PISA,2009,ALB,reading,COMPUTED_PENDING_VALIDATION,
PISA,2009,ARE,mathematics,COMPUTED_PENDING_VALIDATION,
PISA,2009,ARE,science,COMPUTED_PENDING_VALIDATION,
PISA,2009,ARE,reading,COMPUTED_PENDING_VALIDATION,
PISA,2009,ARG,mathematics,COMPUTED_PENDING_VALIDATION,
PISA,2009,ARG,science,COMPUTED_PENDING_VALIDATION,
PISA,2009,ARG,reading,COMPUTED_PENDING_VALIDATION,
PISA,2009,AUS,mathematics,COMPUTED_PENDING_VALIDATION,
PISA,2009,AUS,science,COMPUTED_PENDING_VALIDATION,
PISA,2009,AUS,reading,COMPUTED_PENDING_VALIDATION,
PISA,2009,AUT,mathematics,COMPUTED_PENDING_VALIDATION,
PISA,2009,AUT,science,COMPUTED_PENDING_VALIDATION,
PISA,2009,AUT,reading,COMPUTED_PENDING_VALIDATION,
PISA,2009,AZE,mathematics,COMPUTED_PENDING_VALIDATION,
PISA,2009,AZE,science,COMPUTED_PENDING_VALIDATION,
PISA,2009,AZE,reading,COMPUTED_PENDING_VALIDATION,
PISA,2009,BEL,mathematics,COMPUTED_PENDING_VALIDATION,
PISA,2009,BEL,science,COMPUTED_PENDING_VALIDATION,
PISA,2009,BEL,reading,COMPUTED_PENDING_VALIDATION,
PISA,2009,BGR,mathematics,COMPUTED_PENDING_VALIDATION,
PISA,2009,BGR,science,COMPUTED_PENDING_VALIDATION,
PISA,2009,BGR,reading,COMPUTED_PENDING_VALIDATION,
PISA,2009,BRA,mathematics,COMPUTED_PENDING_VALIDATION,
PISA,2009,BRA,science,COMPUTED_PENDING_VALIDATION,
PISA,2009,BRA,reading,COMPUTED_PENDING_VALIDATION,
PISA,2009,CAN,mathematics,COMPUTED_PENDING_VALIDATION,
PISA,2009,CAN,science,COMPUTED_PENDING_VALIDATION,
PISA,2009,CAN,reading,COMPUTED_PENDING_VALIDATION,
PISA,2009,CHE,mathematics,COMPUTED_PENDING_VALIDATION,
PISA,2009,CHE,science,COMPUTED_PENDING_VALIDATION,
PISA,2009,CHE,reading,COMPUTED_PENDING_VALIDATION,
PISA,2009,CHL,mathematics,COMPUTED_PENDING_VALIDATION,
PISA,2009,CHL,science,COMPUTED_PENDING_VALIDATION,
PISA,2009,CHL,reading,COMPUTED_PENDING_VALIDATION,
PISA,2009,COL,mathematics,COMPUTED_PENDING_VALIDATION,
PISA,2009,COL,science,COMPUTED_PENDING_VALIDATION,
PISA,2009,COL,reading,COMPUTED_PENDING_VALIDATION,
PISA,2009,CRI,mathematics,COMPUTED_PENDING_VALIDATION,
PISA,2009,CRI,science,COMPUTED_PENDING_VALIDATION,
PISA,2009,CRI,reading,COMPUTED_PENDING_VALIDATION,
PISA,2009,CZE,mathematics,COMPUTED_PENDING_VALIDATION,
PISA,2009,CZE,science,COMPUTED_PENDING_VALIDATION,
PISA,2009,CZE,reading,COMPUTED_PENDING_VALIDATION,
PISA,2009,DEU,mathematics,COMPUTED_PENDING_VALIDATION,
PISA,2009,DEU,science,COMPUTED_PENDING_VALIDATION,
PISA,2009,DEU,reading,COMPUTED_PENDING_VALIDATION,
PISA,2009,DNK,mathematics,COMPUTED_PENDING_VALIDATION,
PISA,2009,DNK,science,COMPUTED_PENDING_VALIDATION,
PISA,2009,DNK,reading,COMPUTED_PENDING_VALIDATION,
PISA,2009,ESP,mathematics,COMPUTED_PENDING_VALIDATION,
PISA,2009,ESP,science,COMPUTED_PENDING_VALIDATION,
PISA,2009,ESP,reading,COMPUTED_PENDING_VALIDATION,
PISA,2009,EST,mathematics,COMPUTED_PENDING_VALIDATION,
PISA,2009,EST,science,COMPUTED_PENDING_VALIDATION,
PISA,2009,EST,reading,COMPUTED_PENDING_VALIDATION,
PISA,2009,FIN,mathematics,COMPUTED_PENDING_VALIDATION,
PISA,2009,FIN,science,COMPUTED_PENDING_VALIDATION,
PISA,2009,FIN,reading,COMPUTED_PENDING_VALIDATION,
PISA,2009,FRA,mathematics,COMPUTED_PENDING_VALIDATION,
PISA,2009,FRA,science,COMPUTED_PENDING_VALIDATION,
PISA,2009,FRA,reading,COMPUTED_PENDING_VALIDATION,
PISA,2009,GBR,mathematics,COMPUTED_PENDING_VALIDATION,
PISA,2009,GBR,science,COMPUTED_PENDING_VALIDATION,
PISA,2009,GBR,reading,COMPUTED_PENDING_VALIDATION,
PISA,2009,GEO,mathematics,COMPUTED_PENDING_VALIDATION,
PISA,2009,GEO,science,COMPUTED_PENDING_VALIDATION,
PISA,2009,GEO,reading,COMPUTED_PENDING_VALIDATION,
PISA,2009,GRC,mathematics,COMPUTED_PENDING_VALIDATION,
PISA,2009,GRC,science,COMPUTED_PENDING_VALIDATION,
PISA,2009,GRC,reading,COMPUTED_PENDING_VALIDATION,
PISA,2009,HKG,mathematics,COMPUTED_PENDING_VALIDATION,
PISA,2009,HKG,science,COMPUTED_PENDING_VALIDATION,
PISA,2009,HKG,reading,COMPUTED_PENDING_VALIDATION,
PISA,2009,HRV,mathematics,COMPUTED_PENDING_VALIDATION,
PISA,2009,HRV,science,COMPUTED_PENDING_VALIDATION,
PISA,2009,HRV,reading,COMPUTED_PENDING_VALIDATION,
PISA,2009,HUN,mathematics,COMPUTED_PENDING_VALIDATION,
PISA,2009,HUN,science,COMPUTED_PENDING_VALIDATION,
PISA,2009,HUN,reading,COMPUTED_PENDING_VALIDATION,
PISA,2009,IDN,mathematics,COMPUTED_PENDING_VALIDATION,
PISA,2009,IDN,science,COMPUTED_PENDING_VALIDATION,
PISA,2009,IDN,reading,COMPUTED_PENDING_VALIDATION,
PISA,2009,IRL,mathematics,COMPUTED_PENDING_VALIDATION,
PISA,2009,IRL,science,COMPUTED_PENDING_VALIDATION,
PISA,2009,IRL,reading,COMPUTED_PENDING_VALIDATION,
PISA,2009,ISL,mathematics,COMPUTED_PENDING_VALIDATION,
PISA,2009,ISL,science,COMPUTED_PENDING_VALIDATION,
PISA,2009,ISL,reading,COMPUTED_PENDING_VALIDATION,
PISA,2009,ISR,mathematics,COMPUTED_PENDING_VALIDATION,
PISA,2009,ISR,science,COMPUTED_PENDING_VALIDATION,
PISA,2009,ISR,reading,COMPUTED_PENDING_VALIDATION,
PISA,2009,ITA,mathematics,COMPUTED_PENDING_VALIDATION,
PISA,2009,ITA,science,COMPUTED_PENDING_VALIDATION,
PISA,2009,ITA,reading,COMPUTED_PENDING_VALIDATION,
PISA,2009,JOR,mathematics,COMPUTED_PENDING_VALIDATION,
PISA,2009,JOR,science,COMPUTED_PENDING_VALIDATION,
PISA,2009,JOR,reading,COMPUTED_PENDING_VALIDATION,
PISA,2009,JPN,mathematics,COMPUTED_PENDING_VALIDATION,
PISA,2009,JPN,science,COMPUTED_PENDING_VALIDATION,
PISA,2009,JPN,reading,COMPUTED_PENDING_VALIDATION,
PISA,2009,KAZ,mathematics,COMPUTED_PENDING_VALIDATION,
PISA,2009,KAZ,science,COMPUTED_PENDING_VALIDATION,
PISA,2009,KAZ,reading,COMPUTED_PENDING_VALIDATION,
PISA,2009,KGZ,mathematics,COMPUTED_PENDING_VALIDATION,
PISA,2009,KGZ,science,COMPUTED_PENDING_VALIDATION,
PISA,2009,KGZ,reading,COMPUTED_PENDING_VALIDATION,
PISA,2009,KOR,mathematics,COMPUTED_PENDING_VALIDATION,
PISA,2009,KOR,science,COMPUTED_PENDING_VALIDATION,
PISA,2009,KOR,reading,COMPUTED_PENDING_VALIDATION,
PISA,2009,LIE,mathematics,COMPUTED_PENDING_VALIDATION,
PISA,2009,LIE,science,COMPUTED_PENDING_VALIDATION,
PISA,2009,LIE,reading,COMPUTED_PENDING_VALIDATION,
PISA,2009,LTU,mathematics,COMPUTED_PENDING_VALIDATION,
PISA,2009,LTU,science,COMPUTED_PENDING_VALIDATION,
PISA,2009,LTU,reading,COMPUTED_PENDING_VALIDATION,
PISA,2009,LUX,mathematics,COMPUTED_PENDING_VALIDATION,
PISA,2009,LUX,science,COMPUTED_PENDING_VALIDATION,
PISA,2009,LUX,reading,COMPUTED_PENDING_VALIDATION,
PISA,2009,LVA,mathematics,COMPUTED_PENDING_VALIDATION,
PISA,2009,LVA,science,COMPUTED_PENDING_VALIDATION,
PISA,2009,LVA,reading,COMPUTED_PENDING_VALIDATION,
PISA,2009,MAC,mathematics,COMPUTED_PENDING_VALIDATION,
PISA,2009,MAC,science,COMPUTED_PENDING_VALIDATION,
PISA,2009,MAC,reading,COMPUTED_PENDING_VALIDATION,
PISA,2009,MDA,mathematics,COMPUTED_PENDING_VALIDATION,
PISA,2009,MDA,science,COMPUTED_PENDING_VALIDATION,
PISA,2009,MDA,reading,COMPUTED_PENDING_VALIDATION,
PISA,2009,MEX,mathematics,COMPUTED_PENDING_VALIDATION,
PISA,2009,MEX,science,COMPUTED_PENDING_VALIDATION,
PISA,2009,MEX,reading,COMPUTED_PENDING_VALIDATION,
PISA,2009,MLT,mathematics,COMPUTED_PENDING_VALIDATION,
PISA,2009,MLT,science,COMPUTED_PENDING_VALIDATION,
PISA,2009,MLT,reading,COMPUTED_PENDING_VALIDATION,
PISA,2009,MNE,mathematics,COMPUTED_PENDING_VALIDATION,
PISA,2009,MNE,science,COMPUTED_PENDING_VALIDATION,
PISA,2009,MNE,reading,COMPUTED_PENDING_VALIDATION,
PISA,2009,MUS,mathematics,COMPUTED_PENDING_VALIDATION,
PISA,2009,MUS,science,COMPUTED_PENDING_VALIDATION,
PISA,2009,MUS,reading,COMPUTED_PENDING_VALIDATION,
PISA,2009,MYS,mathematics,COMPUTED_PENDING_VALIDATION,
PISA,2009,MYS,science,COMPUTED_PENDING_VALIDATION,
PISA,2009,MYS,reading,COMPUTED_PENDING_VALIDATION,
PISA,2009,NLD,mathematics,COMPUTED_PENDING_VALIDATION,
PISA,2009,NLD,science,COMPUTED_PENDING_VALIDATION,
PISA,2009,NLD,reading,COMPUTED_PENDING_VALIDATION,
PISA,2009,NOR,mathematics,COMPUTED_PENDING_VALIDATION,
PISA,2009,NOR,science,COMPUTED_PENDING_VALIDATION,
PISA,2009,NOR,reading,COMPUTED_PENDING_VALIDATION,
PISA,2009,NZL,mathematics,COMPUTED_PENDING_VALIDATION,
PISA,2009,NZL,science,COMPUTED_PENDING_VALIDATION,
PISA,2009,NZL,reading,COMPUTED_PENDING_VALIDATION,
PISA,2009,PAN,mathematics,COMPUTED_PENDING_VALIDATION,
PISA,2009,PAN,science,COMPUTED_PENDING_VALIDATION,
PISA,2009,PAN,reading,COMPUTED_PENDING_VALIDATION,
PISA,2009,PER,mathematics,COMPUTED_PENDING_VALIDATION,
PISA,2009,PER,science,COMPUTED_PENDING_VALIDATION,
PISA,2009,PER,reading,COMPUTED_PENDING_VALIDATION,
PISA,2009,POL,mathematics,COMPUTED_PENDING_VALIDATION,
PISA,2009,POL,science,COMPUTED_PENDING_VALIDATION,
PISA,2009,POL,reading,COMPUTED_PENDING_VALIDATION,
PISA,2009,PRT,mathematics,COMPUTED_PENDING_VALIDATION,
PISA,2009,PRT,science,COMPUTED_PENDING_VALIDATION,
PISA,2009,PRT,reading,COMPUTED_PENDING_VALIDATION,
PISA,2009,QAT,mathematics,COMPUTED_PENDING_VALIDATION,
PISA,2009,QAT,science,COMPUTED_PENDING_VALIDATION,
PISA,2009,QAT,reading,COMPUTED_PENDING_VALIDATION,
PISA,2009,QCN,mathematics,COMPUTED_PENDING_VALIDATION,
PISA,2009,QCN,science,COMPUTED_PENDING_VALIDATION,
PISA,2009,QCN,reading,COMPUTED_PENDING_VALIDATION,
PISA,2009,QHP,mathematics,COMPUTED_PENDING_VALIDATION,
PISA,2009,QHP,science,COMPUTED_PENDING_VALIDATION,
PISA,2009,QHP,reading,COMPUTED_PENDING_VALIDATION,
PISA,2009,QTN,mathematics,COMPUTED_PENDING_VALIDATION,
PISA,2009,QTN,science,COMPUTED_PENDING_VALIDATION,
PISA,2009,QTN,reading,COMPUTED_PENDING_VALIDATION,
PISA,2009,QVE,mathematics,COMPUTED_PENDING_VALIDATION,
PISA,2009,QVE,science,COMPUTED_PENDING_VALIDATION,
PISA,2009,QVE,reading,COMPUTED_PENDING_VALIDATION,
PISA,2009,ROU,mathematics,COMPUTED_PENDING_VALIDATION,
PISA,2009,ROU,science,COMPUTED_PENDING_VALIDATION,
PISA,2009,ROU,reading,COMPUTED_PENDING_VALIDATION,
PISA,2009,RUS,mathematics,COMPUTED_PENDING_VALIDATION,
PISA,2009,RUS,science,COMPUTED_PENDING_VALIDATION,
PISA,2009,RUS,reading,COMPUTED_PENDING_VALIDATION,
PISA,2009,SGP,mathematics,COMPUTED_PENDING_VALIDATION,
PISA,2009,SGP,science,COMPUTED_PENDING_VALIDATION,
PISA,2009,SGP,reading,COMPUTED_PENDING_VALIDATION,
PISA,2009,SRB,mathematics,COMPUTED_PENDING_VALIDATION,
PISA,2009,SRB,science,COMPUTED_PENDING_VALIDATION,
PISA,2009,SRB,reading,COMPUTED_PENDING_VALIDATION,
PISA,2009,SVK,mathematics,COMPUTED_PENDING_VALIDATION,
PISA,2009,SVK,science,COMPUTED_PENDING_VALIDATION,
PISA,2009,SVK,reading,COMPUTED_PENDING_VALIDATION,
PISA,2009,SVN,mathematics,COMPUTED_PENDING_VALIDATION,
PISA,2009,SVN,science,COMPUTED_PENDING_VALIDATION,
PISA,2009,SVN,reading,COMPUTED_PENDING_VALIDATION,
PISA,2009,SWE,mathematics,COMPUTED_PENDING_VALIDATION,
PISA,2009,SWE,science,COMPUTED_PENDING_VALIDATION,
PISA,2009,SWE,reading,COMPUTED_PENDING_VALIDATION,
PISA,2009,TAP,mathematics,COMPUTED_PENDING_VALIDATION,
PISA,2009,TAP,science,COMPUTED_PENDING_VALIDATION,
PISA,2009,TAP,reading,COMPUTED_PENDING_VALIDATION,
PISA,2009,THA,mathematics,COMPUTED_PENDING_VALIDATION,
PISA,2009,THA,science,COMPUTED_PENDING_VALIDATION,
PISA,2009,THA,reading,COMPUTED_PENDING_VALIDATION,
PISA,2009,TTO,mathematics,COMPUTED_PENDING_VALIDATION,
PISA,2009,TTO,science,COMPUTED_PENDING_VALIDATION,
PISA,2009,TTO,reading,COMPUTED_PENDING_VALIDATION,
PISA,2009,TUN,mathematics,COMPUTED_PENDING_VALIDATION,
PISA,2009,TUN,science,COMPUTED_PENDING_VALIDATION,
PISA,2009,TUN,reading,COMPUTED_PENDING_VALIDATION,
PISA,2009,TUR,mathematics,COMPUTED_PENDING_VALIDATION,
PISA,2009,TUR,science,COMPUTED_PENDING_VALIDATION,
PISA,2009,TUR,reading,COMPUTED_PENDING_VALIDATION,
PISA,2009,URY,mathematics,COMPUTED_PENDING_VALIDATION,
PISA,2009,URY,science,COMPUTED_PENDING_VALIDATION,
PISA,2009,URY,reading,COMPUTED_PENDING_VALIDATION,
PISA,2009,USA,mathematics,COMPUTED_PENDING_VALIDATION,
PISA,2009,USA,science,COMPUTED_PENDING_VALIDATION,
PISA,2009,USA,reading,COMPUTED_PENDING_VALIDATION,
PISA,2012,ALB,mathematics,COMPUTED_PENDING_VALIDATION,
PISA,2012,ALB,science,COMPUTED_PENDING_VALIDATION,
PISA,2012,ALB,reading,COMPUTED_PENDING_VALIDATION,
PISA,2012,ARE,mathematics,COMPUTED_PENDING_VALIDATION,
PISA,2012,ARE,science,COMPUTED_PENDING_VALIDATION,
PISA,2012,ARE,reading,COMPUTED_PENDING_VALIDATION,
PISA,2012,ARG,mathematics,COMPUTED_PENDING_VALIDATION,
PISA,2012,ARG,science,COMPUTED_PENDING_VALIDATION,
PISA,2012,ARG,reading,COMPUTED_PENDING_VALIDATION,
PISA,2012,AUS,mathematics,COMPUTED_PENDING_VALIDATION,
PISA,2012,AUS,science,COMPUTED_PENDING_VALIDATION,
PISA,2012,AUS,reading,COMPUTED_PENDING_VALIDATION,
PISA,2012,AUT,mathematics,COMPUTED_PENDING_VALIDATION,
PISA,2012,AUT,science,COMPUTED_PENDING_VALIDATION,
PISA,2012,AUT,reading,COMPUTED_PENDING_VALIDATION,
PISA,2012,BEL,mathematics,COMPUTED_PENDING_VALIDATION,
PISA,2012,BEL,science,COMPUTED_PENDING_VALIDATION,
PISA,2012,BEL,reading,COMPUTED_PENDING_VALIDATION,
PISA,2012,BGR,mathematics,COMPUTED_PENDING_VALIDATION,
PISA,2012,BGR,science,COMPUTED_PENDING_VALIDATION,
PISA,2012,BGR,reading,COMPUTED_PENDING_VALIDATION,
PISA,2012,BRA,mathematics,COMPUTED_PENDING_VALIDATION,
PISA,2012,BRA,science,COMPUTED_PENDING_VALIDATION,
PISA,2012,BRA,reading,COMPUTED_PENDING_VALIDATION,
PISA,2012,CAN,mathematics,COMPUTED_PENDING_VALIDATION,
PISA,2012,CAN,science,COMPUTED_PENDING_VALIDATION,
PISA,2012,CAN,reading,COMPUTED_PENDING_VALIDATION,
PISA,2012,CHE,mathematics,COMPUTED_PENDING_VALIDATION,
PISA,2012,CHE,science,COMPUTED_PENDING_VALIDATION,
PISA,2012,CHE,reading,COMPUTED_PENDING_VALIDATION,
PISA,2012,CHL,mathematics,COMPUTED_PENDING_VALIDATION,
PISA,2012,CHL,science,COMPUTED_PENDING_VALIDATION,
PISA,2012,CHL,reading,COMPUTED_PENDING_VALIDATION,
PISA,2012,COL,mathematics,COMPUTED_PENDING_VALIDATION,
PISA,2012,COL,science,COMPUTED_PENDING_VALIDATION,
PISA,2012,COL,reading,COMPUTED_PENDING_VALIDATION,
PISA,2012,CRI,mathematics,COMPUTED_PENDING_VALIDATION,
PISA,2012,CRI,science,COMPUTED_PENDING_VALIDATION,
PISA,2012,CRI,reading,COMPUTED_PENDING_VALIDATION,
PISA,2012,CZE,mathematics,COMPUTED_PENDING_VALIDATION,
PISA,2012,CZE,science,COMPUTED_PENDING_VALIDATION,
PISA,2012,CZE,reading,COMPUTED_PENDING_VALIDATION,
PISA,2012,DEU,mathematics,COMPUTED_PENDING_VALIDATION,
PISA,2012,DEU,science,COMPUTED_PENDING_VALIDATION,
PISA,2012,DEU,reading,COMPUTED_PENDING_VALIDATION,
PISA,2012,DNK,mathematics,COMPUTED_PENDING_VALIDATION,
PISA,2012,DNK,science,COMPUTED_PENDING_VALIDATION,
PISA,2012,DNK,reading,COMPUTED_PENDING_VALIDATION,
PISA,2012,ESP,mathematics,COMPUTED_PENDING_VALIDATION,
PISA,2012,ESP,science,COMPUTED_PENDING_VALIDATION,
PISA,2012,ESP,reading,COMPUTED_PENDING_VALIDATION,
PISA,2012,EST,mathematics,COMPUTED_PENDING_VALIDATION,
PISA,2012,EST,science,COMPUTED_PENDING_VALIDATION,
PISA,2012,EST,reading,COMPUTED_PENDING_VALIDATION,
PISA,2012,FIN,mathematics,COMPUTED_PENDING_VALIDATION,
PISA,2012,FIN,science,COMPUTED_PENDING_VALIDATION,
PISA,2012,FIN,reading,COMPUTED_PENDING_VALIDATION,
PISA,2012,FRA,mathematics,COMPUTED_PENDING_VALIDATION,
PISA,2012,FRA,science,COMPUTED_PENDING_VALIDATION,
PISA,2012,FRA,reading,COMPUTED_PENDING_VALIDATION,
PISA,2012,GBR,mathematics,COMPUTED_PENDING_VALIDATION,
PISA,2012,GBR,science,COMPUTED_PENDING_VALIDATION,
PISA,2012,GBR,reading,COMPUTED_PENDING_VALIDATION,
PISA,2012,GRC,mathematics,COMPUTED_PENDING_VALIDATION,
PISA,2012,GRC,science,COMPUTED_PENDING_VALIDATION,
PISA,2012,GRC,reading,COMPUTED_PENDING_VALIDATION,
PISA,2012,HKG,mathematics,COMPUTED_PENDING_VALIDATION,
PISA,2012,HKG,science,COMPUTED_PENDING_VALIDATION,
PISA,2012,HKG,reading,COMPUTED_PENDING_VALIDATION,
PISA,2012,HRV,mathematics,COMPUTED_PENDING_VALIDATION,
PISA,2012,HRV,science,COMPUTED_PENDING_VALIDATION,
PISA,2012,HRV,reading,COMPUTED_PENDING_VALIDATION,
PISA,2012,HUN,mathematics,COMPUTED_PENDING_VALIDATION,
PISA,2012,HUN,science,COMPUTED_PENDING_VALIDATION,
PISA,2012,HUN,reading,COMPUTED_PENDING_VALIDATION,
PISA,2012,IDN,mathematics,COMPUTED_PENDING_VALIDATION,
PISA,2012,IDN,science,COMPUTED_PENDING_VALIDATION,
PISA,2012,IDN,reading,COMPUTED_PENDING_VALIDATION,
PISA,2012,IRL,mathematics,COMPUTED_PENDING_VALIDATION,
PISA,2012,IRL,science,COMPUTED_PENDING_VALIDATION,
PISA,2012,IRL,reading,COMPUTED_PENDING_VALIDATION,
PISA,2012,ISL,mathematics,COMPUTED_PENDING_VALIDATION,
PISA,2012,ISL,science,COMPUTED_PENDING_VALIDATION,
PISA,2012,ISL,reading,COMPUTED_PENDING_VALIDATION,
PISA,2012,ISR,mathematics,COMPUTED_PENDING_VALIDATION,
PISA,2012,ISR,science,COMPUTED_PENDING_VALIDATION,
PISA,2012,ISR,reading,COMPUTED_PENDING_VALIDATION,
PISA,2012,ITA,mathematics,COMPUTED_PENDING_VALIDATION,
PISA,2012,ITA,science,COMPUTED_PENDING_VALIDATION,
PISA,2012,ITA,reading,COMPUTED_PENDING_VALIDATION,
PISA,2012,JOR,mathematics,COMPUTED_PENDING_VALIDATION,
PISA,2012,JOR,science,COMPUTED_PENDING_VALIDATION,
PISA,2012,JOR,reading,COMPUTED_PENDING_VALIDATION,
PISA,2012,JPN,mathematics,COMPUTED_PENDING_VALIDATION,
PISA,2012,JPN,science,COMPUTED_PENDING_VALIDATION,
PISA,2012,JPN,reading,COMPUTED_PENDING_VALIDATION,
PISA,2012,KAZ,mathematics,COMPUTED_PENDING_VALIDATION,
PISA,2012,KAZ,science,COMPUTED_PENDING_VALIDATION,
PISA,2012,KAZ,reading,COMPUTED_PENDING_VALIDATION,
PISA,2012,KOR,mathematics,COMPUTED_PENDING_VALIDATION,
PISA,2012,KOR,science,COMPUTED_PENDING_VALIDATION,
PISA,2012,KOR,reading,COMPUTED_PENDING_VALIDATION,
PISA,2012,LIE,mathematics,COMPUTED_PENDING_VALIDATION,
PISA,2012,LIE,science,COMPUTED_PENDING_VALIDATION,
PISA,2012,LIE,reading,COMPUTED_PENDING_VALIDATION,
PISA,2012,LTU,mathematics,COMPUTED_PENDING_VALIDATION,
PISA,2012,LTU,science,COMPUTED_PENDING_VALIDATION,
PISA,2012,LTU,reading,COMPUTED_PENDING_VALIDATION,
PISA,2012,LUX,mathematics,COMPUTED_PENDING_VALIDATION,
PISA,2012,LUX,science,COMPUTED_PENDING_VALIDATION,
PISA,2012,LUX,reading,COMPUTED_PENDING_VALIDATION,
PISA,2012,LVA,mathematics,COMPUTED_PENDING_VALIDATION,
PISA,2012,LVA,science,COMPUTED_PENDING_VALIDATION,
PISA,2012,LVA,reading,COMPUTED_PENDING_VALIDATION,
PISA,2012,MAC,mathematics,COMPUTED_PENDING_VALIDATION,
PISA,2012,MAC,science,COMPUTED_PENDING_VALIDATION,
PISA,2012,MAC,reading,COMPUTED_PENDING_VALIDATION,
PISA,2012,MEX,mathematics,COMPUTED_PENDING_VALIDATION,
PISA,2012,MEX,science,COMPUTED_PENDING_VALIDATION,
PISA,2012,MEX,reading,COMPUTED_PENDING_VALIDATION,
PISA,2012,MNE,mathematics,COMPUTED_PENDING_VALIDATION,
PISA,2012,MNE,science,COMPUTED_PENDING_VALIDATION,
PISA,2012,MNE,reading,COMPUTED_PENDING_VALIDATION,
PISA,2012,MYS,mathematics,COMPUTED_PENDING_VALIDATION,
PISA,2012,MYS,science,COMPUTED_PENDING_VALIDATION,
PISA,2012,MYS,reading,COMPUTED_PENDING_VALIDATION,
PISA,2012,NLD,mathematics,COMPUTED_PENDING_VALIDATION,
PISA,2012,NLD,science,COMPUTED_PENDING_VALIDATION,
PISA,2012,NLD,reading,COMPUTED_PENDING_VALIDATION,
PISA,2012,NOR,mathematics,COMPUTED_PENDING_VALIDATION,
PISA,2012,NOR,science,COMPUTED_PENDING_VALIDATION,
PISA,2012,NOR,reading,COMPUTED_PENDING_VALIDATION,
PISA,2012,NZL,mathematics,COMPUTED_PENDING_VALIDATION,
PISA,2012,NZL,science,COMPUTED_PENDING_VALIDATION,
PISA,2012,NZL,reading,COMPUTED_PENDING_VALIDATION,
PISA,2012,PER,mathematics,COMPUTED_PENDING_VALIDATION,
PISA,2012,PER,science,COMPUTED_PENDING_VALIDATION,
PISA,2012,PER,reading,COMPUTED_PENDING_VALIDATION,
PISA,2012,POL,mathematics,COMPUTED_PENDING_VALIDATION,
PISA,2012,POL,science,COMPUTED_PENDING_VALIDATION,
PISA,2012,POL,reading,COMPUTED_PENDING_VALIDATION,
PISA,2012,PRT,mathematics,COMPUTED_PENDING_VALIDATION,
PISA,2012,PRT,science,COMPUTED_PENDING_VALIDATION,
PISA,2012,PRT,reading,COMPUTED_PENDING_VALIDATION,
PISA,2012,QAT,mathematics,COMPUTED_PENDING_VALIDATION,
PISA,2012,QAT,science,COMPUTED_PENDING_VALIDATION,
PISA,2012,QAT,reading,COMPUTED_PENDING_VALIDATION,
PISA,2012,QCN,mathematics,COMPUTED_PENDING_VALIDATION,
PISA,2012,QCN,science,COMPUTED_PENDING_VALIDATION,
PISA,2012,QCN,reading,COMPUTED_PENDING_VALIDATION,
PISA,2012,QRS,mathematics,COMPUTED_PENDING_VALIDATION,
PISA,2012,QRS,science,COMPUTED_PENDING_VALIDATION,
PISA,2012,QRS,reading,COMPUTED_PENDING_VALIDATION,
PISA,2012,ROU,mathematics,COMPUTED_PENDING_VALIDATION,
PISA,2012,ROU,science,COMPUTED_PENDING_VALIDATION,
PISA,2012,ROU,reading,COMPUTED_PENDING_VALIDATION,
PISA,2012,RUS,mathematics,COMPUTED_PENDING_VALIDATION,
PISA,2012,RUS,science,COMPUTED_PENDING_VALIDATION,
PISA,2012,RUS,reading,COMPUTED_PENDING_VALIDATION,
PISA,2012,SGP,mathematics,COMPUTED_PENDING_VALIDATION,
PISA,2012,SGP,science,COMPUTED_PENDING_VALIDATION,
PISA,2012,SGP,reading,COMPUTED_PENDING_VALIDATION,
PISA,2012,SRB,mathematics,COMPUTED_PENDING_VALIDATION,
PISA,2012,SRB,science,COMPUTED_PENDING_VALIDATION,
PISA,2012,SRB,reading,COMPUTED_PENDING_VALIDATION,
PISA,2012,SVK,mathematics,COMPUTED_PENDING_VALIDATION,
PISA,2012,SVK,science,COMPUTED_PENDING_VALIDATION,
PISA,2012,SVK,reading,COMPUTED_PENDING_VALIDATION,
PISA,2012,SVN,mathematics,COMPUTED_PENDING_VALIDATION,
PISA,2012,SVN,science,COMPUTED_PENDING_VALIDATION,
PISA,2012,SVN,reading,COMPUTED_PENDING_VALIDATION,
PISA,2012,SWE,mathematics,COMPUTED_PENDING_VALIDATION,
PISA,2012,SWE,science,COMPUTED_PENDING_VALIDATION,
PISA,2012,SWE,reading,COMPUTED_PENDING_VALIDATION,
PISA,2012,TAP,mathematics,COMPUTED_PENDING_VALIDATION,
PISA,2012,TAP,science,COMPUTED_PENDING_VALIDATION,
PISA,2012,TAP,reading,COMPUTED_PENDING_VALIDATION,
PISA,2012,THA,mathematics,COMPUTED_PENDING_VALIDATION,
PISA,2012,THA,science,COMPUTED_PENDING_VALIDATION,
PISA,2012,THA,reading,COMPUTED_PENDING_VALIDATION,
PISA,2012,TUN,mathematics,COMPUTED_PENDING_VALIDATION,
PISA,2012,TUN,science,COMPUTED_PENDING_VALIDATION,
PISA,2012,TUN,reading,COMPUTED_PENDING_VALIDATION,
PISA,2012,TUR,mathematics,COMPUTED_PENDING_VALIDATION,
PISA,2012,TUR,science,COMPUTED_PENDING_VALIDATION,
PISA,2012,TUR,reading,COMPUTED_PENDING_VALIDATION,
PISA,2012,URY,mathematics,COMPUTED_PENDING_VALIDATION,
PISA,2012,URY,science,COMPUTED_PENDING_VALIDATION,
PISA,2012,URY,reading,COMPUTED_PENDING_VALIDATION,
PISA,2012,USA,mathematics,COMPUTED_PENDING_VALIDATION,
PISA,2012,USA,science,COMPUTED_PENDING_VALIDATION,
PISA,2012,USA,reading,COMPUTED_PENDING_VALIDATION,
PISA,2012,VNM,mathematics,COMPUTED_PENDING_VALIDATION,
PISA,2012,VNM,science,COMPUTED_PENDING_VALIDATION,
PISA,2012,VNM,reading,COMPUTED_PENDING_VALIDATION,
PISA,2015,ALB,mathematics,COMPUTED_PENDING_VALIDATION,
PISA,2015,ALB,science,COMPUTED_PENDING_VALIDATION,
PISA,2015,ALB,reading,COMPUTED_PENDING_VALIDATION,
PISA,2015,ARE,mathematics,COMPUTED_PENDING_VALIDATION,
PISA,2015,ARE,science,COMPUTED_PENDING_VALIDATION,
PISA,2015,ARE,reading,COMPUTED_PENDING_VALIDATION,
PISA,2015,AUS,mathematics,COMPUTED_PENDING_VALIDATION,
PISA,2015,AUS,science,COMPUTED_PENDING_VALIDATION,
PISA,2015,AUS,reading,COMPUTED_PENDING_VALIDATION,
PISA,2015,AUT,mathematics,COMPUTED_PENDING_VALIDATION,
PISA,2015,AUT,science,COMPUTED_PENDING_VALIDATION,
PISA,2015,AUT,reading,COMPUTED_PENDING_VALIDATION,
PISA,2015,BEL,mathematics,COMPUTED_PENDING_VALIDATION,
PISA,2015,BEL,science,COMPUTED_PENDING_VALIDATION,
PISA,2015,BEL,reading,COMPUTED_PENDING_VALIDATION,
PISA,2015,BGR,mathematics,COMPUTED_PENDING_VALIDATION,
PISA,2015,BGR,science,COMPUTED_PENDING_VALIDATION,
PISA,2015,BGR,reading,COMPUTED_PENDING_VALIDATION,
PISA,2015,BRA,mathematics,COMPUTED_PENDING_VALIDATION,
PISA,2015,BRA,science,COMPUTED_PENDING_VALIDATION,
PISA,2015,BRA,reading,COMPUTED_PENDING_VALIDATION,
PISA,2015,CAN,mathematics,COMPUTED_PENDING_VALIDATION,
PISA,2015,CAN,science,COMPUTED_PENDING_VALIDATION,
PISA,2015,CAN,reading,COMPUTED_PENDING_VALIDATION,
PISA,2015,CHE,mathematics,COMPUTED_PENDING_VALIDATION,
PISA,2015,CHE,science,COMPUTED_PENDING_VALIDATION,
PISA,2015,CHE,reading,COMPUTED_PENDING_VALIDATION,
PISA,2015,CHL,mathematics,COMPUTED_PENDING_VALIDATION,
PISA,2015,CHL,science,COMPUTED_PENDING_VALIDATION,
PISA,2015,CHL,reading,COMPUTED_PENDING_VALIDATION,
PISA,2015,COL,mathematics,COMPUTED_PENDING_VALIDATION,
PISA,2015,COL,science,COMPUTED_PENDING_VALIDATION,
PISA,2015,COL,reading,COMPUTED_PENDING_VALIDATION,
PISA,2015,CRI,mathematics,COMPUTED_PENDING_VALIDATION,
PISA,2015,CRI,science,COMPUTED_PENDING_VALIDATION,
PISA,2015,CRI,reading,COMPUTED_PENDING_VALIDATION,
PISA,2015,CZE,mathematics,COMPUTED_PENDING_VALIDATION,
PISA,2015,CZE,science,COMPUTED_PENDING_VALIDATION,
PISA,2015,CZE,reading,COMPUTED_PENDING_VALIDATION,
PISA,2015,DEU,mathematics,COMPUTED_PENDING_VALIDATION,
PISA,2015,DEU,science,COMPUTED_PENDING_VALIDATION,
PISA,2015,DEU,reading,COMPUTED_PENDING_VALIDATION,
PISA,2015,DNK,mathematics,COMPUTED_PENDING_VALIDATION,
PISA,2015,DNK,science,COMPUTED_PENDING_VALIDATION,
PISA,2015,DNK,reading,COMPUTED_PENDING_VALIDATION,
PISA,2015,DOM,mathematics,COMPUTED_PENDING_VALIDATION,
PISA,2015,DOM,science,COMPUTED_PENDING_VALIDATION,
PISA,2015,DOM,reading,COMPUTED_PENDING_VALIDATION,
PISA,2015,DZA,mathematics,COMPUTED_PENDING_VALIDATION,
PISA,2015,DZA,science,COMPUTED_PENDING_VALIDATION,
PISA,2015,DZA,reading,COMPUTED_PENDING_VALIDATION,
PISA,2015,ESP,mathematics,COMPUTED_PENDING_VALIDATION,
PISA,2015,ESP,science,COMPUTED_PENDING_VALIDATION,
PISA,2015,ESP,reading,COMPUTED_PENDING_VALIDATION,
PISA,2015,EST,mathematics,COMPUTED_PENDING_VALIDATION,
PISA,2015,EST,science,COMPUTED_PENDING_VALIDATION,
PISA,2015,EST,reading,COMPUTED_PENDING_VALIDATION,
PISA,2015,FIN,mathematics,COMPUTED_PENDING_VALIDATION,
PISA,2015,FIN,science,COMPUTED_PENDING_VALIDATION,
PISA,2015,FIN,reading,COMPUTED_PENDING_VALIDATION,
PISA,2015,FRA,mathematics,COMPUTED_PENDING_VALIDATION,
PISA,2015,FRA,science,COMPUTED_PENDING_VALIDATION,
PISA,2015,FRA,reading,COMPUTED_PENDING_VALIDATION,
PISA,2015,GBR,mathematics,COMPUTED_PENDING_VALIDATION,
PISA,2015,GBR,science,COMPUTED_PENDING_VALIDATION,
PISA,2015,GBR,reading,COMPUTED_PENDING_VALIDATION,
PISA,2015,GEO,mathematics,COMPUTED_PENDING_VALIDATION,
PISA,2015,GEO,science,COMPUTED_PENDING_VALIDATION,
PISA,2015,GEO,reading,COMPUTED_PENDING_VALIDATION,
PISA,2015,GRC,mathematics,COMPUTED_PENDING_VALIDATION,
PISA,2015,GRC,science,COMPUTED_PENDING_VALIDATION,
PISA,2015,GRC,reading,COMPUTED_PENDING_VALIDATION,
PISA,2015,HKG,mathematics,COMPUTED_PENDING_VALIDATION,
PISA,2015,HKG,science,COMPUTED_PENDING_VALIDATION,
PISA,2015,HKG,reading,COMPUTED_PENDING_VALIDATION,
PISA,2015,HRV,mathematics,COMPUTED_PENDING_VALIDATION,
PISA,2015,HRV,science,COMPUTED_PENDING_VALIDATION,
PISA,2015,HRV,reading,COMPUTED_PENDING_VALIDATION,
PISA,2015,HUN,mathematics,COMPUTED_PENDING_VALIDATION,
PISA,2015,HUN,science,COMPUTED_PENDING_VALIDATION,
PISA,2015,HUN,reading,COMPUTED_PENDING_VALIDATION,
PISA,2015,IDN,mathematics,COMPUTED_PENDING_VALIDATION,
PISA,2015,IDN,science,COMPUTED_PENDING_VALIDATION,
PISA,2015,IDN,reading,COMPUTED_PENDING_VALIDATION,
PISA,2015,IRL,mathematics,COMPUTED_PENDING_VALIDATION,
PISA,2015,IRL,science,COMPUTED_PENDING_VALIDATION,
PISA,2015,IRL,reading,COMPUTED_PENDING_VALIDATION,
PISA,2015,ISL,mathematics,COMPUTED_PENDING_VALIDATION,
PISA,2015,ISL,science,COMPUTED_PENDING_VALIDATION,
PISA,2015,ISL,reading,COMPUTED_PENDING_VALIDATION,
PISA,2015,ISR,mathematics,COMPUTED_PENDING_VALIDATION,
PISA,2015,ISR,science,COMPUTED_PENDING_VALIDATION,
PISA,2015,ISR,reading,COMPUTED_PENDING_VALIDATION,
PISA,2015,ITA,mathematics,COMPUTED_PENDING_VALIDATION,
PISA,2015,ITA,science,COMPUTED_PENDING_VALIDATION,
PISA,2015,ITA,reading,COMPUTED_PENDING_VALIDATION,
PISA,2015,JOR,mathematics,COMPUTED_PENDING_VALIDATION,
PISA,2015,JOR,science,COMPUTED_PENDING_VALIDATION,
PISA,2015,JOR,reading,COMPUTED_PENDING_VALIDATION,
PISA,2015,JPN,mathematics,COMPUTED_PENDING_VALIDATION,
PISA,2015,JPN,science,COMPUTED_PENDING_VALIDATION,
PISA,2015,JPN,reading,COMPUTED_PENDING_VALIDATION,
PISA,2015,KOR,mathematics,COMPUTED_PENDING_VALIDATION,
PISA,2015,KOR,science,COMPUTED_PENDING_VALIDATION,
PISA,2015,KOR,reading,COMPUTED_PENDING_VALIDATION,
PISA,2015,KSV,mathematics,COMPUTED_PENDING_VALIDATION,
PISA,2015,KSV,science,COMPUTED_PENDING_VALIDATION,
PISA,2015,KSV,reading,COMPUTED_PENDING_VALIDATION,
PISA,2015,LBN,mathematics,COMPUTED_PENDING_VALIDATION,
PISA,2015,LBN,science,COMPUTED_PENDING_VALIDATION,
PISA,2015,LBN,reading,COMPUTED_PENDING_VALIDATION,
PISA,2015,LTU,mathematics,COMPUTED_PENDING_VALIDATION,
PISA,2015,LTU,science,COMPUTED_PENDING_VALIDATION,
PISA,2015,LTU,reading,COMPUTED_PENDING_VALIDATION,
PISA,2015,LUX,mathematics,COMPUTED_PENDING_VALIDATION,
PISA,2015,LUX,science,COMPUTED_PENDING_VALIDATION,
PISA,2015,LUX,reading,COMPUTED_PENDING_VALIDATION,
PISA,2015,LVA,mathematics,COMPUTED_PENDING_VALIDATION,
PISA,2015,LVA,science,COMPUTED_PENDING_VALIDATION,
PISA,2015,LVA,reading,COMPUTED_PENDING_VALIDATION,
PISA,2015,MAC,mathematics,COMPUTED_PENDING_VALIDATION,
PISA,2015,MAC,science,COMPUTED_PENDING_VALIDATION,
PISA,2015,MAC,reading,COMPUTED_PENDING_VALIDATION,
PISA,2015,MDA,mathematics,COMPUTED_PENDING_VALIDATION,
PISA,2015,MDA,science,COMPUTED_PENDING_VALIDATION,
PISA,2015,MDA,reading,COMPUTED_PENDING_VALIDATION,
PISA,2015,MEX,mathematics,COMPUTED_PENDING_VALIDATION,
PISA,2015,MEX,science,COMPUTED_PENDING_VALIDATION,
PISA,2015,MEX,reading,COMPUTED_PENDING_VALIDATION,
PISA,2015,MKD,mathematics,COMPUTED_PENDING_VALIDATION,
PISA,2015,MKD,science,COMPUTED_PENDING_VALIDATION,
PISA,2015,MKD,reading,COMPUTED_PENDING_VALIDATION,
PISA,2015,MLT,mathematics,COMPUTED_PENDING_VALIDATION,
PISA,2015,MLT,science,COMPUTED_PENDING_VALIDATION,
PISA,2015,MLT,reading,COMPUTED_PENDING_VALIDATION,
PISA,2015,MNE,mathematics,COMPUTED_PENDING_VALIDATION,
PISA,2015,MNE,science,COMPUTED_PENDING_VALIDATION,
PISA,2015,MNE,reading,COMPUTED_PENDING_VALIDATION,
PISA,2015,NLD,mathematics,COMPUTED_PENDING_VALIDATION,
PISA,2015,NLD,science,COMPUTED_PENDING_VALIDATION,
PISA,2015,NLD,reading,COMPUTED_PENDING_VALIDATION,
PISA,2015,NOR,mathematics,COMPUTED_PENDING_VALIDATION,
PISA,2015,NOR,science,COMPUTED_PENDING_VALIDATION,
PISA,2015,NOR,reading,COMPUTED_PENDING_VALIDATION,
PISA,2015,NZL,mathematics,COMPUTED_PENDING_VALIDATION,
PISA,2015,NZL,science,COMPUTED_PENDING_VALIDATION,
PISA,2015,NZL,reading,COMPUTED_PENDING_VALIDATION,
PISA,2015,PER,mathematics,COMPUTED_PENDING_VALIDATION,
PISA,2015,PER,science,COMPUTED_PENDING_VALIDATION,
PISA,2015,PER,reading,COMPUTED_PENDING_VALIDATION,
PISA,2015,POL,mathematics,COMPUTED_PENDING_VALIDATION,
PISA,2015,POL,science,COMPUTED_PENDING_VALIDATION,
PISA,2015,POL,reading,COMPUTED_PENDING_VALIDATION,
PISA,2015,PRT,mathematics,COMPUTED_PENDING_VALIDATION,
PISA,2015,PRT,science,COMPUTED_PENDING_VALIDATION,
PISA,2015,PRT,reading,COMPUTED_PENDING_VALIDATION,
PISA,2015,QAR,mathematics,COMPUTED_PENDING_VALIDATION,
PISA,2015,QAR,science,COMPUTED_PENDING_VALIDATION,
PISA,2015,QAR,reading,COMPUTED_PENDING_VALIDATION,
PISA,2015,QAT,mathematics,COMPUTED_PENDING_VALIDATION,
PISA,2015,QAT,science,COMPUTED_PENDING_VALIDATION,
PISA,2015,QAT,reading,COMPUTED_PENDING_VALIDATION,
PISA,2015,QCH,mathematics,COMPUTED_PENDING_VALIDATION,
PISA,2015,QCH,science,COMPUTED_PENDING_VALIDATION,
PISA,2015,QCH,reading,COMPUTED_PENDING_VALIDATION,
PISA,2015,QES,mathematics,COMPUTED_PENDING_VALIDATION,
PISA,2015,QES,science,COMPUTED_PENDING_VALIDATION,
PISA,2015,QES,reading,COMPUTED_PENDING_VALIDATION,
PISA,2015,QUC,mathematics,COMPUTED_PENDING_VALIDATION,
PISA,2015,QUC,science,COMPUTED_PENDING_VALIDATION,
PISA,2015,QUC,reading,COMPUTED_PENDING_VALIDATION,
PISA,2015,QUD,mathematics,COMPUTED_PENDING_VALIDATION,
PISA,2015,QUD,science,COMPUTED_PENDING_VALIDATION,
PISA,2015,QUD,reading,COMPUTED_PENDING_VALIDATION,
PISA,2015,QUE,mathematics,COMPUTED_PENDING_VALIDATION,
PISA,2015,QUE,science,COMPUTED_PENDING_VALIDATION,
PISA,2015,QUE,reading,COMPUTED_PENDING_VALIDATION,
PISA,2015,ROU,mathematics,COMPUTED_PENDING_VALIDATION,
PISA,2015,ROU,science,COMPUTED_PENDING_VALIDATION,
PISA,2015,ROU,reading,COMPUTED_PENDING_VALIDATION,
PISA,2015,RUS,mathematics,COMPUTED_PENDING_VALIDATION,
PISA,2015,RUS,science,COMPUTED_PENDING_VALIDATION,
PISA,2015,RUS,reading,COMPUTED_PENDING_VALIDATION,
PISA,2015,SGP,mathematics,COMPUTED_PENDING_VALIDATION,
PISA,2015,SGP,science,COMPUTED_PENDING_VALIDATION,
PISA,2015,SGP,reading,COMPUTED_PENDING_VALIDATION,
PISA,2015,SVK,mathematics,COMPUTED_PENDING_VALIDATION,
PISA,2015,SVK,science,COMPUTED_PENDING_VALIDATION,
PISA,2015,SVK,reading,COMPUTED_PENDING_VALIDATION,
PISA,2015,SVN,mathematics,COMPUTED_PENDING_VALIDATION,
PISA,2015,SVN,science,COMPUTED_PENDING_VALIDATION,
PISA,2015,SVN,reading,COMPUTED_PENDING_VALIDATION,
PISA,2015,SWE,mathematics,COMPUTED_PENDING_VALIDATION,
PISA,2015,SWE,science,COMPUTED_PENDING_VALIDATION,
PISA,2015,SWE,reading,COMPUTED_PENDING_VALIDATION,
PISA,2015,TAP,mathematics,COMPUTED_PENDING_VALIDATION,
PISA,2015,TAP,science,COMPUTED_PENDING_VALIDATION,
PISA,2015,TAP,reading,COMPUTED_PENDING_VALIDATION,
PISA,2015,THA,mathematics,COMPUTED_PENDING_VALIDATION,
PISA,2015,THA,science,COMPUTED_PENDING_VALIDATION,
PISA,2015,THA,reading,COMPUTED_PENDING_VALIDATION,
PISA,2015,TTO,mathematics,COMPUTED_PENDING_VALIDATION,
PISA,2015,TTO,science,COMPUTED_PENDING_VALIDATION,
PISA,2015,TTO,reading,COMPUTED_PENDING_VALIDATION,
PISA,2015,TUN,mathematics,COMPUTED_PENDING_VALIDATION,
PISA,2015,TUN,science,COMPUTED_PENDING_VALIDATION,
PISA,2015,TUN,reading,COMPUTED_PENDING_VALIDATION,
PISA,2015,TUR,mathematics,COMPUTED_PENDING_VALIDATION,
PISA,2015,TUR,science,COMPUTED_PENDING_VALIDATION,
PISA,2015,TUR,reading,COMPUTED_PENDING_VALIDATION,
PISA,2015,URY,mathematics,COMPUTED_PENDING_VALIDATION,
PISA,2015,URY,science,COMPUTED_PENDING_VALIDATION,
PISA,2015,URY,reading,COMPUTED_PENDING_VALIDATION,
PISA,2015,USA,mathematics,COMPUTED_PENDING_VALIDATION,
PISA,2015,USA,science,COMPUTED_PENDING_VALIDATION,
PISA,2015,USA,reading,COMPUTED_PENDING_VALIDATION,
PISA,2015,VNM,mathematics,COMPUTED_PENDING_VALIDATION,
PISA,2015,VNM,science,COMPUTED_PENDING_VALIDATION,
PISA,2015,VNM,reading,COMPUTED_PENDING_VALIDATION,
PISA,2018,ALB,mathematics,COMPUTED_PENDING_VALIDATION,
PISA,2018,ALB,science,COMPUTED_PENDING_VALIDATION,
PISA,2018,ALB,reading,COMPUTED_PENDING_VALIDATION,
PISA,2018,ARE,mathematics,COMPUTED_PENDING_VALIDATION,
PISA,2018,ARE,science,COMPUTED_PENDING_VALIDATION,
PISA,2018,ARE,reading,COMPUTED_PENDING_VALIDATION,
PISA,2018,ARG,mathematics,COMPUTED_PENDING_VALIDATION,
PISA,2018,ARG,science,COMPUTED_PENDING_VALIDATION,
PISA,2018,ARG,reading,COMPUTED_PENDING_VALIDATION,
PISA,2018,AUS,mathematics,COMPUTED_PENDING_VALIDATION,
PISA,2018,AUS,science,COMPUTED_PENDING_VALIDATION,
PISA,2018,AUS,reading,COMPUTED_PENDING_VALIDATION,
PISA,2018,AUT,mathematics,COMPUTED_PENDING_VALIDATION,
PISA,2018,AUT,science,COMPUTED_PENDING_VALIDATION,
PISA,2018,AUT,reading,COMPUTED_PENDING_VALIDATION,
PISA,2018,BEL,mathematics,COMPUTED_PENDING_VALIDATION,
PISA,2018,BEL,science,COMPUTED_PENDING_VALIDATION,
PISA,2018,BEL,reading,COMPUTED_PENDING_VALIDATION,
PISA,2018,BGR,mathematics,COMPUTED_PENDING_VALIDATION,
PISA,2018,BGR,science,COMPUTED_PENDING_VALIDATION,
PISA,2018,BGR,reading,COMPUTED_PENDING_VALIDATION,
PISA,2018,BIH,mathematics,COMPUTED_PENDING_VALIDATION,
PISA,2018,BIH,science,COMPUTED_PENDING_VALIDATION,
PISA,2018,BIH,reading,COMPUTED_PENDING_VALIDATION,
PISA,2018,BLR,mathematics,COMPUTED_PENDING_VALIDATION,
PISA,2018,BLR,science,COMPUTED_PENDING_VALIDATION,
PISA,2018,BLR,reading,COMPUTED_PENDING_VALIDATION,
PISA,2018,BRA,mathematics,COMPUTED_PENDING_VALIDATION,
PISA,2018,BRA,science,COMPUTED_PENDING_VALIDATION,
PISA,2018,BRA,reading,COMPUTED_PENDING_VALIDATION,
PISA,2018,BRN,mathematics,COMPUTED_PENDING_VALIDATION,
PISA,2018,BRN,science,COMPUTED_PENDING_VALIDATION,
PISA,2018,BRN,reading,COMPUTED_PENDING_VALIDATION,
PISA,2018,CAN,mathematics,COMPUTED_PENDING_VALIDATION,
PISA,2018,CAN,science,COMPUTED_PENDING_VALIDATION,
PISA,2018,CAN,reading,COMPUTED_PENDING_VALIDATION,
PISA,2018,CHE,mathematics,COMPUTED_PENDING_VALIDATION,
PISA,2018,CHE,science,COMPUTED_PENDING_VALIDATION,
PISA,2018,CHE,reading,COMPUTED_PENDING_VALIDATION,
PISA,2018,CHL,mathematics,COMPUTED_PENDING_VALIDATION,
PISA,2018,CHL,science,COMPUTED_PENDING_VALIDATION,
PISA,2018,CHL,reading,COMPUTED_PENDING_VALIDATION,
PISA,2018,COL,mathematics,COMPUTED_PENDING_VALIDATION,
PISA,2018,COL,science,COMPUTED_PENDING_VALIDATION,
PISA,2018,COL,reading,COMPUTED_PENDING_VALIDATION,
PISA,2018,CRI,mathematics,COMPUTED_PENDING_VALIDATION,
PISA,2018,CRI,science,COMPUTED_PENDING_VALIDATION,
PISA,2018,CRI,reading,COMPUTED_PENDING_VALIDATION,
PISA,2018,CZE,mathematics,COMPUTED_PENDING_VALIDATION,
PISA,2018,CZE,science,COMPUTED_PENDING_VALIDATION,
PISA,2018,CZE,reading,COMPUTED_PENDING_VALIDATION,
PISA,2018,DEU,mathematics,COMPUTED_PENDING_VALIDATION,
PISA,2018,DEU,science,COMPUTED_PENDING_VALIDATION,
PISA,2018,DEU,reading,COMPUTED_PENDING_VALIDATION,
PISA,2018,DNK,mathematics,COMPUTED_PENDING_VALIDATION,
PISA,2018,DNK,science,COMPUTED_PENDING_VALIDATION,
PISA,2018,DNK,reading,COMPUTED_PENDING_VALIDATION,
PISA,2018,DOM,mathematics,COMPUTED_PENDING_VALIDATION,
PISA,2018,DOM,science,COMPUTED_PENDING_VALIDATION,
PISA,2018,DOM,reading,COMPUTED_PENDING_VALIDATION,
PISA,2018,ESP,mathematics,COMPUTED_PENDING_VALIDATION,
PISA,2018,ESP,science,COMPUTED_PENDING_VALIDATION,
PISA,2018,ESP,reading,COMPUTED_PENDING_VALIDATION,
PISA,2018,EST,mathematics,COMPUTED_PENDING_VALIDATION,
PISA,2018,EST,science,COMPUTED_PENDING_VALIDATION,
PISA,2018,EST,reading,COMPUTED_PENDING_VALIDATION,
PISA,2018,FIN,mathematics,COMPUTED_PENDING_VALIDATION,
PISA,2018,FIN,science,COMPUTED_PENDING_VALIDATION,
PISA,2018,FIN,reading,COMPUTED_PENDING_VALIDATION,
PISA,2018,FRA,mathematics,COMPUTED_PENDING_VALIDATION,
PISA,2018,FRA,science,COMPUTED_PENDING_VALIDATION,
PISA,2018,FRA,reading,COMPUTED_PENDING_VALIDATION,
PISA,2018,GBR,mathematics,COMPUTED_PENDING_VALIDATION,
PISA,2018,GBR,science,COMPUTED_PENDING_VALIDATION,
PISA,2018,GBR,reading,COMPUTED_PENDING_VALIDATION,
PISA,2018,GEO,mathematics,COMPUTED_PENDING_VALIDATION,
PISA,2018,GEO,science,COMPUTED_PENDING_VALIDATION,
PISA,2018,GEO,reading,COMPUTED_PENDING_VALIDATION,
PISA,2018,GRC,mathematics,COMPUTED_PENDING_VALIDATION,
PISA,2018,GRC,science,COMPUTED_PENDING_VALIDATION,
PISA,2018,GRC,reading,COMPUTED_PENDING_VALIDATION,
PISA,2018,HKG,mathematics,COMPUTED_PENDING_VALIDATION,
PISA,2018,HKG,science,COMPUTED_PENDING_VALIDATION,
PISA,2018,HKG,reading,COMPUTED_PENDING_VALIDATION,
PISA,2018,HRV,mathematics,COMPUTED_PENDING_VALIDATION,
PISA,2018,HRV,science,COMPUTED_PENDING_VALIDATION,
PISA,2018,HRV,reading,COMPUTED_PENDING_VALIDATION,
PISA,2018,HUN,mathematics,COMPUTED_PENDING_VALIDATION,
PISA,2018,HUN,science,COMPUTED_PENDING_VALIDATION,
PISA,2018,HUN,reading,COMPUTED_PENDING_VALIDATION,
PISA,2018,IDN,mathematics,COMPUTED_PENDING_VALIDATION,
PISA,2018,IDN,science,COMPUTED_PENDING_VALIDATION,
PISA,2018,IDN,reading,COMPUTED_PENDING_VALIDATION,
PISA,2018,IRL,mathematics,COMPUTED_PENDING_VALIDATION,
PISA,2018,IRL,science,COMPUTED_PENDING_VALIDATION,
PISA,2018,IRL,reading,COMPUTED_PENDING_VALIDATION,
PISA,2018,ISL,mathematics,COMPUTED_PENDING_VALIDATION,
PISA,2018,ISL,science,COMPUTED_PENDING_VALIDATION,
PISA,2018,ISL,reading,COMPUTED_PENDING_VALIDATION,
PISA,2018,ISR,mathematics,COMPUTED_PENDING_VALIDATION,
PISA,2018,ISR,science,COMPUTED_PENDING_VALIDATION,
PISA,2018,ISR,reading,COMPUTED_PENDING_VALIDATION,
PISA,2018,ITA,mathematics,COMPUTED_PENDING_VALIDATION,
PISA,2018,ITA,science,COMPUTED_PENDING_VALIDATION,
PISA,2018,ITA,reading,COMPUTED_PENDING_VALIDATION,
PISA,2018,JOR,mathematics,COMPUTED_PENDING_VALIDATION,
PISA,2018,JOR,science,COMPUTED_PENDING_VALIDATION,
PISA,2018,JOR,reading,COMPUTED_PENDING_VALIDATION,
PISA,2018,JPN,mathematics,COMPUTED_PENDING_VALIDATION,
PISA,2018,JPN,science,COMPUTED_PENDING_VALIDATION,
PISA,2018,JPN,reading,COMPUTED_PENDING_VALIDATION,
PISA,2018,KAZ,mathematics,COMPUTED_PENDING_VALIDATION,
PISA,2018,KAZ,science,COMPUTED_PENDING_VALIDATION,
PISA,2018,KAZ,reading,COMPUTED_PENDING_VALIDATION,
PISA,2018,KOR,mathematics,COMPUTED_PENDING_VALIDATION,
PISA,2018,KOR,science,COMPUTED_PENDING_VALIDATION,
PISA,2018,KOR,reading,COMPUTED_PENDING_VALIDATION,
PISA,2018,KSV,mathematics,COMPUTED_PENDING_VALIDATION,
PISA,2018,KSV,science,COMPUTED_PENDING_VALIDATION,
PISA,2018,KSV,reading,COMPUTED_PENDING_VALIDATION,
PISA,2018,LBN,mathematics,COMPUTED_PENDING_VALIDATION,
PISA,2018,LBN,science,COMPUTED_PENDING_VALIDATION,
PISA,2018,LBN,reading,COMPUTED_PENDING_VALIDATION,
PISA,2018,LTU,mathematics,COMPUTED_PENDING_VALIDATION,
PISA,2018,LTU,science,COMPUTED_PENDING_VALIDATION,
PISA,2018,LTU,reading,COMPUTED_PENDING_VALIDATION,
PISA,2018,LUX,mathematics,COMPUTED_PENDING_VALIDATION,
PISA,2018,LUX,science,COMPUTED_PENDING_VALIDATION,
PISA,2018,LUX,reading,COMPUTED_PENDING_VALIDATION,
PISA,2018,LVA,mathematics,COMPUTED_PENDING_VALIDATION,
PISA,2018,LVA,science,COMPUTED_PENDING_VALIDATION,
PISA,2018,LVA,reading,COMPUTED_PENDING_VALIDATION,
PISA,2018,MAC,mathematics,COMPUTED_PENDING_VALIDATION,
PISA,2018,MAC,science,COMPUTED_PENDING_VALIDATION,
PISA,2018,MAC,reading,COMPUTED_PENDING_VALIDATION,
PISA,2018,MAR,mathematics,COMPUTED_PENDING_VALIDATION,
PISA,2018,MAR,science,COMPUTED_PENDING_VALIDATION,
PISA,2018,MAR,reading,COMPUTED_PENDING_VALIDATION,
PISA,2018,MDA,mathematics,COMPUTED_PENDING_VALIDATION,
PISA,2018,MDA,science,COMPUTED_PENDING_VALIDATION,
PISA,2018,MDA,reading,COMPUTED_PENDING_VALIDATION,
PISA,2018,MEX,mathematics,COMPUTED_PENDING_VALIDATION,
PISA,2018,MEX,science,COMPUTED_PENDING_VALIDATION,
PISA,2018,MEX,reading,COMPUTED_PENDING_VALIDATION,
PISA,2018,MKD,mathematics,COMPUTED_PENDING_VALIDATION,
PISA,2018,MKD,science,COMPUTED_PENDING_VALIDATION,
PISA,2018,MKD,reading,COMPUTED_PENDING_VALIDATION,
PISA,2018,MLT,mathematics,COMPUTED_PENDING_VALIDATION,
PISA,2018,MLT,science,COMPUTED_PENDING_VALIDATION,
PISA,2018,MLT,reading,COMPUTED_PENDING_VALIDATION,
PISA,2018,MNE,mathematics,COMPUTED_PENDING_VALIDATION,
PISA,2018,MNE,science,COMPUTED_PENDING_VALIDATION,
PISA,2018,MNE,reading,COMPUTED_PENDING_VALIDATION,
PISA,2018,MYS,mathematics,COMPUTED_PENDING_VALIDATION,
PISA,2018,MYS,science,COMPUTED_PENDING_VALIDATION,
PISA,2018,MYS,reading,COMPUTED_PENDING_VALIDATION,
PISA,2018,NLD,mathematics,COMPUTED_PENDING_VALIDATION,
PISA,2018,NLD,science,COMPUTED_PENDING_VALIDATION,
PISA,2018,NLD,reading,COMPUTED_PENDING_VALIDATION,
PISA,2018,NOR,mathematics,COMPUTED_PENDING_VALIDATION,
PISA,2018,NOR,science,COMPUTED_PENDING_VALIDATION,
PISA,2018,NOR,reading,COMPUTED_PENDING_VALIDATION,
PISA,2018,NZL,mathematics,COMPUTED_PENDING_VALIDATION,
PISA,2018,NZL,science,COMPUTED_PENDING_VALIDATION,
PISA,2018,NZL,reading,COMPUTED_PENDING_VALIDATION,
PISA,2018,PAN,mathematics,COMPUTED_PENDING_VALIDATION,
PISA,2018,PAN,science,COMPUTED_PENDING_VALIDATION,
PISA,2018,PAN,reading,COMPUTED_PENDING_VALIDATION,
PISA,2018,PER,mathematics,COMPUTED_PENDING_VALIDATION,
PISA,2018,PER,science,COMPUTED_PENDING_VALIDATION,
PISA,2018,PER,reading,COMPUTED_PENDING_VALIDATION,
PISA,2018,PHL,mathematics,COMPUTED_PENDING_VALIDATION,
PISA,2018,PHL,science,COMPUTED_PENDING_VALIDATION,
PISA,2018,PHL,reading,COMPUTED_PENDING_VALIDATION,
PISA,2018,POL,mathematics,COMPUTED_PENDING_VALIDATION,
PISA,2018,POL,science,COMPUTED_PENDING_VALIDATION,
PISA,2018,POL,reading,COMPUTED_PENDING_VALIDATION,
PISA,2018,PRT,mathematics,COMPUTED_PENDING_VALIDATION,
PISA,2018,PRT,science,COMPUTED_PENDING_VALIDATION,
PISA,2018,PRT,reading,COMPUTED_PENDING_VALIDATION,
PISA,2018,QAT,mathematics,COMPUTED_PENDING_VALIDATION,
PISA,2018,QAT,science,COMPUTED_PENDING_VALIDATION,
PISA,2018,QAT,reading,COMPUTED_PENDING_VALIDATION,
PISA,2018,QAZ,mathematics,COMPUTED_PENDING_VALIDATION,
PISA,2018,QAZ,science,COMPUTED_PENDING_VALIDATION,
PISA,2018,QAZ,reading,COMPUTED_PENDING_VALIDATION,
PISA,2018,QCI,mathematics,COMPUTED_PENDING_VALIDATION,
PISA,2018,QCI,science,COMPUTED_PENDING_VALIDATION,
PISA,2018,QCI,reading,COMPUTED_PENDING_VALIDATION,
PISA,2018,QMR,mathematics,COMPUTED_PENDING_VALIDATION,
PISA,2018,QMR,science,COMPUTED_PENDING_VALIDATION,
PISA,2018,QMR,reading,COMPUTED_PENDING_VALIDATION,
PISA,2018,QRT,mathematics,COMPUTED_PENDING_VALIDATION,
PISA,2018,QRT,science,COMPUTED_PENDING_VALIDATION,
PISA,2018,QRT,reading,COMPUTED_PENDING_VALIDATION,
PISA,2018,ROU,mathematics,COMPUTED_PENDING_VALIDATION,
PISA,2018,ROU,science,COMPUTED_PENDING_VALIDATION,
PISA,2018,ROU,reading,COMPUTED_PENDING_VALIDATION,
PISA,2018,RUS,mathematics,COMPUTED_PENDING_VALIDATION,
PISA,2018,RUS,science,COMPUTED_PENDING_VALIDATION,
PISA,2018,RUS,reading,COMPUTED_PENDING_VALIDATION,
PISA,2018,SAU,mathematics,COMPUTED_PENDING_VALIDATION,
PISA,2018,SAU,science,COMPUTED_PENDING_VALIDATION,
PISA,2018,SAU,reading,COMPUTED_PENDING_VALIDATION,
PISA,2018,SGP,mathematics,COMPUTED_PENDING_VALIDATION,
PISA,2018,SGP,science,COMPUTED_PENDING_VALIDATION,
PISA,2018,SGP,reading,COMPUTED_PENDING_VALIDATION,
PISA,2018,SRB,mathematics,COMPUTED_PENDING_VALIDATION,
PISA,2018,SRB,science,COMPUTED_PENDING_VALIDATION,
PISA,2018,SRB,reading,COMPUTED_PENDING_VALIDATION,
PISA,2018,SVK,mathematics,COMPUTED_PENDING_VALIDATION,
PISA,2018,SVK,science,COMPUTED_PENDING_VALIDATION,
PISA,2018,SVK,reading,COMPUTED_PENDING_VALIDATION,
PISA,2018,SVN,mathematics,COMPUTED_PENDING_VALIDATION,
PISA,2018,SVN,science,COMPUTED_PENDING_VALIDATION,
PISA,2018,SVN,reading,COMPUTED_PENDING_VALIDATION,
PISA,2018,SWE,mathematics,COMPUTED_PENDING_VALIDATION,
PISA,2018,SWE,science,COMPUTED_PENDING_VALIDATION,
PISA,2018,SWE,reading,COMPUTED_PENDING_VALIDATION,
PISA,2018,TAP,mathematics,COMPUTED_PENDING_VALIDATION,
PISA,2018,TAP,science,COMPUTED_PENDING_VALIDATION,
PISA,2018,TAP,reading,COMPUTED_PENDING_VALIDATION,
PISA,2018,THA,mathematics,COMPUTED_PENDING_VALIDATION,
PISA,2018,THA,science,COMPUTED_PENDING_VALIDATION,
PISA,2018,THA,reading,COMPUTED_PENDING_VALIDATION,
PISA,2018,TUR,mathematics,COMPUTED_PENDING_VALIDATION,
PISA,2018,TUR,science,COMPUTED_PENDING_VALIDATION,
PISA,2018,TUR,reading,COMPUTED_PENDING_VALIDATION,
PISA,2018,UKR,mathematics,COMPUTED_PENDING_VALIDATION,
PISA,2018,UKR,science,COMPUTED_PENDING_VALIDATION,
PISA,2018,UKR,reading,COMPUTED_PENDING_VALIDATION,
PISA,2018,URY,mathematics,COMPUTED_PENDING_VALIDATION,
PISA,2018,URY,science,COMPUTED_PENDING_VALIDATION,
PISA,2018,URY,reading,COMPUTED_PENDING_VALIDATION,
PISA,2018,USA,mathematics,COMPUTED_PENDING_VALIDATION,
PISA,2018,USA,science,COMPUTED_PENDING_VALIDATION,
PISA,2018,USA,reading,COMPUTED_PENDING_VALIDATION,
PISA,2018,VNM,mathematics,COMPUTED_PENDING_VALIDATION,
PISA,2018,VNM,science,COMPUTED_PENDING_VALIDATION,
PISA,2018,VNM,reading,COMPUTED_PENDING_VALIDATION,
PISA,2022,ALB,mathematics,COMPUTED_PENDING_VALIDATION,
PISA,2022,ALB,science,COMPUTED_PENDING_VALIDATION,
PISA,2022,ALB,reading,COMPUTED_PENDING_VALIDATION,
PISA,2022,ARE,mathematics,COMPUTED_PENDING_VALIDATION,
PISA,2022,ARE,science,COMPUTED_PENDING_VALIDATION,
PISA,2022,ARE,reading,COMPUTED_PENDING_VALIDATION,
PISA,2022,ARG,mathematics,COMPUTED_PENDING_VALIDATION,
PISA,2022,ARG,science,COMPUTED_PENDING_VALIDATION,
PISA,2022,ARG,reading,COMPUTED_PENDING_VALIDATION,
PISA,2022,AUS,mathematics,COMPUTED_PENDING_VALIDATION,
PISA,2022,AUS,science,COMPUTED_PENDING_VALIDATION,
PISA,2022,AUS,reading,COMPUTED_PENDING_VALIDATION,
PISA,2022,AUT,mathematics,COMPUTED_PENDING_VALIDATION,
PISA,2022,AUT,science,COMPUTED_PENDING_VALIDATION,
PISA,2022,AUT,reading,COMPUTED_PENDING_VALIDATION,
PISA,2022,BEL,mathematics,COMPUTED_PENDING_VALIDATION,
PISA,2022,BEL,science,COMPUTED_PENDING_VALIDATION,
PISA,2022,BEL,reading,COMPUTED_PENDING_VALIDATION,
PISA,2022,BGR,mathematics,COMPUTED_PENDING_VALIDATION,
PISA,2022,BGR,science,COMPUTED_PENDING_VALIDATION,
PISA,2022,BGR,reading,COMPUTED_PENDING_VALIDATION,
PISA,2022,BRA,mathematics,COMPUTED_PENDING_VALIDATION,
PISA,2022,BRA,science,COMPUTED_PENDING_VALIDATION,
PISA,2022,BRA,reading,COMPUTED_PENDING_VALIDATION,
PISA,2022,BRN,mathematics,COMPUTED_PENDING_VALIDATION,
PISA,2022,BRN,science,COMPUTED_PENDING_VALIDATION,
PISA,2022,BRN,reading,COMPUTED_PENDING_VALIDATION,
PISA,2022,CAN,mathematics,COMPUTED_PENDING_VALIDATION,
PISA,2022,CAN,science,COMPUTED_PENDING_VALIDATION,
PISA,2022,CAN,reading,COMPUTED_PENDING_VALIDATION,
PISA,2022,CHE,mathematics,COMPUTED_PENDING_VALIDATION,
PISA,2022,CHE,science,COMPUTED_PENDING_VALIDATION,
PISA,2022,CHE,reading,COMPUTED_PENDING_VALIDATION,
PISA,2022,CHL,mathematics,COMPUTED_PENDING_VALIDATION,
PISA,2022,CHL,science,COMPUTED_PENDING_VALIDATION,
PISA,2022,CHL,reading,COMPUTED_PENDING_VALIDATION,
PISA,2022,COL,mathematics,COMPUTED_PENDING_VALIDATION,
PISA,2022,COL,science,COMPUTED_PENDING_VALIDATION,
PISA,2022,COL,reading,COMPUTED_PENDING_VALIDATION,
PISA,2022,CRI,mathematics,COMPUTED_PENDING_VALIDATION,
PISA,2022,CRI,science,COMPUTED_PENDING_VALIDATION,
PISA,2022,CRI,reading,COMPUTED_PENDING_VALIDATION,
PISA,2022,CZE,mathematics,COMPUTED_PENDING_VALIDATION,
PISA,2022,CZE,science,COMPUTED_PENDING_VALIDATION,
PISA,2022,CZE,reading,COMPUTED_PENDING_VALIDATION,
PISA,2022,DEU,mathematics,COMPUTED_PENDING_VALIDATION,
PISA,2022,DEU,science,COMPUTED_PENDING_VALIDATION,
PISA,2022,DEU,reading,COMPUTED_PENDING_VALIDATION,
PISA,2022,DNK,mathematics,COMPUTED_PENDING_VALIDATION,
PISA,2022,DNK,science,COMPUTED_PENDING_VALIDATION,
PISA,2022,DNK,reading,COMPUTED_PENDING_VALIDATION,
PISA,2022,DOM,mathematics,COMPUTED_PENDING_VALIDATION,
PISA,2022,DOM,science,COMPUTED_PENDING_VALIDATION,
PISA,2022,DOM,reading,COMPUTED_PENDING_VALIDATION,
PISA,2022,ESP,mathematics,COMPUTED_PENDING_VALIDATION,
PISA,2022,ESP,science,COMPUTED_PENDING_VALIDATION,
PISA,2022,ESP,reading,COMPUTED_PENDING_VALIDATION,
PISA,2022,EST,mathematics,COMPUTED_PENDING_VALIDATION,
PISA,2022,EST,science,COMPUTED_PENDING_VALIDATION,
PISA,2022,EST,reading,COMPUTED_PENDING_VALIDATION,
PISA,2022,FIN,mathematics,COMPUTED_PENDING_VALIDATION,
PISA,2022,FIN,science,COMPUTED_PENDING_VALIDATION,
PISA,2022,FIN,reading,COMPUTED_PENDING_VALIDATION,
PISA,2022,FRA,mathematics,COMPUTED_PENDING_VALIDATION,
PISA,2022,FRA,science,COMPUTED_PENDING_VALIDATION,
PISA,2022,FRA,reading,COMPUTED_PENDING_VALIDATION,
PISA,2022,GBR,mathematics,COMPUTED_PENDING_VALIDATION,
PISA,2022,GBR,science,COMPUTED_PENDING_VALIDATION,
PISA,2022,GBR,reading,COMPUTED_PENDING_VALIDATION,
PISA,2022,GEO,mathematics,COMPUTED_PENDING_VALIDATION,
PISA,2022,GEO,science,COMPUTED_PENDING_VALIDATION,
PISA,2022,GEO,reading,COMPUTED_PENDING_VALIDATION,
PISA,2022,GRC,mathematics,COMPUTED_PENDING_VALIDATION,
PISA,2022,GRC,science,COMPUTED_PENDING_VALIDATION,
PISA,2022,GRC,reading,COMPUTED_PENDING_VALIDATION,
PISA,2022,GTM,mathematics,COMPUTED_PENDING_VALIDATION,
PISA,2022,GTM,science,COMPUTED_PENDING_VALIDATION,
PISA,2022,GTM,reading,COMPUTED_PENDING_VALIDATION,
PISA,2022,HKG,mathematics,COMPUTED_PENDING_VALIDATION,
PISA,2022,HKG,science,COMPUTED_PENDING_VALIDATION,
PISA,2022,HKG,reading,COMPUTED_PENDING_VALIDATION,
PISA,2022,HRV,mathematics,COMPUTED_PENDING_VALIDATION,
PISA,2022,HRV,science,COMPUTED_PENDING_VALIDATION,
PISA,2022,HRV,reading,COMPUTED_PENDING_VALIDATION,
PISA,2022,HUN,mathematics,COMPUTED_PENDING_VALIDATION,
PISA,2022,HUN,science,COMPUTED_PENDING_VALIDATION,
PISA,2022,HUN,reading,COMPUTED_PENDING_VALIDATION,
PISA,2022,IDN,mathematics,COMPUTED_PENDING_VALIDATION,
PISA,2022,IDN,science,COMPUTED_PENDING_VALIDATION,
PISA,2022,IDN,reading,COMPUTED_PENDING_VALIDATION,
PISA,2022,IRL,mathematics,COMPUTED_PENDING_VALIDATION,
PISA,2022,IRL,science,COMPUTED_PENDING_VALIDATION,
PISA,2022,IRL,reading,COMPUTED_PENDING_VALIDATION,
PISA,2022,ISL,mathematics,COMPUTED_PENDING_VALIDATION,
PISA,2022,ISL,science,COMPUTED_PENDING_VALIDATION,
PISA,2022,ISL,reading,COMPUTED_PENDING_VALIDATION,
PISA,2022,ISR,mathematics,COMPUTED_PENDING_VALIDATION,
PISA,2022,ISR,science,COMPUTED_PENDING_VALIDATION,
PISA,2022,ISR,reading,COMPUTED_PENDING_VALIDATION,
PISA,2022,ITA,mathematics,COMPUTED_PENDING_VALIDATION,
PISA,2022,ITA,science,COMPUTED_PENDING_VALIDATION,
PISA,2022,ITA,reading,COMPUTED_PENDING_VALIDATION,
PISA,2022,JAM,mathematics,COMPUTED_PENDING_VALIDATION,
PISA,2022,JAM,science,COMPUTED_PENDING_VALIDATION,
PISA,2022,JAM,reading,COMPUTED_PENDING_VALIDATION,
PISA,2022,JOR,mathematics,COMPUTED_PENDING_VALIDATION,
PISA,2022,JOR,science,COMPUTED_PENDING_VALIDATION,
PISA,2022,JOR,reading,COMPUTED_PENDING_VALIDATION,
PISA,2022,JPN,mathematics,COMPUTED_PENDING_VALIDATION,
PISA,2022,JPN,science,COMPUTED_PENDING_VALIDATION,
PISA,2022,JPN,reading,COMPUTED_PENDING_VALIDATION,
PISA,2022,KAZ,mathematics,COMPUTED_PENDING_VALIDATION,
PISA,2022,KAZ,science,COMPUTED_PENDING_VALIDATION,
PISA,2022,KAZ,reading,COMPUTED_PENDING_VALIDATION,
PISA,2022,KHM,mathematics,COMPUTED_PENDING_VALIDATION,
PISA,2022,KHM,science,COMPUTED_PENDING_VALIDATION,
PISA,2022,KHM,reading,COMPUTED_PENDING_VALIDATION,
PISA,2022,KOR,mathematics,COMPUTED_PENDING_VALIDATION,
PISA,2022,KOR,science,COMPUTED_PENDING_VALIDATION,
PISA,2022,KOR,reading,COMPUTED_PENDING_VALIDATION,
PISA,2022,KSV,mathematics,COMPUTED_PENDING_VALIDATION,
PISA,2022,KSV,science,COMPUTED_PENDING_VALIDATION,
PISA,2022,KSV,reading,COMPUTED_PENDING_VALIDATION,
PISA,2022,LTU,mathematics,COMPUTED_PENDING_VALIDATION,
PISA,2022,LTU,science,COMPUTED_PENDING_VALIDATION,
PISA,2022,LTU,reading,COMPUTED_PENDING_VALIDATION,
PISA,2022,LVA,mathematics,COMPUTED_PENDING_VALIDATION,
PISA,2022,LVA,science,COMPUTED_PENDING_VALIDATION,
PISA,2022,LVA,reading,COMPUTED_PENDING_VALIDATION,
PISA,2022,MAC,mathematics,COMPUTED_PENDING_VALIDATION,
PISA,2022,MAC,science,COMPUTED_PENDING_VALIDATION,
PISA,2022,MAC,reading,COMPUTED_PENDING_VALIDATION,
PISA,2022,MAR,mathematics,COMPUTED_PENDING_VALIDATION,
PISA,2022,MAR,science,COMPUTED_PENDING_VALIDATION,
PISA,2022,MAR,reading,COMPUTED_PENDING_VALIDATION,
PISA,2022,MDA,mathematics,COMPUTED_PENDING_VALIDATION,
PISA,2022,MDA,science,COMPUTED_PENDING_VALIDATION,
PISA,2022,MDA,reading,COMPUTED_PENDING_VALIDATION,
PISA,2022,MEX,mathematics,COMPUTED_PENDING_VALIDATION,
PISA,2022,MEX,science,COMPUTED_PENDING_VALIDATION,
PISA,2022,MEX,reading,COMPUTED_PENDING_VALIDATION,
PISA,2022,MKD,mathematics,COMPUTED_PENDING_VALIDATION,
PISA,2022,MKD,science,COMPUTED_PENDING_VALIDATION,
PISA,2022,MKD,reading,COMPUTED_PENDING_VALIDATION,
PISA,2022,MLT,mathematics,COMPUTED_PENDING_VALIDATION,
PISA,2022,MLT,science,COMPUTED_PENDING_VALIDATION,
PISA,2022,MLT,reading,COMPUTED_PENDING_VALIDATION,
PISA,2022,MNE,mathematics,COMPUTED_PENDING_VALIDATION,
PISA,2022,MNE,science,COMPUTED_PENDING_VALIDATION,
PISA,2022,MNE,reading,COMPUTED_PENDING_VALIDATION,
PISA,2022,MNG,mathematics,COMPUTED_PENDING_VALIDATION,
PISA,2022,MNG,science,COMPUTED_PENDING_VALIDATION,
PISA,2022,MNG,reading,COMPUTED_PENDING_VALIDATION,
PISA,2022,MYS,mathematics,COMPUTED_PENDING_VALIDATION,
PISA,2022,MYS,science,COMPUTED_PENDING_VALIDATION,
PISA,2022,MYS,reading,COMPUTED_PENDING_VALIDATION,
PISA,2022,NLD,mathematics,COMPUTED_PENDING_VALIDATION,
PISA,2022,NLD,science,COMPUTED_PENDING_VALIDATION,
PISA,2022,NLD,reading,COMPUTED_PENDING_VALIDATION,
PISA,2022,NOR,mathematics,COMPUTED_PENDING_VALIDATION,
PISA,2022,NOR,science,COMPUTED_PENDING_VALIDATION,
PISA,2022,NOR,reading,COMPUTED_PENDING_VALIDATION,
PISA,2022,NZL,mathematics,COMPUTED_PENDING_VALIDATION,
PISA,2022,NZL,science,COMPUTED_PENDING_VALIDATION,
PISA,2022,NZL,reading,COMPUTED_PENDING_VALIDATION,
PISA,2022,PAN,mathematics,COMPUTED_PENDING_VALIDATION,
PISA,2022,PAN,science,COMPUTED_PENDING_VALIDATION,
PISA,2022,PAN,reading,COMPUTED_PENDING_VALIDATION,
PISA,2022,PER,mathematics,COMPUTED_PENDING_VALIDATION,
PISA,2022,PER,science,COMPUTED_PENDING_VALIDATION,
PISA,2022,PER,reading,COMPUTED_PENDING_VALIDATION,
PISA,2022,PHL,mathematics,COMPUTED_PENDING_VALIDATION,
PISA,2022,PHL,science,COMPUTED_PENDING_VALIDATION,
PISA,2022,PHL,reading,COMPUTED_PENDING_VALIDATION,
PISA,2022,POL,mathematics,COMPUTED_PENDING_VALIDATION,
PISA,2022,POL,science,COMPUTED_PENDING_VALIDATION,
PISA,2022,POL,reading,COMPUTED_PENDING_VALIDATION,
PISA,2022,PRT,mathematics,COMPUTED_PENDING_VALIDATION,
PISA,2022,PRT,science,COMPUTED_PENDING_VALIDATION,
PISA,2022,PRT,reading,COMPUTED_PENDING_VALIDATION,
PISA,2022,PRY,mathematics,COMPUTED_PENDING_VALIDATION,
PISA,2022,PRY,science,COMPUTED_PENDING_VALIDATION,
PISA,2022,PRY,reading,COMPUTED_PENDING_VALIDATION,
PISA,2022,PSE,mathematics,COMPUTED_PENDING_VALIDATION,
PISA,2022,PSE,science,COMPUTED_PENDING_VALIDATION,
PISA,2022,PSE,reading,COMPUTED_PENDING_VALIDATION,
PISA,2022,QAT,mathematics,COMPUTED_PENDING_VALIDATION,
PISA,2022,QAT,science,COMPUTED_PENDING_VALIDATION,
PISA,2022,QAT,reading,COMPUTED_PENDING_VALIDATION,
PISA,2022,QAZ,mathematics,COMPUTED_PENDING_VALIDATION,
PISA,2022,QAZ,science,COMPUTED_PENDING_VALIDATION,
PISA,2022,QAZ,reading,COMPUTED_PENDING_VALIDATION,
PISA,2022,QUR,mathematics,COMPUTED_PENDING_VALIDATION,
PISA,2022,QUR,science,COMPUTED_PENDING_VALIDATION,
PISA,2022,QUR,reading,COMPUTED_PENDING_VALIDATION,
PISA,2022,ROU,mathematics,COMPUTED_PENDING_VALIDATION,
PISA,2022,ROU,science,COMPUTED_PENDING_VALIDATION,
PISA,2022,ROU,reading,COMPUTED_PENDING_VALIDATION,
PISA,2022,SAU,mathematics,COMPUTED_PENDING_VALIDATION,
PISA,2022,SAU,science,COMPUTED_PENDING_VALIDATION,
PISA,2022,SAU,reading,COMPUTED_PENDING_VALIDATION,
PISA,2022,SGP,mathematics,COMPUTED_PENDING_VALIDATION,
PISA,2022,SGP,science,COMPUTED_PENDING_VALIDATION,
PISA,2022,SGP,reading,COMPUTED_PENDING_VALIDATION,
PISA,2022,SLV,mathematics,COMPUTED_PENDING_VALIDATION,
PISA,2022,SLV,science,COMPUTED_PENDING_VALIDATION,
PISA,2022,SLV,reading,COMPUTED_PENDING_VALIDATION,
PISA,2022,SRB,mathematics,COMPUTED_PENDING_VALIDATION,
PISA,2022,SRB,science,COMPUTED_PENDING_VALIDATION,
PISA,2022,SRB,reading,COMPUTED_PENDING_VALIDATION,
PISA,2022,SVK,mathematics,COMPUTED_PENDING_VALIDATION,
PISA,2022,SVK,science,COMPUTED_PENDING_VALIDATION,
PISA,2022,SVK,reading,COMPUTED_PENDING_VALIDATION,
PISA,2022,SVN,mathematics,COMPUTED_PENDING_VALIDATION,
PISA,2022,SVN,science,COMPUTED_PENDING_VALIDATION,
PISA,2022,SVN,reading,COMPUTED_PENDING_VALIDATION,
PISA,2022,SWE,mathematics,COMPUTED_PENDING_VALIDATION,
PISA,2022,SWE,science,COMPUTED_PENDING_VALIDATION,
PISA,2022,SWE,reading,COMPUTED_PENDING_VALIDATION,
PISA,2022,TAP,mathematics,COMPUTED_PENDING_VALIDATION,
PISA,2022,TAP,science,COMPUTED_PENDING_VALIDATION,
PISA,2022,TAP,reading,COMPUTED_PENDING_VALIDATION,
PISA,2022,THA,mathematics,COMPUTED_PENDING_VALIDATION,
PISA,2022,THA,science,COMPUTED_PENDING_VALIDATION,
PISA,2022,THA,reading,COMPUTED_PENDING_VALIDATION,
PISA,2022,TUR,mathematics,COMPUTED_PENDING_VALIDATION,
PISA,2022,TUR,science,COMPUTED_PENDING_VALIDATION,
PISA,2022,TUR,reading,COMPUTED_PENDING_VALIDATION,
PISA,2022,URY,mathematics,COMPUTED_PENDING_VALIDATION,
PISA,2022,URY,science,COMPUTED_PENDING_VALIDATION,
PISA,2022,URY,reading,COMPUTED_PENDING_VALIDATION,
PISA,2022,USA,mathematics,COMPUTED_PENDING_VALIDATION,
PISA,2022,USA,science,COMPUTED_PENDING_VALIDATION,
PISA,2022,USA,reading,COMPUTED_PENDING_VALIDATION,
PISA,2022,UZB,mathematics,COMPUTED_PENDING_VALIDATION,
PISA,2022,UZB,science,COMPUTED_PENDING_VALIDATION,
PISA,2022,UZB,reading,COMPUTED_PENDING_VALIDATION,
PISA,2022,VNM,mathematics,COMPUTED_PENDING_VALIDATION,
PISA,2022,VNM,science,COMPUTED_PENDING_VALIDATION,
PISA,2022,VNM,reading,COMPUTED_PENDING_VALIDATION,
PISA,2025,ALB,mathematics,COMPUTED_PENDING_VALIDATION,
PISA,2025,ALB,science,COMPUTED_PENDING_VALIDATION,
PISA,2025,ALB,reading,COMPUTED_PENDING_VALIDATION,
PISA,2025,ARE,mathematics,COMPUTED_PENDING_VALIDATION,
PISA,2025,ARE,science,COMPUTED_PENDING_VALIDATION,
PISA,2025,ARE,reading,COMPUTED_PENDING_VALIDATION,
PISA,2025,ARG,mathematics,COMPUTED_PENDING_VALIDATION,
PISA,2025,ARG,science,COMPUTED_PENDING_VALIDATION,
PISA,2025,ARG,reading,COMPUTED_PENDING_VALIDATION,
PISA,2025,ARM,mathematics,COMPUTED_PENDING_VALIDATION,
PISA,2025,ARM,science,COMPUTED_PENDING_VALIDATION,
PISA,2025,ARM,reading,COMPUTED_PENDING_VALIDATION,
PISA,2025,AUS,mathematics,COMPUTED_PENDING_VALIDATION,
PISA,2025,AUS,science,COMPUTED_PENDING_VALIDATION,
PISA,2025,AUS,reading,COMPUTED_PENDING_VALIDATION,
PISA,2025,AUT,mathematics,COMPUTED_PENDING_VALIDATION,
PISA,2025,AUT,science,COMPUTED_PENDING_VALIDATION,
PISA,2025,AUT,reading,COMPUTED_PENDING_VALIDATION,
PISA,2025,AZE,mathematics,COMPUTED_PENDING_VALIDATION,
PISA,2025,AZE,science,COMPUTED_PENDING_VALIDATION,
PISA,2025,AZE,reading,COMPUTED_PENDING_VALIDATION,
PISA,2025,BEL,mathematics,COMPUTED_PENDING_VALIDATION,
PISA,2025,BEL,science,COMPUTED_PENDING_VALIDATION,
PISA,2025,BEL,reading,COMPUTED_PENDING_VALIDATION,
PISA,2025,BGR,mathematics,COMPUTED_PENDING_VALIDATION,
PISA,2025,BGR,science,COMPUTED_PENDING_VALIDATION,
PISA,2025,BGR,reading,COMPUTED_PENDING_VALIDATION,
PISA,2025,BRA,mathematics,COMPUTED_PENDING_VALIDATION,
PISA,2025,BRA,science,COMPUTED_PENDING_VALIDATION,
PISA,2025,BRA,reading,COMPUTED_PENDING_VALIDATION,
PISA,2025,BRN,mathematics,COMPUTED_PENDING_VALIDATION,
PISA,2025,BRN,science,COMPUTED_PENDING_VALIDATION,
PISA,2025,BRN,reading,COMPUTED_PENDING_VALIDATION,
PISA,2025,CAN,mathematics,COMPUTED_PENDING_VALIDATION,
PISA,2025,CAN,science,COMPUTED_PENDING_VALIDATION,
PISA,2025,CAN,reading,COMPUTED_PENDING_VALIDATION,
PISA,2025,CHE,mathematics,COMPUTED_PENDING_VALIDATION,
PISA,2025,CHE,science,COMPUTED_PENDING_VALIDATION,
PISA,2025,CHE,reading,COMPUTED_PENDING_VALIDATION,
PISA,2025,CHL,mathematics,COMPUTED_PENDING_VALIDATION,
PISA,2025,CHL,science,COMPUTED_PENDING_VALIDATION,
PISA,2025,CHL,reading,COMPUTED_PENDING_VALIDATION,
PISA,2025,COL,mathematics,COMPUTED_PENDING_VALIDATION,
PISA,2025,COL,science,COMPUTED_PENDING_VALIDATION,
PISA,2025,COL,reading,COMPUTED_PENDING_VALIDATION,
PISA,2025,CRI,mathematics,COMPUTED_PENDING_VALIDATION,
PISA,2025,CRI,science,COMPUTED_PENDING_VALIDATION,
PISA,2025,CRI,reading,COMPUTED_PENDING_VALIDATION,
PISA,2025,CZE,mathematics,COMPUTED_PENDING_VALIDATION,
PISA,2025,CZE,science,COMPUTED_PENDING_VALIDATION,
PISA,2025,CZE,reading,COMPUTED_PENDING_VALIDATION,
PISA,2025,DEU,mathematics,COMPUTED_PENDING_VALIDATION,
PISA,2025,DEU,science,COMPUTED_PENDING_VALIDATION,
PISA,2025,DEU,reading,COMPUTED_PENDING_VALIDATION,
PISA,2025,DNK,mathematics,COMPUTED_PENDING_VALIDATION,
PISA,2025,DNK,science,COMPUTED_PENDING_VALIDATION,
PISA,2025,DNK,reading,COMPUTED_PENDING_VALIDATION,
PISA,2025,DOM,mathematics,COMPUTED_PENDING_VALIDATION,
PISA,2025,DOM,science,COMPUTED_PENDING_VALIDATION,
PISA,2025,DOM,reading,COMPUTED_PENDING_VALIDATION,
PISA,2025,ECU,mathematics,COMPUTED_PENDING_VALIDATION,
PISA,2025,ECU,science,COMPUTED_PENDING_VALIDATION,
PISA,2025,ECU,reading,COMPUTED_PENDING_VALIDATION,
PISA,2025,ESP,mathematics,COMPUTED_PENDING_VALIDATION,
PISA,2025,ESP,science,COMPUTED_PENDING_VALIDATION,
PISA,2025,ESP,reading,COMPUTED_PENDING_VALIDATION,
PISA,2025,EST,mathematics,COMPUTED_PENDING_VALIDATION,
PISA,2025,EST,science,COMPUTED_PENDING_VALIDATION,
PISA,2025,EST,reading,COMPUTED_PENDING_VALIDATION,
PISA,2025,FIN,mathematics,COMPUTED_PENDING_VALIDATION,
PISA,2025,FIN,science,COMPUTED_PENDING_VALIDATION,
PISA,2025,FIN,reading,COMPUTED_PENDING_VALIDATION,
PISA,2025,FRA,mathematics,COMPUTED_PENDING_VALIDATION,
PISA,2025,FRA,science,COMPUTED_PENDING_VALIDATION,
PISA,2025,FRA,reading,COMPUTED_PENDING_VALIDATION,
PISA,2025,GBR,mathematics,COMPUTED_PENDING_VALIDATION,
PISA,2025,GBR,science,COMPUTED_PENDING_VALIDATION,
PISA,2025,GBR,reading,COMPUTED_PENDING_VALIDATION,
PISA,2025,GEO,mathematics,COMPUTED_PENDING_VALIDATION,
PISA,2025,GEO,science,COMPUTED_PENDING_VALIDATION,
PISA,2025,GEO,reading,COMPUTED_PENDING_VALIDATION,
PISA,2025,GRC,mathematics,COMPUTED_PENDING_VALIDATION,
PISA,2025,GRC,science,COMPUTED_PENDING_VALIDATION,
PISA,2025,GRC,reading,COMPUTED_PENDING_VALIDATION,
PISA,2025,GTM,mathematics,COMPUTED_PENDING_VALIDATION,
PISA,2025,GTM,science,COMPUTED_PENDING_VALIDATION,
PISA,2025,GTM,reading,COMPUTED_PENDING_VALIDATION,
PISA,2025,HKG,mathematics,COMPUTED_PENDING_VALIDATION,
PISA,2025,HKG,science,COMPUTED_PENDING_VALIDATION,
PISA,2025,HKG,reading,COMPUTED_PENDING_VALIDATION,
PISA,2025,HRV,mathematics,COMPUTED_PENDING_VALIDATION,
PISA,2025,HRV,science,COMPUTED_PENDING_VALIDATION,
PISA,2025,HRV,reading,COMPUTED_PENDING_VALIDATION,
PISA,2025,HUN,mathematics,COMPUTED_PENDING_VALIDATION,
PISA,2025,HUN,science,COMPUTED_PENDING_VALIDATION,
PISA,2025,HUN,reading,COMPUTED_PENDING_VALIDATION,
PISA,2025,IDN,mathematics,COMPUTED_PENDING_VALIDATION,
PISA,2025,IDN,science,COMPUTED_PENDING_VALIDATION,
PISA,2025,IDN,reading,COMPUTED_PENDING_VALIDATION,
PISA,2025,IRL,mathematics,COMPUTED_PENDING_VALIDATION,
PISA,2025,IRL,science,COMPUTED_PENDING_VALIDATION,
PISA,2025,IRL,reading,COMPUTED_PENDING_VALIDATION,
PISA,2025,ISL,mathematics,COMPUTED_PENDING_VALIDATION,
PISA,2025,ISL,science,COMPUTED_PENDING_VALIDATION,
PISA,2025,ISL,reading,COMPUTED_PENDING_VALIDATION,
PISA,2025,ISR,mathematics,COMPUTED_PENDING_VALIDATION,
PISA,2025,ISR,science,COMPUTED_PENDING_VALIDATION,
PISA,2025,ISR,reading,COMPUTED_PENDING_VALIDATION,
PISA,2025,ITA,mathematics,COMPUTED_PENDING_VALIDATION,
PISA,2025,ITA,science,COMPUTED_PENDING_VALIDATION,
PISA,2025,ITA,reading,COMPUTED_PENDING_VALIDATION,
PISA,2025,JOR,mathematics,COMPUTED_PENDING_VALIDATION,
PISA,2025,JOR,science,COMPUTED_PENDING_VALIDATION,
PISA,2025,JOR,reading,COMPUTED_PENDING_VALIDATION,
PISA,2025,JPN,mathematics,COMPUTED_PENDING_VALIDATION,
PISA,2025,JPN,science,COMPUTED_PENDING_VALIDATION,
PISA,2025,JPN,reading,COMPUTED_PENDING_VALIDATION,
PISA,2025,KAZ,mathematics,COMPUTED_PENDING_VALIDATION,
PISA,2025,KAZ,science,COMPUTED_PENDING_VALIDATION,
PISA,2025,KAZ,reading,COMPUTED_PENDING_VALIDATION,
PISA,2025,KEN,mathematics,COMPUTED_PENDING_VALIDATION,
PISA,2025,KEN,science,COMPUTED_PENDING_VALIDATION,
PISA,2025,KEN,reading,COMPUTED_PENDING_VALIDATION,
PISA,2025,KGZ,mathematics,COMPUTED_PENDING_VALIDATION,
PISA,2025,KGZ,science,COMPUTED_PENDING_VALIDATION,
PISA,2025,KGZ,reading,COMPUTED_PENDING_VALIDATION,
PISA,2025,KHM,mathematics,COMPUTED_PENDING_VALIDATION,
PISA,2025,KHM,science,COMPUTED_PENDING_VALIDATION,
PISA,2025,KHM,reading,COMPUTED_PENDING_VALIDATION,
PISA,2025,KOR,mathematics,COMPUTED_PENDING_VALIDATION,
PISA,2025,KOR,science,COMPUTED_PENDING_VALIDATION,
PISA,2025,KOR,reading,COMPUTED_PENDING_VALIDATION,
PISA,2025,KSV,mathematics,COMPUTED_PENDING_VALIDATION,
PISA,2025,KSV,science,COMPUTED_PENDING_VALIDATION,
PISA,2025,KSV,reading,COMPUTED_PENDING_VALIDATION,
PISA,2025,LBN,mathematics,COMPUTED_PENDING_VALIDATION,
PISA,2025,LBN,science,COMPUTED_PENDING_VALIDATION,
PISA,2025,LBN,reading,COMPUTED_PENDING_VALIDATION,
PISA,2025,LTU,mathematics,COMPUTED_PENDING_VALIDATION,
PISA,2025,LTU,science,COMPUTED_PENDING_VALIDATION,
PISA,2025,LTU,reading,COMPUTED_PENDING_VALIDATION,
PISA,2025,LUX,mathematics,COMPUTED_PENDING_VALIDATION,
PISA,2025,LUX,science,COMPUTED_PENDING_VALIDATION,
PISA,2025,LUX,reading,COMPUTED_PENDING_VALIDATION,
PISA,2025,LVA,mathematics,COMPUTED_PENDING_VALIDATION,
PISA,2025,LVA,science,COMPUTED_PENDING_VALIDATION,
PISA,2025,LVA,reading,COMPUTED_PENDING_VALIDATION,
PISA,2025,MAC,mathematics,COMPUTED_PENDING_VALIDATION,
PISA,2025,MAC,science,COMPUTED_PENDING_VALIDATION,
PISA,2025,MAC,reading,COMPUTED_PENDING_VALIDATION,
PISA,2025,MAR,mathematics,COMPUTED_PENDING_VALIDATION,
PISA,2025,MAR,science,COMPUTED_PENDING_VALIDATION,
PISA,2025,MAR,reading,COMPUTED_PENDING_VALIDATION,
PISA,2025,MDA,mathematics,COMPUTED_PENDING_VALIDATION,
PISA,2025,MDA,science,COMPUTED_PENDING_VALIDATION,
PISA,2025,MDA,reading,COMPUTED_PENDING_VALIDATION,
PISA,2025,MEX,mathematics,COMPUTED_PENDING_VALIDATION,
PISA,2025,MEX,science,COMPUTED_PENDING_VALIDATION,
PISA,2025,MEX,reading,COMPUTED_PENDING_VALIDATION,
PISA,2025,MKD,mathematics,COMPUTED_PENDING_VALIDATION,
PISA,2025,MKD,science,COMPUTED_PENDING_VALIDATION,
PISA,2025,MKD,reading,COMPUTED_PENDING_VALIDATION,
PISA,2025,MLT,mathematics,COMPUTED_PENDING_VALIDATION,
PISA,2025,MLT,science,COMPUTED_PENDING_VALIDATION,
PISA,2025,MLT,reading,COMPUTED_PENDING_VALIDATION,
PISA,2025,MNE,mathematics,COMPUTED_PENDING_VALIDATION,
PISA,2025,MNE,science,COMPUTED_PENDING_VALIDATION,
PISA,2025,MNE,reading,COMPUTED_PENDING_VALIDATION,
PISA,2025,MNG,mathematics,COMPUTED_PENDING_VALIDATION,
PISA,2025,MNG,science,COMPUTED_PENDING_VALIDATION,
PISA,2025,MNG,reading,COMPUTED_PENDING_VALIDATION,
PISA,2025,MUS,mathematics,COMPUTED_PENDING_VALIDATION,
PISA,2025,MUS,science,COMPUTED_PENDING_VALIDATION,
PISA,2025,MUS,reading,COMPUTED_PENDING_VALIDATION,
PISA,2025,MYS,mathematics,COMPUTED_PENDING_VALIDATION,
PISA,2025,MYS,science,COMPUTED_PENDING_VALIDATION,
PISA,2025,MYS,reading,COMPUTED_PENDING_VALIDATION,
PISA,2025,NLD,mathematics,COMPUTED_PENDING_VALIDATION,
PISA,2025,NLD,science,COMPUTED_PENDING_VALIDATION,
PISA,2025,NLD,reading,COMPUTED_PENDING_VALIDATION,
PISA,2025,NOR,mathematics,COMPUTED_PENDING_VALIDATION,
PISA,2025,NOR,science,COMPUTED_PENDING_VALIDATION,
PISA,2025,NOR,reading,COMPUTED_PENDING_VALIDATION,
PISA,2025,NZL,mathematics,COMPUTED_PENDING_VALIDATION,
PISA,2025,NZL,science,COMPUTED_PENDING_VALIDATION,
PISA,2025,NZL,reading,COMPUTED_PENDING_VALIDATION,
PISA,2025,PER,mathematics,COMPUTED_PENDING_VALIDATION,
PISA,2025,PER,science,COMPUTED_PENDING_VALIDATION,
PISA,2025,PER,reading,COMPUTED_PENDING_VALIDATION,
PISA,2025,PHL,mathematics,COMPUTED_PENDING_VALIDATION,
PISA,2025,PHL,science,COMPUTED_PENDING_VALIDATION,
PISA,2025,PHL,reading,COMPUTED_PENDING_VALIDATION,
PISA,2025,POL,mathematics,COMPUTED_PENDING_VALIDATION,
PISA,2025,POL,science,COMPUTED_PENDING_VALIDATION,
PISA,2025,POL,reading,COMPUTED_PENDING_VALIDATION,
PISA,2025,PRT,mathematics,COMPUTED_PENDING_VALIDATION,
PISA,2025,PRT,science,COMPUTED_PENDING_VALIDATION,
PISA,2025,PRT,reading,COMPUTED_PENDING_VALIDATION,
PISA,2025,PRY,mathematics,COMPUTED_PENDING_VALIDATION,
PISA,2025,PRY,science,COMPUTED_PENDING_VALIDATION,
PISA,2025,PRY,reading,COMPUTED_PENDING_VALIDATION,
PISA,2025,PSE,mathematics,COMPUTED_PENDING_VALIDATION,
PISA,2025,PSE,science,COMPUTED_PENDING_VALIDATION,
PISA,2025,PSE,reading,COMPUTED_PENDING_VALIDATION,
PISA,2025,QAT,mathematics,COMPUTED_PENDING_VALIDATION,
PISA,2025,QAT,science,COMPUTED_PENDING_VALIDATION,
PISA,2025,QAT,reading,COMPUTED_PENDING_VALIDATION,
PISA,2025,QCI,mathematics,COMPUTED_PENDING_VALIDATION,
PISA,2025,QCI,science,COMPUTED_PENDING_VALIDATION,
PISA,2025,QCI,reading,COMPUTED_PENDING_VALIDATION,
PISA,2025,QKI,mathematics,COMPUTED_PENDING_VALIDATION,
PISA,2025,QKI,science,COMPUTED_PENDING_VALIDATION,
PISA,2025,QKI,reading,COMPUTED_PENDING_VALIDATION,
PISA,2025,QTJ,mathematics,COMPUTED_PENDING_VALIDATION,
PISA,2025,QTJ,science,COMPUTED_PENDING_VALIDATION,
PISA,2025,QTJ,reading,COMPUTED_PENDING_VALIDATION,
PISA,2025,QUA,mathematics,COMPUTED_PENDING_VALIDATION,
PISA,2025,QUA,science,COMPUTED_PENDING_VALIDATION,
PISA,2025,QUA,reading,COMPUTED_PENDING_VALIDATION,
PISA,2025,ROU,mathematics,COMPUTED_PENDING_VALIDATION,
PISA,2025,ROU,science,COMPUTED_PENDING_VALIDATION,
PISA,2025,ROU,reading,COMPUTED_PENDING_VALIDATION,
PISA,2025,RWA,mathematics,COMPUTED_PENDING_VALIDATION,
PISA,2025,RWA,science,COMPUTED_PENDING_VALIDATION,
PISA,2025,RWA,reading,COMPUTED_PENDING_VALIDATION,
PISA,2025,SAU,mathematics,COMPUTED_PENDING_VALIDATION,
PISA,2025,SAU,science,COMPUTED_PENDING_VALIDATION,
PISA,2025,SAU,reading,COMPUTED_PENDING_VALIDATION,
PISA,2025,SGP,mathematics,COMPUTED_PENDING_VALIDATION,
PISA,2025,SGP,science,COMPUTED_PENDING_VALIDATION,
PISA,2025,SGP,reading,COMPUTED_PENDING_VALIDATION,
PISA,2025,SLV,mathematics,COMPUTED_PENDING_VALIDATION,
PISA,2025,SLV,science,COMPUTED_PENDING_VALIDATION,
PISA,2025,SLV,reading,COMPUTED_PENDING_VALIDATION,
PISA,2025,SRB,mathematics,COMPUTED_PENDING_VALIDATION,
PISA,2025,SRB,science,COMPUTED_PENDING_VALIDATION,
PISA,2025,SRB,reading,COMPUTED_PENDING_VALIDATION,
PISA,2025,SVK,mathematics,COMPUTED_PENDING_VALIDATION,
PISA,2025,SVK,science,COMPUTED_PENDING_VALIDATION,
PISA,2025,SVK,reading,COMPUTED_PENDING_VALIDATION,
PISA,2025,SVN,mathematics,COMPUTED_PENDING_VALIDATION,
PISA,2025,SVN,science,COMPUTED_PENDING_VALIDATION,
PISA,2025,SVN,reading,COMPUTED_PENDING_VALIDATION,
PISA,2025,SWE,mathematics,COMPUTED_PENDING_VALIDATION,
PISA,2025,SWE,science,COMPUTED_PENDING_VALIDATION,
PISA,2025,SWE,reading,COMPUTED_PENDING_VALIDATION,
PISA,2025,TAP,mathematics,COMPUTED_PENDING_VALIDATION,
PISA,2025,TAP,science,COMPUTED_PENDING_VALIDATION,
PISA,2025,TAP,reading,COMPUTED_PENDING_VALIDATION,
PISA,2025,THA,mathematics,COMPUTED_PENDING_VALIDATION,
PISA,2025,THA,science,COMPUTED_PENDING_VALIDATION,
PISA,2025,THA,reading,COMPUTED_PENDING_VALIDATION,
PISA,2025,TUR,mathematics,COMPUTED_PENDING_VALIDATION,
PISA,2025,TUR,science,COMPUTED_PENDING_VALIDATION,
PISA,2025,TUR,reading,COMPUTED_PENDING_VALIDATION,
PISA,2025,URY,mathematics,COMPUTED_PENDING_VALIDATION,
PISA,2025,URY,science,COMPUTED_PENDING_VALIDATION,
PISA,2025,URY,reading,COMPUTED_PENDING_VALIDATION,
PISA,2025,USA,mathematics,COMPUTED_PENDING_VALIDATION,
PISA,2025,USA,science,COMPUTED_PENDING_VALIDATION,
PISA,2025,USA,reading,COMPUTED_PENDING_VALIDATION,
PISA,2025,UZB,mathematics,COMPUTED_PENDING_VALIDATION,
PISA,2025,UZB,science,COMPUTED_PENDING_VALIDATION,
PISA,2025,UZB,reading,COMPUTED_PENDING_VALIDATION,
PISA,2025,VNM,mathematics,COMPUTED_PENDING_VALIDATION,
PISA,2025,VNM,science,COMPUTED_PENDING_VALIDATION,
PISA,2025,VNM,reading,COMPUTED_PENDING_VALIDATION,
PISA,2025,ZMB,mathematics,COMPUTED_PENDING_VALIDATION,
PISA,2025,ZMB,science,COMPUTED_PENDING_VALIDATION,
PISA,2025,ZMB,reading,COMPUTED_PENDING_VALIDATION,
TIMSS,1995,AUS,mathematics,COMPUTED_PENDING_VALIDATION,
TIMSS,1995,AUS,science,COMPUTED_PENDING_VALIDATION,
TIMSS,1995,AUT,mathematics,COMPUTED_PENDING_VALIDATION,
TIMSS,1995,AUT,science,COMPUTED_PENDING_VALIDATION,
TIMSS,1995,CAN,mathematics,COMPUTED_PENDING_VALIDATION,
TIMSS,1995,CAN,science,COMPUTED_PENDING_VALIDATION,
TIMSS,1995,CYP,mathematics,COMPUTED_PENDING_VALIDATION,
TIMSS,1995,CYP,science,COMPUTED_PENDING_VALIDATION,
TIMSS,1995,CZE,mathematics,COMPUTED_PENDING_VALIDATION,
TIMSS,1995,CZE,science,COMPUTED_PENDING_VALIDATION,
TIMSS,1995,ENG,mathematics,COMPUTED_PENDING_VALIDATION,
TIMSS,1995,ENG,science,COMPUTED_PENDING_VALIDATION,
TIMSS,1995,GRC,mathematics,COMPUTED_PENDING_VALIDATION,
TIMSS,1995,GRC,science,COMPUTED_PENDING_VALIDATION,
TIMSS,1995,HKG,mathematics,COMPUTED_PENDING_VALIDATION,
TIMSS,1995,HKG,science,COMPUTED_PENDING_VALIDATION,
TIMSS,1995,HUN,mathematics,COMPUTED_PENDING_VALIDATION,
TIMSS,1995,HUN,science,COMPUTED_PENDING_VALIDATION,
TIMSS,1995,IRL,mathematics,COMPUTED_PENDING_VALIDATION,
TIMSS,1995,IRL,science,COMPUTED_PENDING_VALIDATION,
TIMSS,1995,IRN,mathematics,COMPUTED_PENDING_VALIDATION,
TIMSS,1995,IRN,science,COMPUTED_PENDING_VALIDATION,
TIMSS,1995,ISL,mathematics,COMPUTED_PENDING_VALIDATION,
TIMSS,1995,ISL,science,COMPUTED_PENDING_VALIDATION,
TIMSS,1995,ISR,mathematics,COMPUTED_PENDING_VALIDATION,
TIMSS,1995,ISR,science,COMPUTED_PENDING_VALIDATION,
TIMSS,1995,JPN,mathematics,COMPUTED_PENDING_VALIDATION,
TIMSS,1995,JPN,science,COMPUTED_PENDING_VALIDATION,
TIMSS,1995,KOR,mathematics,COMPUTED_PENDING_VALIDATION,
TIMSS,1995,KOR,science,COMPUTED_PENDING_VALIDATION,
TIMSS,1995,KWT,mathematics,COMPUTED_PENDING_VALIDATION,
TIMSS,1995,KWT,science,COMPUTED_PENDING_VALIDATION,
TIMSS,1995,LVA,mathematics,COMPUTED_PENDING_VALIDATION,
TIMSS,1995,LVA,science,COMPUTED_PENDING_VALIDATION,
TIMSS,1995,NLD,mathematics,COMPUTED_PENDING_VALIDATION,
TIMSS,1995,NLD,science,COMPUTED_PENDING_VALIDATION,
TIMSS,1995,NOR,mathematics,COMPUTED_PENDING_VALIDATION,
TIMSS,1995,NOR,science,COMPUTED_PENDING_VALIDATION,
TIMSS,1995,NZL,mathematics,COMPUTED_PENDING_VALIDATION,
TIMSS,1995,NZL,science,COMPUTED_PENDING_VALIDATION,
TIMSS,1995,PRT,mathematics,COMPUTED_PENDING_VALIDATION,
TIMSS,1995,PRT,science,COMPUTED_PENDING_VALIDATION,
TIMSS,1995,SCO,mathematics,COMPUTED_PENDING_VALIDATION,
TIMSS,1995,SCO,science,COMPUTED_PENDING_VALIDATION,
TIMSS,1995,SGP,mathematics,COMPUTED_PENDING_VALIDATION,
TIMSS,1995,SGP,science,COMPUTED_PENDING_VALIDATION,
TIMSS,1995,SVN,mathematics,COMPUTED_PENDING_VALIDATION,
TIMSS,1995,SVN,science,COMPUTED_PENDING_VALIDATION,
TIMSS,1995,THA,mathematics,COMPUTED_PENDING_VALIDATION,
TIMSS,1995,THA,science,COMPUTED_PENDING_VALIDATION,
TIMSS,1995,USA,mathematics,COMPUTED_PENDING_VALIDATION,
TIMSS,1995,USA,science,COMPUTED_PENDING_VALIDATION,
TIMSS,2003,ARM,mathematics,COMPUTED_PENDING_VALIDATION,
TIMSS,2003,ARM,science,COMPUTED_PENDING_VALIDATION,
TIMSS,2003,AUS,mathematics,COMPUTED_PENDING_VALIDATION,
TIMSS,2003,AUS,science,COMPUTED_PENDING_VALIDATION,
TIMSS,2003,BFL,mathematics,COMPUTED_PENDING_VALIDATION,
TIMSS,2003,BFL,science,COMPUTED_PENDING_VALIDATION,
TIMSS,2003,COT,mathematics,COMPUTED_PENDING_VALIDATION,
TIMSS,2003,COT,science,COMPUTED_PENDING_VALIDATION,
TIMSS,2003,CQU,mathematics,COMPUTED_PENDING_VALIDATION,
TIMSS,2003,CQU,science,COMPUTED_PENDING_VALIDATION,
TIMSS,2003,CYP,mathematics,COMPUTED_PENDING_VALIDATION,
TIMSS,2003,CYP,science,COMPUTED_PENDING_VALIDATION,
TIMSS,2003,ENG,mathematics,COMPUTED_PENDING_VALIDATION,
TIMSS,2003,ENG,science,COMPUTED_PENDING_VALIDATION,
TIMSS,2003,HKG,mathematics,COMPUTED_PENDING_VALIDATION,
TIMSS,2003,HKG,science,COMPUTED_PENDING_VALIDATION,
TIMSS,2003,HUN,mathematics,COMPUTED_PENDING_VALIDATION,
TIMSS,2003,HUN,science,COMPUTED_PENDING_VALIDATION,
TIMSS,2003,IRN,mathematics,COMPUTED_PENDING_VALIDATION,
TIMSS,2003,IRN,science,COMPUTED_PENDING_VALIDATION,
TIMSS,2003,ITA,mathematics,COMPUTED_PENDING_VALIDATION,
TIMSS,2003,ITA,science,COMPUTED_PENDING_VALIDATION,
TIMSS,2003,JPN,mathematics,COMPUTED_PENDING_VALIDATION,
TIMSS,2003,JPN,science,COMPUTED_PENDING_VALIDATION,
TIMSS,2003,LTU,mathematics,COMPUTED_PENDING_VALIDATION,
TIMSS,2003,LTU,science,COMPUTED_PENDING_VALIDATION,
TIMSS,2003,LVA,mathematics,COMPUTED_PENDING_VALIDATION,
TIMSS,2003,LVA,science,COMPUTED_PENDING_VALIDATION,
TIMSS,2003,MAR,mathematics,COMPUTED_PENDING_VALIDATION,
TIMSS,2003,MAR,science,COMPUTED_PENDING_VALIDATION,
TIMSS,2003,MDA,mathematics,COMPUTED_PENDING_VALIDATION,
TIMSS,2003,MDA,science,COMPUTED_PENDING_VALIDATION,
TIMSS,2003,NLD,mathematics,COMPUTED_PENDING_VALIDATION,
TIMSS,2003,NLD,science,COMPUTED_PENDING_VALIDATION,
TIMSS,2003,NOR,mathematics,COMPUTED_PENDING_VALIDATION,
TIMSS,2003,NOR,science,COMPUTED_PENDING_VALIDATION,
TIMSS,2003,NZL,mathematics,COMPUTED_PENDING_VALIDATION,
TIMSS,2003,NZL,science,COMPUTED_PENDING_VALIDATION,
TIMSS,2003,PHL,mathematics,COMPUTED_PENDING_VALIDATION,
TIMSS,2003,PHL,science,COMPUTED_PENDING_VALIDATION,
TIMSS,2003,RUS,mathematics,COMPUTED_PENDING_VALIDATION,
TIMSS,2003,RUS,science,COMPUTED_PENDING_VALIDATION,
TIMSS,2003,SCO,mathematics,COMPUTED_PENDING_VALIDATION,
TIMSS,2003,SCO,science,COMPUTED_PENDING_VALIDATION,
TIMSS,2003,SGP,mathematics,COMPUTED_PENDING_VALIDATION,
TIMSS,2003,SGP,science,COMPUTED_PENDING_VALIDATION,
TIMSS,2003,SVN,mathematics,COMPUTED_PENDING_VALIDATION,
TIMSS,2003,SVN,science,COMPUTED_PENDING_VALIDATION,
TIMSS,2003,TUN,mathematics,COMPUTED_PENDING_VALIDATION,
TIMSS,2003,TUN,science,COMPUTED_PENDING_VALIDATION,
TIMSS,2003,TWN,mathematics,COMPUTED_PENDING_VALIDATION,
TIMSS,2003,TWN,science,COMPUTED_PENDING_VALIDATION,
TIMSS,2003,UIN,mathematics,COMPUTED_PENDING_VALIDATION,
TIMSS,2003,UIN,science,COMPUTED_PENDING_VALIDATION,
TIMSS,2003,USA,mathematics,COMPUTED_PENDING_VALIDATION,
TIMSS,2003,USA,science,COMPUTED_PENDING_VALIDATION,
TIMSS,2003,YEM,mathematics,COMPUTED_PENDING_VALIDATION,
TIMSS,2003,YEM,science,COMPUTED_PENDING_VALIDATION,
TIMSS,2007,ADU,mathematics,COMPUTED_PENDING_VALIDATION,
TIMSS,2007,ADU,science,COMPUTED_PENDING_VALIDATION,
TIMSS,2007,ARM,mathematics,COMPUTED_PENDING_VALIDATION,
TIMSS,2007,ARM,science,COMPUTED_PENDING_VALIDATION,
TIMSS,2007,AUS,mathematics,COMPUTED_PENDING_VALIDATION,
TIMSS,2007,AUS,science,COMPUTED_PENDING_VALIDATION,
TIMSS,2007,AUT,mathematics,COMPUTED_PENDING_VALIDATION,
TIMSS,2007,AUT,science,COMPUTED_PENDING_VALIDATION,
TIMSS,2007,CAB,mathematics,COMPUTED_PENDING_VALIDATION,
TIMSS,2007,CAB,science,COMPUTED_PENDING_VALIDATION,
TIMSS,2007,CBC,mathematics,COMPUTED_PENDING_VALIDATION,
TIMSS,2007,CBC,science,COMPUTED_PENDING_VALIDATION,
TIMSS,2007,COL,mathematics,COMPUTED_PENDING_VALIDATION,
TIMSS,2007,COL,science,COMPUTED_PENDING_VALIDATION,
TIMSS,2007,COT,mathematics,COMPUTED_PENDING_VALIDATION,
TIMSS,2007,COT,science,COMPUTED_PENDING_VALIDATION,
TIMSS,2007,CQU,mathematics,COMPUTED_PENDING_VALIDATION,
TIMSS,2007,CQU,science,COMPUTED_PENDING_VALIDATION,
TIMSS,2007,CZE,mathematics,COMPUTED_PENDING_VALIDATION,
TIMSS,2007,CZE,science,COMPUTED_PENDING_VALIDATION,
TIMSS,2007,DEU,mathematics,COMPUTED_PENDING_VALIDATION,
TIMSS,2007,DEU,science,COMPUTED_PENDING_VALIDATION,
TIMSS,2007,DNK,mathematics,COMPUTED_PENDING_VALIDATION,
TIMSS,2007,DNK,science,COMPUTED_PENDING_VALIDATION,
TIMSS,2007,DZA,mathematics,COMPUTED_PENDING_VALIDATION,
TIMSS,2007,DZA,science,COMPUTED_PENDING_VALIDATION,
TIMSS,2007,ENG,mathematics,COMPUTED_PENDING_VALIDATION,
TIMSS,2007,ENG,science,COMPUTED_PENDING_VALIDATION,
TIMSS,2007,GEO,mathematics,COMPUTED_PENDING_VALIDATION,
TIMSS,2007,GEO,science,COMPUTED_PENDING_VALIDATION,
TIMSS,2007,HKG,mathematics,COMPUTED_PENDING_VALIDATION,
TIMSS,2007,HKG,science,COMPUTED_PENDING_VALIDATION,
TIMSS,2007,HUN,mathematics,COMPUTED_PENDING_VALIDATION,
TIMSS,2007,HUN,science,COMPUTED_PENDING_VALIDATION,
TIMSS,2007,IRN,mathematics,COMPUTED_PENDING_VALIDATION,
TIMSS,2007,IRN,science,COMPUTED_PENDING_VALIDATION,
TIMSS,2007,ITA,mathematics,COMPUTED_PENDING_VALIDATION,
TIMSS,2007,ITA,science,COMPUTED_PENDING_VALIDATION,
TIMSS,2007,JPN,mathematics,COMPUTED_PENDING_VALIDATION,
TIMSS,2007,JPN,science,COMPUTED_PENDING_VALIDATION,
TIMSS,2007,KAZ,mathematics,COMPUTED_PENDING_VALIDATION,
TIMSS,2007,KAZ,science,COMPUTED_PENDING_VALIDATION,
TIMSS,2007,KWT,mathematics,COMPUTED_PENDING_VALIDATION,
TIMSS,2007,KWT,science,COMPUTED_PENDING_VALIDATION,
TIMSS,2007,LTU,mathematics,COMPUTED_PENDING_VALIDATION,
TIMSS,2007,LTU,science,COMPUTED_PENDING_VALIDATION,
TIMSS,2007,LVA,mathematics,COMPUTED_PENDING_VALIDATION,
TIMSS,2007,LVA,science,COMPUTED_PENDING_VALIDATION,
TIMSS,2007,MAR,mathematics,COMPUTED_PENDING_VALIDATION,
TIMSS,2007,MAR,science,COMPUTED_PENDING_VALIDATION,
TIMSS,2007,MNG,mathematics,COMPUTED_PENDING_VALIDATION,
TIMSS,2007,MNG,science,COMPUTED_PENDING_VALIDATION,
TIMSS,2007,NLD,mathematics,COMPUTED_PENDING_VALIDATION,
TIMSS,2007,NLD,science,COMPUTED_PENDING_VALIDATION,
TIMSS,2007,NOR,mathematics,COMPUTED_PENDING_VALIDATION,
TIMSS,2007,NOR,science,COMPUTED_PENDING_VALIDATION,
TIMSS,2007,NZL,mathematics,COMPUTED_PENDING_VALIDATION,
TIMSS,2007,NZL,science,COMPUTED_PENDING_VALIDATION,
TIMSS,2007,QAT,mathematics,COMPUTED_PENDING_VALIDATION,
TIMSS,2007,QAT,science,COMPUTED_PENDING_VALIDATION,
TIMSS,2007,RUS,mathematics,COMPUTED_PENDING_VALIDATION,
TIMSS,2007,RUS,science,COMPUTED_PENDING_VALIDATION,
TIMSS,2007,SCO,mathematics,COMPUTED_PENDING_VALIDATION,
TIMSS,2007,SCO,science,COMPUTED_PENDING_VALIDATION,
TIMSS,2007,SGP,mathematics,COMPUTED_PENDING_VALIDATION,
TIMSS,2007,SGP,science,COMPUTED_PENDING_VALIDATION,
TIMSS,2007,SLV,mathematics,COMPUTED_PENDING_VALIDATION,
TIMSS,2007,SLV,science,COMPUTED_PENDING_VALIDATION,
TIMSS,2007,SVK,mathematics,COMPUTED_PENDING_VALIDATION,
TIMSS,2007,SVK,science,COMPUTED_PENDING_VALIDATION,
TIMSS,2007,SVN,mathematics,COMPUTED_PENDING_VALIDATION,
TIMSS,2007,SVN,science,COMPUTED_PENDING_VALIDATION,
TIMSS,2007,SWE,mathematics,COMPUTED_PENDING_VALIDATION,
TIMSS,2007,SWE,science,COMPUTED_PENDING_VALIDATION,
TIMSS,2007,TUN,mathematics,COMPUTED_PENDING_VALIDATION,
TIMSS,2007,TUN,science,COMPUTED_PENDING_VALIDATION,
TIMSS,2007,TWN,mathematics,COMPUTED_PENDING_VALIDATION,
TIMSS,2007,TWN,science,COMPUTED_PENDING_VALIDATION,
TIMSS,2007,UKR,mathematics,COMPUTED_PENDING_VALIDATION,
TIMSS,2007,UKR,science,COMPUTED_PENDING_VALIDATION,
TIMSS,2007,UMA,mathematics,COMPUTED_PENDING_VALIDATION,
TIMSS,2007,UMA,science,COMPUTED_PENDING_VALIDATION,
TIMSS,2007,UMN,mathematics,COMPUTED_PENDING_VALIDATION,
TIMSS,2007,UMN,science,COMPUTED_PENDING_VALIDATION,
TIMSS,2007,USA,mathematics,COMPUTED_PENDING_VALIDATION,
TIMSS,2007,USA,science,COMPUTED_PENDING_VALIDATION,
TIMSS,2007,YEM,mathematics,COMPUTED_PENDING_VALIDATION,
TIMSS,2007,YEM,science,COMPUTED_PENDING_VALIDATION,
TIMSS,2011,AAD,mathematics,COMPUTED_PENDING_VALIDATION,
TIMSS,2011,AAD,science,COMPUTED_PENDING_VALIDATION,
TIMSS,2011,ADU,mathematics,COMPUTED_PENDING_VALIDATION,
TIMSS,2011,ADU,science,COMPUTED_PENDING_VALIDATION,
TIMSS,2011,ARE,mathematics,COMPUTED_PENDING_VALIDATION,
TIMSS,2011,ARE,science,COMPUTED_PENDING_VALIDATION,
TIMSS,2011,ARM,mathematics,COMPUTED_PENDING_VALIDATION,
TIMSS,2011,ARM,science,COMPUTED_PENDING_VALIDATION,
TIMSS,2011,AUS,mathematics,COMPUTED_PENDING_VALIDATION,
TIMSS,2011,AUS,science,COMPUTED_PENDING_VALIDATION,
TIMSS,2011,AUT,mathematics,COMPUTED_PENDING_VALIDATION,
TIMSS,2011,AUT,science,COMPUTED_PENDING_VALIDATION,
TIMSS,2011,AZE,mathematics,COMPUTED_PENDING_VALIDATION,
TIMSS,2011,AZE,science,COMPUTED_PENDING_VALIDATION,
TIMSS,2011,BFL,mathematics,COMPUTED_PENDING_VALIDATION,
TIMSS,2011,BFL,science,COMPUTED_PENDING_VALIDATION,
TIMSS,2011,BHR,mathematics,COMPUTED_PENDING_VALIDATION,
TIMSS,2011,BHR,science,COMPUTED_PENDING_VALIDATION,
TIMSS,2011,BWA,mathematics,COMPUTED_PENDING_VALIDATION,
TIMSS,2011,BWA,science,COMPUTED_PENDING_VALIDATION,
TIMSS,2011,CAB,mathematics,COMPUTED_PENDING_VALIDATION,
TIMSS,2011,CAB,science,COMPUTED_PENDING_VALIDATION,
TIMSS,2011,CHL,mathematics,COMPUTED_PENDING_VALIDATION,
TIMSS,2011,CHL,science,COMPUTED_PENDING_VALIDATION,
TIMSS,2011,COT,mathematics,COMPUTED_PENDING_VALIDATION,
TIMSS,2011,COT,science,COMPUTED_PENDING_VALIDATION,
TIMSS,2011,CQU,mathematics,COMPUTED_PENDING_VALIDATION,
TIMSS,2011,CQU,science,COMPUTED_PENDING_VALIDATION,
TIMSS,2011,CZE,mathematics,COMPUTED_PENDING_VALIDATION,
TIMSS,2011,CZE,science,COMPUTED_PENDING_VALIDATION,
TIMSS,2011,DEU,mathematics,COMPUTED_PENDING_VALIDATION,
TIMSS,2011,DEU,science,COMPUTED_PENDING_VALIDATION,
TIMSS,2011,DNK,mathematics,COMPUTED_PENDING_VALIDATION,
TIMSS,2011,DNK,science,COMPUTED_PENDING_VALIDATION,
TIMSS,2011,ENG,mathematics,COMPUTED_PENDING_VALIDATION,
TIMSS,2011,ENG,science,COMPUTED_PENDING_VALIDATION,
TIMSS,2011,ESP,mathematics,COMPUTED_PENDING_VALIDATION,
TIMSS,2011,ESP,science,COMPUTED_PENDING_VALIDATION,
TIMSS,2011,FIN,mathematics,COMPUTED_PENDING_VALIDATION,
TIMSS,2011,FIN,science,COMPUTED_PENDING_VALIDATION,
TIMSS,2011,GEO,mathematics,COMPUTED_PENDING_VALIDATION,
TIMSS,2011,GEO,science,COMPUTED_PENDING_VALIDATION,
TIMSS,2011,HKG,mathematics,COMPUTED_PENDING_VALIDATION,
TIMSS,2011,HKG,science,COMPUTED_PENDING_VALIDATION,
TIMSS,2011,HND,mathematics,COMPUTED_PENDING_VALIDATION,
TIMSS,2011,HND,science,COMPUTED_PENDING_VALIDATION,
TIMSS,2011,HRV,mathematics,COMPUTED_PENDING_VALIDATION,
TIMSS,2011,HRV,science,COMPUTED_PENDING_VALIDATION,
TIMSS,2011,HUN,mathematics,COMPUTED_PENDING_VALIDATION,
TIMSS,2011,HUN,science,COMPUTED_PENDING_VALIDATION,
TIMSS,2011,IRL,mathematics,COMPUTED_PENDING_VALIDATION,
TIMSS,2011,IRL,science,COMPUTED_PENDING_VALIDATION,
TIMSS,2011,IRN,mathematics,COMPUTED_PENDING_VALIDATION,
TIMSS,2011,IRN,science,COMPUTED_PENDING_VALIDATION,
TIMSS,2011,ITA,mathematics,COMPUTED_PENDING_VALIDATION,
TIMSS,2011,ITA,science,COMPUTED_PENDING_VALIDATION,
TIMSS,2011,JPN,mathematics,COMPUTED_PENDING_VALIDATION,
TIMSS,2011,JPN,science,COMPUTED_PENDING_VALIDATION,
TIMSS,2011,KAZ,mathematics,COMPUTED_PENDING_VALIDATION,
TIMSS,2011,KAZ,science,COMPUTED_PENDING_VALIDATION,
TIMSS,2011,KOR,mathematics,COMPUTED_PENDING_VALIDATION,
TIMSS,2011,KOR,science,COMPUTED_PENDING_VALIDATION,
TIMSS,2011,KWT,mathematics,COMPUTED_PENDING_VALIDATION,
TIMSS,2011,KWT,science,COMPUTED_PENDING_VALIDATION,
TIMSS,2011,LTU,mathematics,COMPUTED_PENDING_VALIDATION,
TIMSS,2011,LTU,science,COMPUTED_PENDING_VALIDATION,
TIMSS,2011,MAR,mathematics,COMPUTED_PENDING_VALIDATION,
TIMSS,2011,MAR,science,COMPUTED_PENDING_VALIDATION,
TIMSS,2011,MLT,mathematics,COMPUTED_PENDING_VALIDATION,
TIMSS,2011,MLT,science,COMPUTED_PENDING_VALIDATION,
TIMSS,2011,NIR,mathematics,COMPUTED_PENDING_VALIDATION,
TIMSS,2011,NIR,science,COMPUTED_PENDING_VALIDATION,
TIMSS,2011,NLD,mathematics,COMPUTED_PENDING_VALIDATION,
TIMSS,2011,NLD,science,COMPUTED_PENDING_VALIDATION,
TIMSS,2011,NOR,mathematics,COMPUTED_PENDING_VALIDATION,
TIMSS,2011,NOR,science,COMPUTED_PENDING_VALIDATION,
TIMSS,2011,NZL,mathematics,COMPUTED_PENDING_VALIDATION,
TIMSS,2011,NZL,science,COMPUTED_PENDING_VALIDATION,
TIMSS,2011,OMN,mathematics,COMPUTED_PENDING_VALIDATION,
TIMSS,2011,OMN,science,COMPUTED_PENDING_VALIDATION,
TIMSS,2011,POL,mathematics,COMPUTED_PENDING_VALIDATION,
TIMSS,2011,POL,science,COMPUTED_PENDING_VALIDATION,
TIMSS,2011,PRT,mathematics,COMPUTED_PENDING_VALIDATION,
TIMSS,2011,PRT,science,COMPUTED_PENDING_VALIDATION,
TIMSS,2011,QAT,mathematics,COMPUTED_PENDING_VALIDATION,
TIMSS,2011,QAT,science,COMPUTED_PENDING_VALIDATION,
TIMSS,2011,ROM,mathematics,COMPUTED_PENDING_VALIDATION,
TIMSS,2011,ROM,science,COMPUTED_PENDING_VALIDATION,
TIMSS,2011,RUS,mathematics,COMPUTED_PENDING_VALIDATION,
TIMSS,2011,RUS,science,COMPUTED_PENDING_VALIDATION,
TIMSS,2011,SAU,mathematics,COMPUTED_PENDING_VALIDATION,
TIMSS,2011,SAU,science,COMPUTED_PENDING_VALIDATION,
TIMSS,2011,SGP,mathematics,COMPUTED_PENDING_VALIDATION,
TIMSS,2011,SGP,science,COMPUTED_PENDING_VALIDATION,
TIMSS,2011,SRB,mathematics,COMPUTED_PENDING_VALIDATION,
TIMSS,2011,SRB,science,COMPUTED_PENDING_VALIDATION,
TIMSS,2011,SVK,mathematics,COMPUTED_PENDING_VALIDATION,
TIMSS,2011,SVK,science,COMPUTED_PENDING_VALIDATION,
TIMSS,2011,SVN,mathematics,COMPUTED_PENDING_VALIDATION,
TIMSS,2011,SVN,science,COMPUTED_PENDING_VALIDATION,
TIMSS,2011,SWE,mathematics,COMPUTED_PENDING_VALIDATION,
TIMSS,2011,SWE,science,COMPUTED_PENDING_VALIDATION,
TIMSS,2011,THA,mathematics,COMPUTED_PENDING_VALIDATION,
TIMSS,2011,THA,science,COMPUTED_PENDING_VALIDATION,
TIMSS,2011,TUN,mathematics,COMPUTED_PENDING_VALIDATION,
TIMSS,2011,TUN,science,COMPUTED_PENDING_VALIDATION,
TIMSS,2011,TUR,mathematics,COMPUTED_PENDING_VALIDATION,
TIMSS,2011,TUR,science,COMPUTED_PENDING_VALIDATION,
TIMSS,2011,TWN,mathematics,COMPUTED_PENDING_VALIDATION,
TIMSS,2011,TWN,science,COMPUTED_PENDING_VALIDATION,
TIMSS,2011,USA,mathematics,COMPUTED_PENDING_VALIDATION,
TIMSS,2011,USA,science,COMPUTED_PENDING_VALIDATION,
TIMSS,2011,YE6,mathematics,COMPUTED_PENDING_VALIDATION,
TIMSS,2011,YE6,science,COMPUTED_PENDING_VALIDATION,
TIMSS,2011,YEM,mathematics,COMPUTED_PENDING_VALIDATION,
TIMSS,2011,YEM,science,COMPUTED_PENDING_VALIDATION,
TIMSS,2015,AAD,mathematics,COMPUTED_PENDING_VALIDATION,
TIMSS,2015,AAD,science,COMPUTED_PENDING_VALIDATION,
TIMSS,2015,ABA,mathematics,COMPUTED_PENDING_VALIDATION,
TIMSS,2015,ABA,science,COMPUTED_PENDING_VALIDATION,
TIMSS,2015,ADU,mathematics,COMPUTED_PENDING_VALIDATION,
TIMSS,2015,ADU,science,COMPUTED_PENDING_VALIDATION,
TIMSS,2015,ARE,mathematics,COMPUTED_PENDING_VALIDATION,
TIMSS,2015,ARE,science,COMPUTED_PENDING_VALIDATION,
TIMSS,2015,ARM,mathematics,COMPUTED_PENDING_VALIDATION,
TIMSS,2015,ARM,science,COMPUTED_PENDING_VALIDATION,
TIMSS,2015,AUS,mathematics,COMPUTED_PENDING_VALIDATION,
TIMSS,2015,AUS,science,COMPUTED_PENDING_VALIDATION,
TIMSS,2015,BFL,mathematics,COMPUTED_PENDING_VALIDATION,
TIMSS,2015,BFL,science,COMPUTED_PENDING_VALIDATION,
TIMSS,2015,BGR,mathematics,COMPUTED_PENDING_VALIDATION,
TIMSS,2015,BGR,science,COMPUTED_PENDING_VALIDATION,
TIMSS,2015,BHR,mathematics,COMPUTED_PENDING_VALIDATION,
TIMSS,2015,BHR,science,COMPUTED_PENDING_VALIDATION,
TIMSS,2015,CAN,mathematics,COMPUTED_PENDING_VALIDATION,
TIMSS,2015,CAN,science,COMPUTED_PENDING_VALIDATION,
TIMSS,2015,CHL,mathematics,COMPUTED_PENDING_VALIDATION,
TIMSS,2015,CHL,science,COMPUTED_PENDING_VALIDATION,
TIMSS,2015,COT,mathematics,COMPUTED_PENDING_VALIDATION,
TIMSS,2015,COT,science,COMPUTED_PENDING_VALIDATION,
TIMSS,2015,CQU,mathematics,COMPUTED_PENDING_VALIDATION,
TIMSS,2015,CQU,science,COMPUTED_PENDING_VALIDATION,
TIMSS,2015,CYP,mathematics,COMPUTED_PENDING_VALIDATION,
TIMSS,2015,CYP,science,COMPUTED_PENDING_VALIDATION,
TIMSS,2015,CZE,mathematics,COMPUTED_PENDING_VALIDATION,
TIMSS,2015,CZE,science,COMPUTED_PENDING_VALIDATION,
TIMSS,2015,DEU,mathematics,COMPUTED_PENDING_VALIDATION,
TIMSS,2015,DEU,science,COMPUTED_PENDING_VALIDATION,
TIMSS,2015,DNK,mathematics,COMPUTED_PENDING_VALIDATION,
TIMSS,2015,DNK,science,COMPUTED_PENDING_VALIDATION,
TIMSS,2015,ENG,mathematics,COMPUTED_PENDING_VALIDATION,
TIMSS,2015,ENG,science,COMPUTED_PENDING_VALIDATION,
TIMSS,2015,ESP,mathematics,COMPUTED_PENDING_VALIDATION,
TIMSS,2015,ESP,science,COMPUTED_PENDING_VALIDATION,
TIMSS,2015,FIN,mathematics,COMPUTED_PENDING_VALIDATION,
TIMSS,2015,FIN,science,COMPUTED_PENDING_VALIDATION,
TIMSS,2015,FRA,mathematics,COMPUTED_PENDING_VALIDATION,
TIMSS,2015,FRA,science,COMPUTED_PENDING_VALIDATION,
TIMSS,2015,GEO,mathematics,COMPUTED_PENDING_VALIDATION,
TIMSS,2015,GEO,science,COMPUTED_PENDING_VALIDATION,
TIMSS,2015,HKG,mathematics,COMPUTED_PENDING_VALIDATION,
TIMSS,2015,HKG,science,COMPUTED_PENDING_VALIDATION,
TIMSS,2015,HRV,mathematics,COMPUTED_PENDING_VALIDATION,
TIMSS,2015,HRV,science,COMPUTED_PENDING_VALIDATION,
TIMSS,2015,HUN,mathematics,COMPUTED_PENDING_VALIDATION,
TIMSS,2015,HUN,science,COMPUTED_PENDING_VALIDATION,
TIMSS,2015,IDN,mathematics,COMPUTED_PENDING_VALIDATION,
TIMSS,2015,IDN,science,COMPUTED_PENDING_VALIDATION,
TIMSS,2015,IRL,mathematics,COMPUTED_PENDING_VALIDATION,
TIMSS,2015,IRL,science,COMPUTED_PENDING_VALIDATION,
TIMSS,2015,IRN,mathematics,COMPUTED_PENDING_VALIDATION,
TIMSS,2015,IRN,science,COMPUTED_PENDING_VALIDATION,
TIMSS,2015,ITA,mathematics,COMPUTED_PENDING_VALIDATION,
TIMSS,2015,ITA,science,COMPUTED_PENDING_VALIDATION,
TIMSS,2015,JOR,mathematics,COMPUTED_PENDING_VALIDATION,
TIMSS,2015,JPN,mathematics,COMPUTED_PENDING_VALIDATION,
TIMSS,2015,JPN,science,COMPUTED_PENDING_VALIDATION,
TIMSS,2015,KAZ,mathematics,COMPUTED_PENDING_VALIDATION,
TIMSS,2015,KAZ,science,COMPUTED_PENDING_VALIDATION,
TIMSS,2015,KOR,mathematics,COMPUTED_PENDING_VALIDATION,
TIMSS,2015,KOR,science,COMPUTED_PENDING_VALIDATION,
TIMSS,2015,KWT,mathematics,COMPUTED_PENDING_VALIDATION,
TIMSS,2015,KWT,science,COMPUTED_PENDING_VALIDATION,
TIMSS,2015,LTU,mathematics,COMPUTED_PENDING_VALIDATION,
TIMSS,2015,LTU,science,COMPUTED_PENDING_VALIDATION,
TIMSS,2015,MAR,mathematics,COMPUTED_PENDING_VALIDATION,
TIMSS,2015,MAR,science,COMPUTED_PENDING_VALIDATION,
TIMSS,2015,NIR,mathematics,COMPUTED_PENDING_VALIDATION,
TIMSS,2015,NIR,science,COMPUTED_PENDING_VALIDATION,
TIMSS,2015,NLD,mathematics,COMPUTED_PENDING_VALIDATION,
TIMSS,2015,NLD,science,COMPUTED_PENDING_VALIDATION,
TIMSS,2015,NO4,mathematics,COMPUTED_PENDING_VALIDATION,
TIMSS,2015,NO4,science,COMPUTED_PENDING_VALIDATION,
TIMSS,2015,NOR,mathematics,COMPUTED_PENDING_VALIDATION,
TIMSS,2015,NOR,science,COMPUTED_PENDING_VALIDATION,
TIMSS,2015,NZL,mathematics,COMPUTED_PENDING_VALIDATION,
TIMSS,2015,NZL,science,COMPUTED_PENDING_VALIDATION,
TIMSS,2015,OMN,mathematics,COMPUTED_PENDING_VALIDATION,
TIMSS,2015,OMN,science,COMPUTED_PENDING_VALIDATION,
TIMSS,2015,POL,mathematics,COMPUTED_PENDING_VALIDATION,
TIMSS,2015,POL,science,COMPUTED_PENDING_VALIDATION,
TIMSS,2015,PRT,mathematics,COMPUTED_PENDING_VALIDATION,
TIMSS,2015,PRT,science,COMPUTED_PENDING_VALIDATION,
TIMSS,2015,QAT,mathematics,COMPUTED_PENDING_VALIDATION,
TIMSS,2015,QAT,science,COMPUTED_PENDING_VALIDATION,
TIMSS,2015,RUS,mathematics,COMPUTED_PENDING_VALIDATION,
TIMSS,2015,RUS,science,COMPUTED_PENDING_VALIDATION,
TIMSS,2015,SAU,mathematics,COMPUTED_PENDING_VALIDATION,
TIMSS,2015,SAU,science,COMPUTED_PENDING_VALIDATION,
TIMSS,2015,SGP,mathematics,COMPUTED_PENDING_VALIDATION,
TIMSS,2015,SGP,science,COMPUTED_PENDING_VALIDATION,
TIMSS,2015,SRB,mathematics,COMPUTED_PENDING_VALIDATION,
TIMSS,2015,SRB,science,COMPUTED_PENDING_VALIDATION,
TIMSS,2015,SVK,mathematics,COMPUTED_PENDING_VALIDATION,
TIMSS,2015,SVK,science,COMPUTED_PENDING_VALIDATION,
TIMSS,2015,SVN,mathematics,COMPUTED_PENDING_VALIDATION,
TIMSS,2015,SVN,science,COMPUTED_PENDING_VALIDATION,
TIMSS,2015,SWE,mathematics,COMPUTED_PENDING_VALIDATION,
TIMSS,2015,SWE,science,COMPUTED_PENDING_VALIDATION,
TIMSS,2015,TUR,mathematics,COMPUTED_PENDING_VALIDATION,
TIMSS,2015,TUR,science,COMPUTED_PENDING_VALIDATION,
TIMSS,2015,TWN,mathematics,COMPUTED_PENDING_VALIDATION,
TIMSS,2015,TWN,science,COMPUTED_PENDING_VALIDATION,
TIMSS,2015,USA,mathematics,COMPUTED_PENDING_VALIDATION,
TIMSS,2015,USA,science,COMPUTED_PENDING_VALIDATION,
TIMSS,2015,ZAF,mathematics,COMPUTED_PENDING_VALIDATION,
TIMSS,2019,AAD,mathematics,COMPUTED_PENDING_VALIDATION,
TIMSS,2019,AAD,science,COMPUTED_PENDING_VALIDATION,
TIMSS,2019,ADU,mathematics,COMPUTED_PENDING_VALIDATION,
TIMSS,2019,ADU,science,COMPUTED_PENDING_VALIDATION,
TIMSS,2019,ALB,mathematics,COMPUTED_PENDING_VALIDATION,
TIMSS,2019,ALB,science,COMPUTED_PENDING_VALIDATION,
TIMSS,2019,ARE,mathematics,COMPUTED_PENDING_VALIDATION,
TIMSS,2019,ARE,science,COMPUTED_PENDING_VALIDATION,
TIMSS,2019,ARM,mathematics,COMPUTED_PENDING_VALIDATION,
TIMSS,2019,ARM,science,COMPUTED_PENDING_VALIDATION,
TIMSS,2019,AUS,mathematics,COMPUTED_PENDING_VALIDATION,
TIMSS,2019,AUS,science,COMPUTED_PENDING_VALIDATION,
TIMSS,2019,AUT,mathematics,COMPUTED_PENDING_VALIDATION,
TIMSS,2019,AUT,science,COMPUTED_PENDING_VALIDATION,
TIMSS,2019,AZE,mathematics,COMPUTED_PENDING_VALIDATION,
TIMSS,2019,AZE,science,COMPUTED_PENDING_VALIDATION,
TIMSS,2019,BFL,mathematics,COMPUTED_PENDING_VALIDATION,
TIMSS,2019,BFL,science,COMPUTED_PENDING_VALIDATION,
TIMSS,2019,BGR,mathematics,COMPUTED_PENDING_VALIDATION,
TIMSS,2019,BGR,science,COMPUTED_PENDING_VALIDATION,
TIMSS,2019,BHR,mathematics,COMPUTED_PENDING_VALIDATION,
TIMSS,2019,BHR,science,COMPUTED_PENDING_VALIDATION,
TIMSS,2019,BIH,mathematics,COMPUTED_PENDING_VALIDATION,
TIMSS,2019,BIH,science,COMPUTED_PENDING_VALIDATION,
TIMSS,2019,CAN,mathematics,COMPUTED_PENDING_VALIDATION,
TIMSS,2019,CAN,science,COMPUTED_PENDING_VALIDATION,
TIMSS,2019,CHL,mathematics,COMPUTED_PENDING_VALIDATION,
TIMSS,2019,CHL,science,COMPUTED_PENDING_VALIDATION,
TIMSS,2019,COT,mathematics,COMPUTED_PENDING_VALIDATION,
TIMSS,2019,COT,science,COMPUTED_PENDING_VALIDATION,
TIMSS,2019,CQU,mathematics,COMPUTED_PENDING_VALIDATION,
TIMSS,2019,CQU,science,COMPUTED_PENDING_VALIDATION,
TIMSS,2019,CYP,mathematics,COMPUTED_PENDING_VALIDATION,
TIMSS,2019,CYP,science,COMPUTED_PENDING_VALIDATION,
TIMSS,2019,CZE,mathematics,COMPUTED_PENDING_VALIDATION,
TIMSS,2019,CZE,science,COMPUTED_PENDING_VALIDATION,
TIMSS,2019,DEU,mathematics,COMPUTED_PENDING_VALIDATION,
TIMSS,2019,DEU,science,COMPUTED_PENDING_VALIDATION,
TIMSS,2019,DNK,mathematics,COMPUTED_PENDING_VALIDATION,
TIMSS,2019,DNK,science,COMPUTED_PENDING_VALIDATION,
TIMSS,2019,EMA,mathematics,COMPUTED_PENDING_VALIDATION,
TIMSS,2019,EMA,science,COMPUTED_PENDING_VALIDATION,
TIMSS,2019,ENG,mathematics,COMPUTED_PENDING_VALIDATION,
TIMSS,2019,ENG,science,COMPUTED_PENDING_VALIDATION,
TIMSS,2019,ESP,mathematics,COMPUTED_PENDING_VALIDATION,
TIMSS,2019,ESP,science,COMPUTED_PENDING_VALIDATION,
TIMSS,2019,FIN,mathematics,COMPUTED_PENDING_VALIDATION,
TIMSS,2019,FIN,science,COMPUTED_PENDING_VALIDATION,
TIMSS,2019,FRA,mathematics,COMPUTED_PENDING_VALIDATION,
TIMSS,2019,FRA,science,COMPUTED_PENDING_VALIDATION,
TIMSS,2019,GEO,mathematics,COMPUTED_PENDING_VALIDATION,
TIMSS,2019,GEO,science,COMPUTED_PENDING_VALIDATION,
TIMSS,2019,HKG,mathematics,COMPUTED_PENDING_VALIDATION,
TIMSS,2019,HKG,science,COMPUTED_PENDING_VALIDATION,
TIMSS,2019,HRV,mathematics,COMPUTED_PENDING_VALIDATION,
TIMSS,2019,HRV,science,COMPUTED_PENDING_VALIDATION,
TIMSS,2019,HUN,mathematics,COMPUTED_PENDING_VALIDATION,
TIMSS,2019,HUN,science,COMPUTED_PENDING_VALIDATION,
TIMSS,2019,IRL,mathematics,COMPUTED_PENDING_VALIDATION,
TIMSS,2019,IRL,science,COMPUTED_PENDING_VALIDATION,
TIMSS,2019,IRN,mathematics,COMPUTED_PENDING_VALIDATION,
TIMSS,2019,IRN,science,COMPUTED_PENDING_VALIDATION,
TIMSS,2019,ITA,mathematics,COMPUTED_PENDING_VALIDATION,
TIMSS,2019,ITA,science,COMPUTED_PENDING_VALIDATION,
TIMSS,2019,JPN,mathematics,COMPUTED_PENDING_VALIDATION,
TIMSS,2019,JPN,science,COMPUTED_PENDING_VALIDATION,
TIMSS,2019,KAZ,mathematics,COMPUTED_PENDING_VALIDATION,
TIMSS,2019,KAZ,science,COMPUTED_PENDING_VALIDATION,
TIMSS,2019,KOR,mathematics,COMPUTED_PENDING_VALIDATION,
TIMSS,2019,KOR,science,COMPUTED_PENDING_VALIDATION,
TIMSS,2019,KWT,mathematics,COMPUTED_PENDING_VALIDATION,
TIMSS,2019,KWT,science,COMPUTED_PENDING_VALIDATION,
TIMSS,2019,LTU,mathematics,COMPUTED_PENDING_VALIDATION,
TIMSS,2019,LTU,science,COMPUTED_PENDING_VALIDATION,
TIMSS,2019,LVA,mathematics,COMPUTED_PENDING_VALIDATION,
TIMSS,2019,LVA,science,COMPUTED_PENDING_VALIDATION,
TIMSS,2019,MAR,mathematics,COMPUTED_PENDING_VALIDATION,
TIMSS,2019,MAR,science,COMPUTED_PENDING_VALIDATION,
TIMSS,2019,MKD,mathematics,COMPUTED_PENDING_VALIDATION,
TIMSS,2019,MKD,science,COMPUTED_PENDING_VALIDATION,
TIMSS,2019,MLT,mathematics,COMPUTED_PENDING_VALIDATION,
TIMSS,2019,MLT,science,COMPUTED_PENDING_VALIDATION,
TIMSS,2019,MNE,mathematics,COMPUTED_PENDING_VALIDATION,
TIMSS,2019,MNE,science,COMPUTED_PENDING_VALIDATION,
TIMSS,2019,NIR,mathematics,COMPUTED_PENDING_VALIDATION,
TIMSS,2019,NIR,science,COMPUTED_PENDING_VALIDATION,
TIMSS,2019,NLD,mathematics,COMPUTED_PENDING_VALIDATION,
TIMSS,2019,NLD,science,COMPUTED_PENDING_VALIDATION,
TIMSS,2019,NOR,mathematics,COMPUTED_PENDING_VALIDATION,
TIMSS,2019,NOR,science,COMPUTED_PENDING_VALIDATION,
TIMSS,2019,NZL,mathematics,COMPUTED_PENDING_VALIDATION,
TIMSS,2019,NZL,science,COMPUTED_PENDING_VALIDATION,
TIMSS,2019,OMN,mathematics,COMPUTED_PENDING_VALIDATION,
TIMSS,2019,OMN,science,COMPUTED_PENDING_VALIDATION,
TIMSS,2019,PAK,mathematics,COMPUTED_PENDING_VALIDATION,
TIMSS,2019,PAK,science,COMPUTED_PENDING_VALIDATION,
TIMSS,2019,PHL,mathematics,COMPUTED_PENDING_VALIDATION,
TIMSS,2019,PHL,science,COMPUTED_PENDING_VALIDATION,
TIMSS,2019,POL,mathematics,COMPUTED_PENDING_VALIDATION,
TIMSS,2019,POL,science,COMPUTED_PENDING_VALIDATION,
TIMSS,2019,PRT,mathematics,COMPUTED_PENDING_VALIDATION,
TIMSS,2019,PRT,science,COMPUTED_PENDING_VALIDATION,
TIMSS,2019,QAT,mathematics,COMPUTED_PENDING_VALIDATION,
TIMSS,2019,QAT,science,COMPUTED_PENDING_VALIDATION,
TIMSS,2019,RMO,mathematics,COMPUTED_PENDING_VALIDATION,
TIMSS,2019,RMO,science,COMPUTED_PENDING_VALIDATION,
TIMSS,2019,RUS,mathematics,COMPUTED_PENDING_VALIDATION,
TIMSS,2019,RUS,science,COMPUTED_PENDING_VALIDATION,
TIMSS,2019,SAU,mathematics,COMPUTED_PENDING_VALIDATION,
TIMSS,2019,SAU,science,COMPUTED_PENDING_VALIDATION,
TIMSS,2019,SGP,mathematics,COMPUTED_PENDING_VALIDATION,
TIMSS,2019,SGP,science,COMPUTED_PENDING_VALIDATION,
TIMSS,2019,SRB,mathematics,COMPUTED_PENDING_VALIDATION,
TIMSS,2019,SRB,science,COMPUTED_PENDING_VALIDATION,
TIMSS,2019,SVK,mathematics,COMPUTED_PENDING_VALIDATION,
TIMSS,2019,SVK,science,COMPUTED_PENDING_VALIDATION,
TIMSS,2019,SWE,mathematics,COMPUTED_PENDING_VALIDATION,
TIMSS,2019,SWE,science,COMPUTED_PENDING_VALIDATION,
TIMSS,2019,TUR,mathematics,COMPUTED_PENDING_VALIDATION,
TIMSS,2019,TUR,science,COMPUTED_PENDING_VALIDATION,
TIMSS,2019,TWN,mathematics,COMPUTED_PENDING_VALIDATION,
TIMSS,2019,TWN,science,COMPUTED_PENDING_VALIDATION,
TIMSS,2019,USA,mathematics,COMPUTED_PENDING_VALIDATION,
TIMSS,2019,USA,science,COMPUTED_PENDING_VALIDATION,
TIMSS,2019,XKX,mathematics,COMPUTED_PENDING_VALIDATION,
TIMSS,2019,XKX,science,COMPUTED_PENDING_VALIDATION,
TIMSS,2019,ZAF,mathematics,COMPUTED_PENDING_VALIDATION,
TIMSS,2019,ZAF,science,COMPUTED_PENDING_VALIDATION,
TIMSS,2023,AAD,mathematics,COMPUTED_PENDING_VALIDATION,
TIMSS,2023,AAD,science,COMPUTED_PENDING_VALIDATION,
TIMSS,2023,ADU,mathematics,COMPUTED_PENDING_VALIDATION,
TIMSS,2023,ADU,science,COMPUTED_PENDING_VALIDATION,
TIMSS,2023,ALB,mathematics,COMPUTED_PENDING_VALIDATION,
TIMSS,2023,ALB,science,COMPUTED_PENDING_VALIDATION,
TIMSS,2023,ARE,mathematics,COMPUTED_PENDING_VALIDATION,
TIMSS,2023,ARE,science,COMPUTED_PENDING_VALIDATION,
TIMSS,2023,ARM,mathematics,COMPUTED_PENDING_VALIDATION,
TIMSS,2023,ARM,science,COMPUTED_PENDING_VALIDATION,
TIMSS,2023,ASH,mathematics,COMPUTED_PENDING_VALIDATION,
TIMSS,2023,ASH,science,COMPUTED_PENDING_VALIDATION,
TIMSS,2023,AUS,mathematics,COMPUTED_PENDING_VALIDATION,
TIMSS,2023,AUS,science,COMPUTED_PENDING_VALIDATION,
TIMSS,2023,AZE,mathematics,COMPUTED_PENDING_VALIDATION,
TIMSS,2023,AZE,science,COMPUTED_PENDING_VALIDATION,
TIMSS,2023,BFL,mathematics,COMPUTED_PENDING_VALIDATION,
TIMSS,2023,BFL,science,COMPUTED_PENDING_VALIDATION,
TIMSS,2023,BFR,mathematics,COMPUTED_PENDING_VALIDATION,
TIMSS,2023,BFR,science,COMPUTED_PENDING_VALIDATION,
TIMSS,2023,BGR,mathematics,COMPUTED_PENDING_VALIDATION,
TIMSS,2023,BGR,science,COMPUTED_PENDING_VALIDATION,
TIMSS,2023,BHR,mathematics,COMPUTED_PENDING_VALIDATION,
TIMSS,2023,BHR,science,COMPUTED_PENDING_VALIDATION,
TIMSS,2023,BIH,mathematics,COMPUTED_PENDING_VALIDATION,
TIMSS,2023,BIH,science,COMPUTED_PENDING_VALIDATION,
TIMSS,2023,BRA,mathematics,COMPUTED_PENDING_VALIDATION,
TIMSS,2023,BRA,science,COMPUTED_PENDING_VALIDATION,
TIMSS,2023,CAN,mathematics,COMPUTED_PENDING_VALIDATION,
TIMSS,2023,CAN,science,COMPUTED_PENDING_VALIDATION,
TIMSS,2023,CHL,mathematics,COMPUTED_PENDING_VALIDATION,
TIMSS,2023,CHL,science,COMPUTED_PENDING_VALIDATION,
TIMSS,2023,COT,mathematics,COMPUTED_PENDING_VALIDATION,
TIMSS,2023,COT,science,COMPUTED_PENDING_VALIDATION,
TIMSS,2023,CQU,mathematics,COMPUTED_PENDING_VALIDATION,
TIMSS,2023,CQU,science,COMPUTED_PENDING_VALIDATION,
TIMSS,2023,CYP,mathematics,COMPUTED_PENDING_VALIDATION,
TIMSS,2023,CYP,science,COMPUTED_PENDING_VALIDATION,
TIMSS,2023,CZE,mathematics,COMPUTED_PENDING_VALIDATION,
TIMSS,2023,CZE,science,COMPUTED_PENDING_VALIDATION,
TIMSS,2023,DEU,mathematics,COMPUTED_PENDING_VALIDATION,
TIMSS,2023,DEU,science,COMPUTED_PENDING_VALIDATION,
TIMSS,2023,DNK,mathematics,COMPUTED_PENDING_VALIDATION,
TIMSS,2023,DNK,science,COMPUTED_PENDING_VALIDATION,
TIMSS,2023,ENG,mathematics,COMPUTED_PENDING_VALIDATION,
TIMSS,2023,ENG,science,COMPUTED_PENDING_VALIDATION,
TIMSS,2023,ESP,mathematics,COMPUTED_PENDING_VALIDATION,
TIMSS,2023,ESP,science,COMPUTED_PENDING_VALIDATION,
TIMSS,2023,FIN,mathematics,COMPUTED_PENDING_VALIDATION,
TIMSS,2023,FIN,science,COMPUTED_PENDING_VALIDATION,
TIMSS,2023,FRA,mathematics,COMPUTED_PENDING_VALIDATION,
TIMSS,2023,FRA,science,COMPUTED_PENDING_VALIDATION,
TIMSS,2023,GEO,mathematics,COMPUTED_PENDING_VALIDATION,
TIMSS,2023,GEO,science,COMPUTED_PENDING_VALIDATION,
TIMSS,2023,HKG,mathematics,COMPUTED_PENDING_VALIDATION,
TIMSS,2023,HKG,science,COMPUTED_PENDING_VALIDATION,
TIMSS,2023,HUN,mathematics,COMPUTED_PENDING_VALIDATION,
TIMSS,2023,HUN,science,COMPUTED_PENDING_VALIDATION,
TIMSS,2023,IRL,mathematics,COMPUTED_PENDING_VALIDATION,
TIMSS,2023,IRL,science,COMPUTED_PENDING_VALIDATION,
TIMSS,2023,IRN,mathematics,COMPUTED_PENDING_VALIDATION,
TIMSS,2023,IRN,science,COMPUTED_PENDING_VALIDATION,
TIMSS,2023,ITA,mathematics,COMPUTED_PENDING_VALIDATION,
TIMSS,2023,ITA,science,COMPUTED_PENDING_VALIDATION,
TIMSS,2023,JOR,mathematics,COMPUTED_PENDING_VALIDATION,
TIMSS,2023,JOR,science,COMPUTED_PENDING_VALIDATION,
TIMSS,2023,JPN,mathematics,COMPUTED_PENDING_VALIDATION,
TIMSS,2023,JPN,science,COMPUTED_PENDING_VALIDATION,
TIMSS,2023,KAZ,mathematics,COMPUTED_PENDING_VALIDATION,
TIMSS,2023,KAZ,science,COMPUTED_PENDING_VALIDATION,
TIMSS,2023,KOR,mathematics,COMPUTED_PENDING_VALIDATION,
TIMSS,2023,KOR,science,COMPUTED_PENDING_VALIDATION,
TIMSS,2023,KWT,mathematics,COMPUTED_PENDING_VALIDATION,
TIMSS,2023,KWT,science,COMPUTED_PENDING_VALIDATION,
TIMSS,2023,LTU,mathematics,COMPUTED_PENDING_VALIDATION,
TIMSS,2023,LTU,science,COMPUTED_PENDING_VALIDATION,
TIMSS,2023,LVA,mathematics,COMPUTED_PENDING_VALIDATION,
TIMSS,2023,LVA,science,COMPUTED_PENDING_VALIDATION,
TIMSS,2023,MAC,mathematics,COMPUTED_PENDING_VALIDATION,
TIMSS,2023,MAC,science,COMPUTED_PENDING_VALIDATION,
TIMSS,2023,MAR,mathematics,COMPUTED_PENDING_VALIDATION,
TIMSS,2023,MAR,science,COMPUTED_PENDING_VALIDATION,
TIMSS,2023,MKD,mathematics,COMPUTED_PENDING_VALIDATION,
TIMSS,2023,MKD,science,COMPUTED_PENDING_VALIDATION,
TIMSS,2023,MNE,mathematics,COMPUTED_PENDING_VALIDATION,
TIMSS,2023,MNE,science,COMPUTED_PENDING_VALIDATION,
TIMSS,2023,NLD,mathematics,COMPUTED_PENDING_VALIDATION,
TIMSS,2023,NLD,science,COMPUTED_PENDING_VALIDATION,
TIMSS,2023,NOR,mathematics,COMPUTED_PENDING_VALIDATION,
TIMSS,2023,NOR,science,COMPUTED_PENDING_VALIDATION,
TIMSS,2023,NZL,mathematics,COMPUTED_PENDING_VALIDATION,
TIMSS,2023,NZL,science,COMPUTED_PENDING_VALIDATION,
TIMSS,2023,OMN,mathematics,COMPUTED_PENDING_VALIDATION,
TIMSS,2023,OMN,science,COMPUTED_PENDING_VALIDATION,
TIMSS,2023,POL,mathematics,COMPUTED_PENDING_VALIDATION,
TIMSS,2023,POL,science,COMPUTED_PENDING_VALIDATION,
TIMSS,2023,PRT,mathematics,COMPUTED_PENDING_VALIDATION,
TIMSS,2023,PRT,science,COMPUTED_PENDING_VALIDATION,
TIMSS,2023,QAT,mathematics,COMPUTED_PENDING_VALIDATION,
TIMSS,2023,QAT,science,COMPUTED_PENDING_VALIDATION,
TIMSS,2023,ROM,mathematics,COMPUTED_PENDING_VALIDATION,
TIMSS,2023,ROM,science,COMPUTED_PENDING_VALIDATION,
TIMSS,2023,SAU,mathematics,COMPUTED_PENDING_VALIDATION,
TIMSS,2023,SAU,science,COMPUTED_PENDING_VALIDATION,
TIMSS,2023,SGP,mathematics,COMPUTED_PENDING_VALIDATION,
TIMSS,2023,SGP,science,COMPUTED_PENDING_VALIDATION,
TIMSS,2023,SRB,mathematics,COMPUTED_PENDING_VALIDATION,
TIMSS,2023,SRB,science,COMPUTED_PENDING_VALIDATION,
TIMSS,2023,SVK,mathematics,COMPUTED_PENDING_VALIDATION,
TIMSS,2023,SVK,science,COMPUTED_PENDING_VALIDATION,
TIMSS,2023,SVN,mathematics,COMPUTED_PENDING_VALIDATION,
TIMSS,2023,SVN,science,COMPUTED_PENDING_VALIDATION,
TIMSS,2023,SWE,mathematics,COMPUTED_PENDING_VALIDATION,
TIMSS,2023,SWE,science,COMPUTED_PENDING_VALIDATION,
TIMSS,2023,TUR,mathematics,COMPUTED_PENDING_VALIDATION,
TIMSS,2023,TUR,science,COMPUTED_PENDING_VALIDATION,
TIMSS,2023,TWN,mathematics,COMPUTED_PENDING_VALIDATION,
TIMSS,2023,TWN,science,COMPUTED_PENDING_VALIDATION,
TIMSS,2023,USA,mathematics,COMPUTED_PENDING_VALIDATION,
TIMSS,2023,USA,science,COMPUTED_PENDING_VALIDATION,
TIMSS,2023,UZB,mathematics,COMPUTED_PENDING_VALIDATION,
TIMSS,2023,UZB,science,COMPUTED_PENDING_VALIDATION,
TIMSS,2023,XKX,mathematics,COMPUTED_PENDING_VALIDATION,
TIMSS,2023,XKX,science,COMPUTED_PENDING_VALIDATION,
TIMSS,2023,ZAF,mathematics,COMPUTED_PENDING_VALIDATION,
TIMSS,2023,ZAF,science,COMPUTED_PENDING_VALIDATION,
PIRLS,2001,ARG,reading,COMPUTED_PENDING_VALIDATION,
PIRLS,2001,BGR,reading,COMPUTED_PENDING_VALIDATION,
PIRLS,2001,BLZ,reading,COMPUTED_PENDING_VALIDATION,
PIRLS,2001,CAN,reading,COMPUTED_PENDING_VALIDATION,
PIRLS,2001,COL,reading,COMPUTED_PENDING_VALIDATION,
PIRLS,2001,COT,reading,COMPUTED_PENDING_VALIDATION,
PIRLS,2001,CQU,reading,COMPUTED_PENDING_VALIDATION,
PIRLS,2001,CYP,reading,COMPUTED_PENDING_VALIDATION,
PIRLS,2001,CZE,reading,COMPUTED_PENDING_VALIDATION,
PIRLS,2001,DEU,reading,COMPUTED_PENDING_VALIDATION,
PIRLS,2001,ENG,reading,COMPUTED_PENDING_VALIDATION,
PIRLS,2001,FRA,reading,COMPUTED_PENDING_VALIDATION,
PIRLS,2001,GRC,reading,COMPUTED_PENDING_VALIDATION,
PIRLS,2001,HKG,reading,COMPUTED_PENDING_VALIDATION,
PIRLS,2001,HUN,reading,COMPUTED_PENDING_VALIDATION,
PIRLS,2001,IRN,reading,COMPUTED_PENDING_VALIDATION,
PIRLS,2001,ISL,reading,COMPUTED_PENDING_VALIDATION,
PIRLS,2001,ISR,reading,COMPUTED_PENDING_VALIDATION,
PIRLS,2001,ITA,reading,COMPUTED_PENDING_VALIDATION,
PIRLS,2001,KWT,reading,COMPUTED_PENDING_VALIDATION,
PIRLS,2001,LTU,reading,COMPUTED_PENDING_VALIDATION,
PIRLS,2001,LVA,reading,COMPUTED_PENDING_VALIDATION,
PIRLS,2001,MAR,reading,COMPUTED_PENDING_VALIDATION,
PIRLS,2001,MDA,reading,COMPUTED_PENDING_VALIDATION,
PIRLS,2001,MKD,reading,COMPUTED_PENDING_VALIDATION,
PIRLS,2001,NLD,reading,COMPUTED_PENDING_VALIDATION,
PIRLS,2001,NOR,reading,COMPUTED_PENDING_VALIDATION,
PIRLS,2001,NZL,reading,COMPUTED_PENDING_VALIDATION,
PIRLS,2001,ROM,reading,COMPUTED_PENDING_VALIDATION,
PIRLS,2001,RUS,reading,COMPUTED_PENDING_VALIDATION,
PIRLS,2001,SCO,reading,COMPUTED_PENDING_VALIDATION,
PIRLS,2001,SGP,reading,COMPUTED_PENDING_VALIDATION,
PIRLS,2001,SVK,reading,COMPUTED_PENDING_VALIDATION,
PIRLS,2001,SVN,reading,COMPUTED_PENDING_VALIDATION,
PIRLS,2001,SWE,reading,COMPUTED_PENDING_VALIDATION,
PIRLS,2001,TUR,reading,COMPUTED_PENDING_VALIDATION,
PIRLS,2001,USA,reading,COMPUTED_PENDING_VALIDATION,
PIRLS,2006,AUT,reading,COMPUTED_PENDING_VALIDATION,
PIRLS,2006,BFL,reading,COMPUTED_PENDING_VALIDATION,
PIRLS,2006,BFR,reading,COMPUTED_PENDING_VALIDATION,
PIRLS,2006,BGR,reading,COMPUTED_PENDING_VALIDATION,
PIRLS,2006,CAB,reading,COMPUTED_PENDING_VALIDATION,
PIRLS,2006,CBC,reading,COMPUTED_PENDING_VALIDATION,
PIRLS,2006,CNS,reading,COMPUTED_PENDING_VALIDATION,
PIRLS,2006,COT,reading,COMPUTED_PENDING_VALIDATION,
PIRLS,2006,CQU,reading,COMPUTED_PENDING_VALIDATION,
PIRLS,2006,DEU,reading,COMPUTED_PENDING_VALIDATION,
PIRLS,2006,DNK,reading,COMPUTED_PENDING_VALIDATION,
PIRLS,2006,ENG,reading,COMPUTED_PENDING_VALIDATION,
PIRLS,2006,ESP,reading,COMPUTED_PENDING_VALIDATION,
PIRLS,2006,FRA,reading,COMPUTED_PENDING_VALIDATION,
PIRLS,2006,GEO,reading,COMPUTED_PENDING_VALIDATION,
PIRLS,2006,HKG,reading,COMPUTED_PENDING_VALIDATION,
PIRLS,2006,HUN,reading,COMPUTED_PENDING_VALIDATION,
PIRLS,2006,IDN,reading,COMPUTED_PENDING_VALIDATION,
PIRLS,2006,IRN,reading,COMPUTED_PENDING_VALIDATION,
PIRLS,2006,ISL,reading,COMPUTED_PENDING_VALIDATION,
PIRLS,2006,ISR,reading,COMPUTED_PENDING_VALIDATION,
PIRLS,2006,ITA,reading,COMPUTED_PENDING_VALIDATION,
PIRLS,2006,KWT,reading,COMPUTED_PENDING_VALIDATION,
PIRLS,2006,LTU,reading,COMPUTED_PENDING_VALIDATION,
PIRLS,2006,LUX,reading,COMPUTED_PENDING_VALIDATION,
PIRLS,2006,LVA,reading,COMPUTED_PENDING_VALIDATION,
PIRLS,2006,MAR,reading,COMPUTED_PENDING_VALIDATION,
PIRLS,2006,MDA,reading,COMPUTED_PENDING_VALIDATION,
PIRLS,2006,MKD,reading,COMPUTED_PENDING_VALIDATION,
PIRLS,2006,NLD,reading,COMPUTED_PENDING_VALIDATION,
PIRLS,2006,NOR,reading,COMPUTED_PENDING_VALIDATION,
PIRLS,2006,NZL,reading,COMPUTED_PENDING_VALIDATION,
PIRLS,2006,POL,reading,COMPUTED_PENDING_VALIDATION,
PIRLS,2006,QAT,reading,COMPUTED_PENDING_VALIDATION,
PIRLS,2006,ROM,reading,COMPUTED_PENDING_VALIDATION,
PIRLS,2006,RUS,reading,COMPUTED_PENDING_VALIDATION,
PIRLS,2006,SCO,reading,COMPUTED_PENDING_VALIDATION,
PIRLS,2006,SGP,reading,COMPUTED_PENDING_VALIDATION,
PIRLS,2006,SVK,reading,COMPUTED_PENDING_VALIDATION,
PIRLS,2006,SVN,reading,COMPUTED_PENDING_VALIDATION,
PIRLS,2006,SWE,reading,COMPUTED_PENDING_VALIDATION,
PIRLS,2006,TTO,reading,COMPUTED_PENDING_VALIDATION,
PIRLS,2006,TWN,reading,COMPUTED_PENDING_VALIDATION,
PIRLS,2006,USA,reading,COMPUTED_PENDING_VALIDATION,
PIRLS,2006,ZAF,reading,COMPUTED_PENDING_VALIDATION,
PIRLS,2011,AAD,reading,COMPUTED_PENDING_VALIDATION,
PIRLS,2011,ADU,reading,COMPUTED_PENDING_VALIDATION,
PIRLS,2011,ARE,reading,COMPUTED_PENDING_VALIDATION,
PIRLS,2011,AUS,reading,COMPUTED_PENDING_VALIDATION,
PIRLS,2011,AUT,reading,COMPUTED_PENDING_VALIDATION,
PIRLS,2011,AZE,reading,COMPUTED_PENDING_VALIDATION,
PIRLS,2011,BFR,reading,COMPUTED_PENDING_VALIDATION,
PIRLS,2011,BGR,reading,COMPUTED_PENDING_VALIDATION,
PIRLS,2011,CAB,reading,COMPUTED_PENDING_VALIDATION,
PIRLS,2011,CAN,reading,COMPUTED_PENDING_VALIDATION,
PIRLS,2011,COL,reading,COMPUTED_PENDING_VALIDATION,
PIRLS,2011,COT,reading,COMPUTED_PENDING_VALIDATION,
PIRLS,2011,CQU,reading,COMPUTED_PENDING_VALIDATION,
PIRLS,2011,CZE,reading,COMPUTED_PENDING_VALIDATION,
PIRLS,2011,DEU,reading,COMPUTED_PENDING_VALIDATION,
PIRLS,2011,DNK,reading,COMPUTED_PENDING_VALIDATION,
PIRLS,2011,EAN,reading,COMPUTED_PENDING_VALIDATION,
PIRLS,2011,ENG,reading,COMPUTED_PENDING_VALIDATION,
PIRLS,2011,ESP,reading,COMPUTED_PENDING_VALIDATION,
PIRLS,2011,FIN,reading,COMPUTED_PENDING_VALIDATION,
PIRLS,2011,FRA,reading,COMPUTED_PENDING_VALIDATION,
PIRLS,2011,GEO,reading,COMPUTED_PENDING_VALIDATION,
PIRLS,2011,HKG,reading,COMPUTED_PENDING_VALIDATION,
PIRLS,2011,HRV,reading,COMPUTED_PENDING_VALIDATION,
PIRLS,2011,HUN,reading,COMPUTED_PENDING_VALIDATION,
PIRLS,2011,IDN,reading,COMPUTED_PENDING_VALIDATION,
PIRLS,2011,IRL,reading,COMPUTED_PENDING_VALIDATION,
PIRLS,2011,IRN,reading,COMPUTED_PENDING_VALIDATION,
PIRLS,2011,ISR,reading,COMPUTED_PENDING_VALIDATION,
PIRLS,2011,ITA,reading,COMPUTED_PENDING_VALIDATION,
PIRLS,2011,LTU,reading,COMPUTED_PENDING_VALIDATION,
PIRLS,2011,MAR,reading,COMPUTED_PENDING_VALIDATION,
PIRLS,2011,MLT,reading,COMPUTED_PENDING_VALIDATION,
PIRLS,2011,NIR,reading,COMPUTED_PENDING_VALIDATION,
PIRLS,2011,NLD,reading,COMPUTED_PENDING_VALIDATION,
PIRLS,2011,NOR,reading,COMPUTED_PENDING_VALIDATION,
PIRLS,2011,NZL,reading,COMPUTED_PENDING_VALIDATION,
PIRLS,2011,OMN,reading,COMPUTED_PENDING_VALIDATION,
PIRLS,2011,POL,reading,COMPUTED_PENDING_VALIDATION,
PIRLS,2011,PRT,reading,COMPUTED_PENDING_VALIDATION,
PIRLS,2011,QAT,reading,COMPUTED_PENDING_VALIDATION,
PIRLS,2011,ROM,reading,COMPUTED_PENDING_VALIDATION,
PIRLS,2011,RUS,reading,COMPUTED_PENDING_VALIDATION,
PIRLS,2011,SAU,reading,COMPUTED_PENDING_VALIDATION,
PIRLS,2011,SGP,reading,COMPUTED_PENDING_VALIDATION,
PIRLS,2011,SVK,reading,COMPUTED_PENDING_VALIDATION,
PIRLS,2011,SVN,reading,COMPUTED_PENDING_VALIDATION,
PIRLS,2011,SWE,reading,COMPUTED_PENDING_VALIDATION,
PIRLS,2011,TTO,reading,COMPUTED_PENDING_VALIDATION,
PIRLS,2011,TWN,reading,COMPUTED_PENDING_VALIDATION,
PIRLS,2011,USA,reading,COMPUTED_PENDING_VALIDATION,
PIRLS,2011,ZAF,reading,COMPUTED_PENDING_VALIDATION,
PIRLS,2016,AAD,reading,COMPUTED_PENDING_VALIDATION,
PIRLS,2016,ABA,reading,COMPUTED_PENDING_VALIDATION,
PIRLS,2016,ADU,reading,COMPUTED_PENDING_VALIDATION,
PIRLS,2016,ARE,reading,COMPUTED_PENDING_VALIDATION,
PIRLS,2016,AUS,reading,COMPUTED_PENDING_VALIDATION,
PIRLS,2016,AUT,reading,COMPUTED_PENDING_VALIDATION,
PIRLS,2016,AZE,reading,COMPUTED_PENDING_VALIDATION,
PIRLS,2016,BFL,reading,COMPUTED_PENDING_VALIDATION,
PIRLS,2016,BFR,reading,COMPUTED_PENDING_VALIDATION,
PIRLS,2016,BGR,reading,COMPUTED_PENDING_VALIDATION,
PIRLS,2016,BHR,reading,COMPUTED_PENDING_VALIDATION,
PIRLS,2016,CAN,reading,COMPUTED_PENDING_VALIDATION,
PIRLS,2016,CHL,reading,COMPUTED_PENDING_VALIDATION,
PIRLS,2016,COT,reading,COMPUTED_PENDING_VALIDATION,
PIRLS,2016,CQU,reading,COMPUTED_PENDING_VALIDATION,
PIRLS,2016,CZE,reading,COMPUTED_PENDING_VALIDATION,
PIRLS,2016,DEU,reading,COMPUTED_PENDING_VALIDATION,
PIRLS,2016,DNK,reading,COMPUTED_PENDING_VALIDATION,
PIRLS,2016,EAN,reading,COMPUTED_PENDING_VALIDATION,
PIRLS,2016,EMA,reading,COMPUTED_PENDING_VALIDATION,
PIRLS,2016,ENG,reading,COMPUTED_PENDING_VALIDATION,
PIRLS,2016,ESP,reading,COMPUTED_PENDING_VALIDATION,
PIRLS,2016,FIN,reading,COMPUTED_PENDING_VALIDATION,
PIRLS,2016,FRA,reading,COMPUTED_PENDING_VALIDATION,
PIRLS,2016,GEO,reading,COMPUTED_PENDING_VALIDATION,
PIRLS,2016,HKG,reading,COMPUTED_PENDING_VALIDATION,
PIRLS,2016,HUN,reading,COMPUTED_PENDING_VALIDATION,
PIRLS,2016,IRL,reading,COMPUTED_PENDING_VALIDATION,
PIRLS,2016,IRN,reading,COMPUTED_PENDING_VALIDATION,
PIRLS,2016,ISR,reading,COMPUTED_PENDING_VALIDATION,
PIRLS,2016,ITA,reading,COMPUTED_PENDING_VALIDATION,
PIRLS,2016,KAZ,reading,COMPUTED_PENDING_VALIDATION,
PIRLS,2016,LTU,reading,COMPUTED_PENDING_VALIDATION,
PIRLS,2016,LVA,reading,COMPUTED_PENDING_VALIDATION,
PIRLS,2016,MAC,reading,COMPUTED_PENDING_VALIDATION,
PIRLS,2016,MAR,reading,COMPUTED_PENDING_VALIDATION,
PIRLS,2016,MLT,reading,COMPUTED_PENDING_VALIDATION,
PIRLS,2016,NIR,reading,COMPUTED_PENDING_VALIDATION,
PIRLS,2016,NLD,reading,COMPUTED_PENDING_VALIDATION,
PIRLS,2016,NOR,reading,COMPUTED_PENDING_VALIDATION,
PIRLS,2016,NZL,reading,COMPUTED_PENDING_VALIDATION,
PIRLS,2016,OMN,reading,COMPUTED_PENDING_VALIDATION,
PIRLS,2016,POL,reading,COMPUTED_PENDING_VALIDATION,
PIRLS,2016,PRT,reading,COMPUTED_PENDING_VALIDATION,
PIRLS,2016,QAT,reading,COMPUTED_PENDING_VALIDATION,
PIRLS,2016,RMO,reading,COMPUTED_PENDING_VALIDATION,
PIRLS,2016,RUS,reading,COMPUTED_PENDING_VALIDATION,
PIRLS,2016,SAU,reading,COMPUTED_PENDING_VALIDATION,
PIRLS,2016,SGP,reading,COMPUTED_PENDING_VALIDATION,
PIRLS,2016,SVK,reading,COMPUTED_PENDING_VALIDATION,
PIRLS,2016,SVN,reading,COMPUTED_PENDING_VALIDATION,
PIRLS,2016,SWE,reading,COMPUTED_PENDING_VALIDATION,
PIRLS,2016,TTO,reading,COMPUTED_PENDING_VALIDATION,
PIRLS,2016,TWN,reading,COMPUTED_PENDING_VALIDATION,
PIRLS,2016,USA,reading,COMPUTED_PENDING_VALIDATION,
PIRLS,2021,AAD,reading,COMPUTED_PENDING_VALIDATION,
PIRLS,2021,ADU,reading,COMPUTED_PENDING_VALIDATION,
PIRLS,2021,ALB,reading,COMPUTED_PENDING_VALIDATION,
PIRLS,2021,ARE,reading,COMPUTED_PENDING_VALIDATION,
PIRLS,2021,AUS,reading,COMPUTED_PENDING_VALIDATION,
PIRLS,2021,AUT,reading,COMPUTED_PENDING_VALIDATION,
PIRLS,2021,AZE,reading,COMPUTED_PENDING_VALIDATION,
PIRLS,2021,BFL,reading,COMPUTED_PENDING_VALIDATION,
PIRLS,2021,BFR,reading,COMPUTED_PENDING_VALIDATION,
PIRLS,2021,BGR,reading,COMPUTED_PENDING_VALIDATION,
PIRLS,2021,BHR,reading,COMPUTED_PENDING_VALIDATION,
PIRLS,2021,BRA,reading,COMPUTED_PENDING_VALIDATION,
PIRLS,2021,CAB,reading,COMPUTED_PENDING_VALIDATION,
PIRLS,2021,CBC,reading,COMPUTED_PENDING_VALIDATION,
PIRLS,2021,CNL,reading,COMPUTED_PENDING_VALIDATION,
PIRLS,2021,CQU,reading,COMPUTED_PENDING_VALIDATION,
PIRLS,2021,CYP,reading,COMPUTED_PENDING_VALIDATION,
PIRLS,2021,CZE,reading,COMPUTED_PENDING_VALIDATION,
PIRLS,2021,DEU,reading,COMPUTED_PENDING_VALIDATION,
PIRLS,2021,DNK,reading,COMPUTED_PENDING_VALIDATION,
PIRLS,2021,EGY,reading,COMPUTED_PENDING_VALIDATION,
PIRLS,2021,ENG,reading,COMPUTED_PENDING_VALIDATION,
PIRLS,2021,ESP,reading,COMPUTED_PENDING_VALIDATION,
PIRLS,2021,FIN,reading,COMPUTED_PENDING_VALIDATION,
PIRLS,2021,FRA,reading,COMPUTED_PENDING_VALIDATION,
PIRLS,2021,GEO,reading,COMPUTED_PENDING_VALIDATION,
PIRLS,2021,HKG,reading,COMPUTED_PENDING_VALIDATION,
PIRLS,2021,HRV,reading,COMPUTED_PENDING_VALIDATION,
PIRLS,2021,HUN,reading,COMPUTED_PENDING_VALIDATION,
PIRLS,2021,IRL,reading,COMPUTED_PENDING_VALIDATION,
PIRLS,2021,IRN,reading,COMPUTED_PENDING_VALIDATION,
PIRLS,2021,ISR,reading,COMPUTED_PENDING_VALIDATION,
PIRLS,2021,ITA,reading,COMPUTED_PENDING_VALIDATION,
PIRLS,2021,JOR,reading,COMPUTED_PENDING_VALIDATION,
PIRLS,2021,KAZ,reading,COMPUTED_PENDING_VALIDATION,
PIRLS,2021,LTU,reading,COMPUTED_PENDING_VALIDATION,
PIRLS,2021,LVA,reading,COMPUTED_PENDING_VALIDATION,
PIRLS,2021,MAC,reading,COMPUTED_PENDING_VALIDATION,
PIRLS,2021,MAR,reading,COMPUTED_PENDING_VALIDATION,
PIRLS,2021,MKD,reading,COMPUTED_PENDING_VALIDATION,
PIRLS,2021,MLT,reading,COMPUTED_PENDING_VALIDATION,
PIRLS,2021,MNE,reading,COMPUTED_PENDING_VALIDATION,
PIRLS,2021,NIR,reading,COMPUTED_PENDING_VALIDATION,
PIRLS,2021,NLD,reading,COMPUTED_PENDING_VALIDATION,
PIRLS,2021,NOR,reading,COMPUTED_PENDING_VALIDATION,
PIRLS,2021,NZL,reading,COMPUTED_PENDING_VALIDATION,
PIRLS,2021,OMN,reading,COMPUTED_PENDING_VALIDATION,
PIRLS,2021,POL,reading,COMPUTED_PENDING_VALIDATION,
PIRLS,2021,PRT,reading,COMPUTED_PENDING_VALIDATION,
PIRLS,2021,QAT,reading,COMPUTED_PENDING_VALIDATION,
PIRLS,2021,RMO,reading,COMPUTED_PENDING_VALIDATION,
PIRLS,2021,RUS,reading,COMPUTED_PENDING_VALIDATION,
PIRLS,2021,SAU,reading,COMPUTED_PENDING_VALIDATION,
PIRLS,2021,SGP,reading,COMPUTED_PENDING_VALIDATION,
PIRLS,2021,SRB,reading,COMPUTED_PENDING_VALIDATION,
PIRLS,2021,SVK,reading,COMPUTED_PENDING_VALIDATION,
PIRLS,2021,SVN,reading,COMPUTED_PENDING_VALIDATION,
PIRLS,2021,SWE,reading,COMPUTED_PENDING_VALIDATION,
PIRLS,2021,TUR,reading,COMPUTED_PENDING_VALIDATION,
PIRLS,2021,TWN,reading,COMPUTED_PENDING_VALIDATION,
PIRLS,2021,USA,reading,COMPUTED_PENDING_VALIDATION,
PIRLS,2021,UZB,reading,COMPUTED_PENDING_VALIDATION,
PIRLS,2021,XKX,reading,COMPUTED_PENDING_VALIDATION,
PIRLS,2021,ZAF,reading,COMPUTED_PENDING_VALIDATION,
